{
  "voc_eval_res": {
    "precision": 26.4331,
    "recall": 2.9527,
    "f-score": 5.312
  },
  "KL_res": {
    "KL divergence": 3.4746947625911475,
    "Euclidean Dist.": 0.16202660140017514,
    "WER": 0.9642147117296223,
    "CER": 0.8102891750690493,
    "Cosine Dist.": 0.6070291983785794
  },
  "occ_eval_res": {
    "precision": 25.1012,
    "recall": 6.163,
    "f-score": 9.8962
  },
  "clean_eval": {
    "f-score": 2.080173347778982,
    "precision": 1.3175953884161407,
    "recall": 4.938271604938271,
    "tp": 48,
    "fp": 3595,
    "fn": 924
  },
  "jaccard": [
    0.746090841399851
  ],
  "braycurtis": [
    0.6248590466427473
  ],
  "dice": [
    0.5950118764845606
  ],
  "cosinus": [
    0.24180189207163438
  ]
}