{
  "voc_eval_res": {
    "precision": 43.6364,
    "recall": 3.3195,
    "f-score": 6.1697
  },
  "KL_res": {
    "KL divergence": 4.95649939720729,
    "Euclidean Dist.": 0.2636271852180505,
    "WER": 0.9552358113509193,
    "CER": 0.8220008078632018,
    "Cosine Dist.": 0.8241152898817414
  },
  "occ_eval_res": {
    "precision": 33.5106,
    "recall": 5.036,
    "f-score": 8.7561
  },
  "clean_eval": {
    "f-score": 6.425702811244981,
    "precision": 3.777148253068933,
    "recall": 21.50537634408602,
    "tp": 40,
    "fp": 1019,
    "fn": 146
  },
  "jaccard": [
    0.8266932270916335
  ],
  "braycurtis": [
    0.711873406966865
  ],
  "dice": [
    0.7045840407470289
  ],
  "cosinus": [
    0.3586295067384383
  ]
}