{
  "voc_eval_res": {
    "precision": 50.0,
    "recall": 13.9756,
    "f-score": 21.8452
  },
  "KL_res": {
    "KL divergence": 2.9583370429606775,
    "Euclidean Dist.": 0.15372893809041777,
    "WER": 0.9151857835218093,
    "CER": 0.7148869016307207,
    "Cosine Dist.": 0.41629089899486216
  },
  "occ_eval_res": {
    "precision": 42.3237,
    "recall": 24.7173,
    "f-score": 31.2086
  },
  "clean_eval": {
    "f-score": 9.668943772990016,
    "precision": 7.73109243697479,
    "recall": 12.903225806451612,
    "tp": 92,
    "fp": 1098,
    "fn": 621
  },
  "jaccard": [
    0.6580542264752791
  ],
  "braycurtis": [
    0.3758974993810349
  ],
  "dice": [
    0.4903731875445686
  ],
  "cosinus": [
    0.18792813838643552
  ]
}