{
  "voc_eval_res": {
    "precision": 48.6111,
    "recall": 15.861,
    "f-score": 23.918
  },
  "KL_res": {
    "KL divergence": 2.843981903221369,
    "Euclidean Dist.": 0.15629540773683628,
    "WER": 0.8874570446735395,
    "CER": 0.702101903818642,
    "Cosine Dist.": 0.3549827739190238
  },
  "occ_eval_res": {
    "precision": 45.3537,
    "recall": 28.0928,
    "f-score": 34.695
  },
  "clean_eval": {
    "f-score": 10.093252879868349,
    "precision": 8.288288288288289,
    "recall": 12.903225806451612,
    "tp": 92,
    "fp": 1018,
    "fn": 621
  },
  "jaccard": [
    0.6532445923460899
  ],
  "braycurtis": [
    0.35199028816050093
  ],
  "dice": [
    0.48505065480602916
  ],
  "cosinus": [
    0.16376032562545662
  ]
}