{
  "voc_eval_res": {
    "precision": 70.9974,
    "recall": 53.3531,
    "f-score": 60.9234
  },
  "KL_res": {
    "KL divergence": 0.77887826767656,
    "Euclidean Dist.": 0.06993304883791139,
    "WER": 0.6196120689655172,
    "CER": 0.4628654200684751,
    "Cosine Dist.": 0.08344692372476847
  },
  "occ_eval_res": {
    "precision": 65.1298,
    "recall": 66.2177,
    "f-score": 65.6692
  },
  "clean_eval": {
    "f-score": 45.15151515151515,
    "precision": 42.51069900142653,
    "recall": 48.1421647819063,
    "tp": 894,
    "fp": 1209,
    "fn": 963
  },
  "jaccard": [
    0.3758900073655782
  ],
  "braycurtis": [
    0.16338054244191427
  ],
  "dice": [
    0.23144368858654574
  ],
  "cosinus": [
    0.06134124878272984
  ]
}