{
  "voc_eval_res": {
    "precision": 76.1905,
    "recall": 51.6129,
    "f-score": 61.5385
  },
  "KL_res": {
    "KL divergence": 0.603110447307546,
    "Euclidean Dist.": 0.09997557745060844,
    "WER": 0.3415977961432507,
    "CER": 0.31981382978723405,
    "Cosine Dist.": 0.0057463002039825906
  },
  "occ_eval_res": {
    "precision": 88.3871,
    "recall": 75.4821,
    "f-score": 81.4264
  },
  "clean_eval": {
    "f-score": 38.3808095952024,
    "precision": 35.45706371191136,
    "recall": 41.830065359477125,
    "tp": 128,
    "fp": 233,
    "fn": 178
  },
  "jaccard": [
    0.3677536231884058
  ],
  "braycurtis": [
    0.13878939828080228
  ],
  "dice": [
    0.2253052164261931
  ],
  "cosinus": [
    0.016229986874877533
  ]
}