{
  "voc_eval_res": {
    "precision": 49.6855,
    "recall": 26.5993,
    "f-score": 34.6491
  },
  "KL_res": {
    "KL divergence": 1.4334829766402322,
    "Euclidean Dist.": 0.1835415171617037,
    "WER": 0.8364153627311522,
    "CER": 0.6140282890912614,
    "Cosine Dist.": 0.20606634527744339
  },
  "occ_eval_res": {
    "precision": 49.1049,
    "recall": 54.623,
    "f-score": 51.7172
  },
  "clean_eval": {
    "f-score": 13.021939136588816,
    "precision": 14.175654853620955,
    "recall": 12.041884816753926,
    "tp": 92,
    "fp": 557,
    "fn": 672
  },
  "jaccard": [
    0.554368029739777
  ],
  "braycurtis": [
    0.2735982966643009
  ],
  "dice": [
    0.38347798135647704
  ],
  "cosinus": [
    0.09222873251122177
  ]
}