{
  "voc_eval_res": {
    "precision": 67.0213,
    "recall": 25.3012,
    "f-score": 36.7347
  },
  "KL_res": {
    "KL divergence": 3.8278858234989412,
    "Euclidean Dist.": 0.2552022213220743,
    "WER": 0.7964601769911505,
    "CER": 0.6763521288837745,
    "Cosine Dist.": 0.46899885478014536
  },
  "occ_eval_res": {
    "precision": 69.1892,
    "recall": 22.6549,
    "f-score": 34.1333
  },
  "clean_eval": {
    "f-score": 22.36220472440945,
    "precision": 15.536105032822759,
    "recall": 39.8876404494382,
    "tp": 71,
    "fp": 386,
    "fn": 107
  },
  "jaccard": [
    0.5935275080906149
  ],
  "braycurtis": [
    0.512753036437247
  ],
  "dice": [
    0.4219972388403129
  ],
  "cosinus": [
    0.33856472919228764
  ]
}