{
  "voc_eval_res": {
    "precision": 29.6296,
    "recall": 2.6392,
    "f-score": 4.8466
  },
  "KL_res": {
    "KL divergence": 3.591088466094262,
    "Euclidean Dist.": 0.18692664853075514,
    "WER": 0.9627348321527563,
    "CER": 0.8236477689667416,
    "Cosine Dist.": 0.5321395950124005
  },
  "occ_eval_res": {
    "precision": 27.1845,
    "recall": 6.0363,
    "f-score": 9.879
  },
  "clean_eval": {
    "f-score": 0.4976499861763893,
    "precision": 0.30991735537190085,
    "recall": 1.262272089761571,
    "tp": 9,
    "fp": 2895,
    "fn": 704
  },
  "jaccard": [
    0.7803030303030303
  ],
  "braycurtis": [
    0.6558222388899306
  ],
  "dice": [
    0.639751552795031
  ],
  "cosinus": [
    0.26451168405126546
  ]
}