{
  "voc_eval_res": {
    "precision": 30.5825,
    "recall": 2.5767,
    "f-score": 4.7529
  },
  "KL_res": {
    "KL divergence": 3.522236387805777,
    "Euclidean Dist.": 0.17265703757719839,
    "WER": 0.9653233364573571,
    "CER": 0.8273255813953488,
    "Cosine Dist.": 0.5510073096162603
  },
  "occ_eval_res": {
    "precision": 26.1411,
    "recall": 5.9044,
    "f-score": 9.633
  },
  "clean_eval": {
    "f-score": 1.034858387799564,
    "precision": 0.6421088205474822,
    "recall": 2.664796633941094,
    "tp": 19,
    "fp": 2940,
    "fn": 694
  },
  "jaccard": [
    0.7834319526627219
  ],
  "braycurtis": [
    0.6623424644871044
  ],
  "dice": [
    0.6439688715953308
  ],
  "cosinus": [
    0.26393648002875114
  ]
}