{
  "voc_eval_res": {
    "precision": 11.465,
    "recall": 0.8847,
    "f-score": 1.6427
  },
  "KL_res": {
    "KL divergence": 3.4873575230715663,
    "Euclidean Dist.": 0.14633419052469415,
    "WER": 0.9903682719546743,
    "CER": 0.8499713352775493,
    "Cosine Dist.": 0.8791205055245719
  },
  "occ_eval_res": {
    "precision": 9.3117,
    "recall": 1.7375,
    "f-score": 2.9285
  },
  "clean_eval": {
    "f-score": 0.3538570417551309,
    "precision": 0.2136752136752137,
    "recall": 1.02880658436214,
    "tp": 10,
    "fp": 4670,
    "fn": 962
  },
  "jaccard": [
    0.7840685836756563
  ],
  "braycurtis": [
    0.7381981214371209
  ],
  "dice": [
    0.6448296122209166
  ],
  "cosinus": [
    0.28331410734447204
  ]
}