{
  "voc_eval_res": {
    "precision": 54.1667,
    "recall": 19.2878,
    "f-score": 28.4464
  },
  "KL_res": {
    "KL divergence": 3.4345427477307897,
    "Euclidean Dist.": 0.18767172684046982,
    "WER": 0.8153241650294696,
    "CER": 0.6972704714640199,
    "Cosine Dist.": 0.30399435582750545
  },
  "occ_eval_res": {
    "precision": 52.8037,
    "recall": 22.2004,
    "f-score": 31.2586
  },
  "clean_eval": {
    "f-score": 21.951219512195124,
    "precision": 16.035634743875278,
    "recall": 34.78260869565217,
    "tp": 72,
    "fp": 377,
    "fn": 135
  },
  "jaccard": [
    0.6567796610169492
  ],
  "braycurtis": [
    0.5000865501125151
  ],
  "dice": [
    0.4889589905362776
  ],
  "cosinus": [
    0.18527560875731597
  ]
}