{
  "voc_eval_res": {
    "precision": 35.7143,
    "recall": 28.8462,
    "f-score": 31.9149
  },
  "KL_res": {
    "KL divergence": 3.6432584548281133,
    "Euclidean Dist.": 0.19116619911267807,
    "WER": 0.8688524590163934,
    "CER": 0.6796338672768879,
    "Cosine Dist.": 0.4041554548657793
  },
  "occ_eval_res": {
    "precision": 35.7143,
    "recall": 32.7869,
    "f-score": 34.188
  },
  "clean_eval": {
    "f-score": 30.630630630630627,
    "precision": 29.310344827586203,
    "recall": 32.075471698113205,
    "tp": 17,
    "fp": 41,
    "fn": 36
  },
  "jaccard": [
    0.652530779753762
  ],
  "braycurtis": [
    0.4627791563275434
  ],
  "dice": [
    0.4842639593908629
  ],
  "cosinus": [
    0.24533121218226273
  ]
}