{
  "voc_eval_res": {
    "precision": 21.9512,
    "recall": 0.5597,
    "f-score": 1.0916
  },
  "KL_res": {
    "KL divergence": 4.597827748604649,
    "Euclidean Dist.": 0.3803769013673517,
    "WER": 0.9946367625548513,
    "CER": 0.9302557289936898,
    "Cosine Dist.": 0.9529623957317485
  },
  "occ_eval_res": {
    "precision": 10.2362,
    "recall": 0.6338,
    "f-score": 1.1938
  },
  "clean_eval": {
    "f-score": 0.7483629560336763,
    "precision": 0.39781203381402286,
    "recall": 6.299212598425196,
    "tp": 8,
    "fp": 2003,
    "fn": 119
  },
  "jaccard": [
    0.9018281993488605
  ],
  "braycurtis": [
    0.8825513646120822
  ],
  "dice": [
    0.8212086659064994
  ],
  "cosinus": [
    0.4676604857847805
  ]
}