{
  "voc_eval_res": {
    "precision": 52.0408,
    "recall": 10.559,
    "f-score": 17.5559
  },
  "KL_res": {
    "KL divergence": 4.099421272057807,
    "Euclidean Dist.": 0.45708710073398934,
    "WER": 0.8860230901498404,
    "CER": 0.6665948740038768,
    "Cosine Dist.": 0.8882701404841975
  },
  "occ_eval_res": {
    "precision": 53.5411,
    "recall": 13.9278,
    "f-score": 22.1053
  },
  "clean_eval": {
    "f-score": 4.930847865303668,
    "precision": 3.113924050632911,
    "recall": 11.838306063522618,
    "tp": 123,
    "fp": 3827,
    "fn": 916
  },
  "jaccard": [
    0.6983651226158039
  ],
  "braycurtis": [
    0.4603496056277979
  ],
  "dice": [
    0.5365292024283023
  ],
  "cosinus": [
    0.47944523271361084
  ]
}