{
  "voc_eval_res": {
    "precision": 70.9877,
    "recall": 30.7487,
    "f-score": 42.9104
  },
  "KL_res": {
    "KL divergence": 1.1976482753994966,
    "Euclidean Dist.": 0.11443871235423209,
    "WER": 0.49584199584199584,
    "CER": 0.3873184444791504,
    "Cosine Dist.": 0.06846773256432837
  },
  "occ_eval_res": {
    "precision": 79.7203,
    "recall": 59.2516,
    "f-score": 67.9785
  },
  "clean_eval": {
    "f-score": 32.47863247863248,
    "precision": 28.388473852721454,
    "recall": 37.94579172610557,
    "tp": 266,
    "fp": 671,
    "fn": 435
  },
  "jaccard": [
    0.5392874572962421
  ],
  "braycurtis": [
    0.19500087092840968
  ],
  "dice": [
    0.36919478783828935
  ],
  "cosinus": [
    0.044603804942973224
  ]
}