{
  "voc_eval_res": {
    "precision": 41.4414,
    "recall": 21.2963,
    "f-score": 28.1346
  },
  "KL_res": {
    "KL divergence": 1.999309112576365,
    "Euclidean Dist.": 0.12478624620869296,
    "WER": 0.6947976878612717,
    "CER": 0.5231820400195217,
    "Cosine Dist.": 0.06659592648674251
  },
  "occ_eval_res": {
    "precision": 54.6392,
    "recall": 42.8902,
    "f-score": 48.057
  },
  "clean_eval": {
    "f-score": 21.270903010033447,
    "precision": 19.296116504854368,
    "recall": 23.69597615499255,
    "tp": 159,
    "fp": 665,
    "fn": 512
  },
  "jaccard": [
    0.5665005749329245
  ],
  "braycurtis": [
    0.26082817705854355
  ],
  "dice": [
    0.3951871657754011
  ],
  "cosinus": [
    0.05667607948437514
  ]
}