{
  "voc_eval_res": {
    "precision": 76.2653,
    "recall": 55.2465,
    "f-score": 64.0762
  },
  "KL_res": {
    "KL divergence": 0.9027255916084286,
    "Euclidean Dist.": 0.041999759609145974,
    "WER": 0.4513677811550152,
    "CER": 0.33475036179450074,
    "Cosine Dist.": 0.061398599229735784
  },
  "occ_eval_res": {
    "precision": 74.9329,
    "recall": 63.6018,
    "f-score": 68.8039
  },
  "clean_eval": {
    "f-score": 63.19796954314722,
    "precision": 58.132295719844365,
    "recall": 69.23076923076923,
    "tp": 747,
    "fp": 538,
    "fn": 332
  },
  "jaccard": [
    0.3344471445929526
  ],
  "braycurtis": [
    0.11983471074380166
  ],
  "dice": [
    0.2008024803939449
  ],
  "cosinus": [
    0.01465598315659511
  ]
}