{
  "voc_eval_res": {
    "precision": 57.3248,
    "recall": 24.4898,
    "f-score": 34.3184
  },
  "KL_res": {
    "KL divergence": 2.1236553283523105,
    "Euclidean Dist.": 0.12907658238988834,
    "WER": 0.7825552825552825,
    "CER": 0.6230065571116328,
    "Cosine Dist.": 0.2505452031630272
  },
  "occ_eval_res": {
    "precision": 60.8696,
    "recall": 36.9779,
    "f-score": 46.0069
  },
  "clean_eval": {
    "f-score": 27.02050663449939,
    "precision": 22.192866578599734,
    "recall": 34.53237410071942,
    "tp": 336,
    "fp": 1178,
    "fn": 637
  },
  "jaccard": [
    0.6133938100320171
  ],
  "braycurtis": [
    0.2853283651606893
  ],
  "dice": [
    0.44237059842216664
  ],
  "cosinus": [
    0.07527933198893133
  ]
}