{
  "voc_eval_res": {
    "precision": 48.6726,
    "recall": 15.3203,
    "f-score": 23.3051
  },
  "KL_res": {
    "KL divergence": 3.115624134785744,
    "Euclidean Dist.": 0.19149634351163788,
    "WER": 0.8120300751879699,
    "CER": 0.6798728813559322,
    "Cosine Dist.": 0.3499392670930006
  },
  "occ_eval_res": {
    "precision": 43.1507,
    "recall": 23.6842,
    "f-score": 30.5825
  },
  "clean_eval": {
    "f-score": 9.242618741976893,
    "precision": 7.258064516129033,
    "recall": 12.7208480565371,
    "tp": 36,
    "fp": 460,
    "fn": 247
  },
  "jaccard": [
    0.6753246753246753
  ],
  "braycurtis": [
    0.44405643246263443
  ],
  "dice": [
    0.5098039215686274
  ],
  "cosinus": [
    0.161830419057717
  ]
}