{
  "voc_eval_res": {
    "precision": 52.5316,
    "recall": 30.4587,
    "f-score": 38.5598
  },
  "KL_res": {
    "KL divergence": 0.8800192417264446,
    "Euclidean Dist.": 0.0713349499422337,
    "WER": 0.621505376344086,
    "CER": 0.4811719906917707,
    "Cosine Dist.": 0.0221194598302612
  },
  "occ_eval_res": {
    "precision": 65.0828,
    "recall": 64.8029,
    "f-score": 64.9425
  },
  "clean_eval": {
    "f-score": 27.544048903272206,
    "precision": 26.97183098591549,
    "recall": 28.14107274063189,
    "tp": 383,
    "fp": 1037,
    "fn": 978
  },
  "jaccard": [
    0.5595730027548209
  ],
  "braycurtis": [
    0.20154512710758468
  ],
  "dice": [
    0.3884771694955773
  ],
  "cosinus": [
    0.030708034949275653
  ]
}