{
  "voc_eval_res": {
    "precision": 49.0909,
    "recall": 4.3619,
    "f-score": 8.0119
  },
  "KL_res": {
    "KL divergence": 4.977977830274693,
    "Euclidean Dist.": 0.25995240762466953,
    "WER": 0.9519408502772643,
    "CER": 0.8039551541575833,
    "Cosine Dist.": 0.8344541738266625
  },
  "occ_eval_res": {
    "precision": 30.8511,
    "recall": 5.3604,
    "f-score": 9.1339
  },
  "clean_eval": {
    "f-score": 8.043875685557587,
    "precision": 4.845814977973569,
    "recall": 23.655913978494624,
    "tp": 44,
    "fp": 864,
    "fn": 142
  },
  "jaccard": [
    0.8029263831732968
  ],
  "braycurtis": [
    0.6855338417540515
  ],
  "dice": [
    0.6707410236822001
  ],
  "cosinus": [
    0.36874723042105384
  ]
}