{
  "voc_eval_res": {
    "precision": 55.0,
    "recall": 61.1111,
    "f-score": 57.8947
  },
  "KL_res": {
    "KL divergence": 1.993497206122026,
    "Euclidean Dist.": 0.21360300751722214,
    "WER": 0.6842105263157895,
    "CER": 0.6470588235294118,
    "Cosine Dist.": 0.2516685226452121
  },
  "occ_eval_res": {
    "precision": 54.5455,
    "recall": 63.1579,
    "f-score": 58.5366
  },
  "clean_eval": {
    "f-score": 55.81395348837208,
    "precision": 57.14285714285714,
    "recall": 54.54545454545454,
    "tp": 12,
    "fp": 9,
    "fn": 10
  },
  "jaccard": [
    0.565068493150685
  ],
  "braycurtis": [
    0.3653250773993808
  ],
  "dice": [
    0.3937947494033413
  ],
  "cosinus": [
    0.22150732985261212
  ]
}