{
  "voc_eval_res": {
    "precision": 61.4679,
    "recall": 16.1836,
    "f-score": 25.6214
  },
  "KL_res": {
    "KL divergence": 2.306792437240045,
    "Euclidean Dist.": 0.16260046966041575,
    "WER": 0.7803187803187803,
    "CER": 0.6295466762228992,
    "Cosine Dist.": 0.12886438470687034
  },
  "occ_eval_res": {
    "precision": 59.944,
    "recall": 29.6604,
    "f-score": 39.6847
  },
  "clean_eval": {
    "f-score": 25.980911983032872,
    "precision": 20.780322307039864,
    "recall": 34.65346534653465,
    "tp": 245,
    "fp": 934,
    "fn": 462
  },
  "jaccard": [
    0.704833984375
  ],
  "braycurtis": [
    0.3448275862068966
  ],
  "dice": [
    0.5442035815268614
  ],
  "cosinus": [
    0.07035636527359179
  ]
}