{
  "voc_eval_res": {
    "precision": 41.1765,
    "recall": 14.8936,
    "f-score": 21.875
  },
  "KL_res": {
    "KL divergence": 6.060160782833208,
    "Euclidean Dist.": 0.33214517592162984,
    "WER": 0.958904109589041,
    "CER": 0.7768115942028986,
    "Cosine Dist.": 0.7048593319495223
  },
  "occ_eval_res": {
    "precision": 47.3684,
    "recall": 12.3288,
    "f-score": 19.5652
  },
  "clean_eval": {
    "f-score": 16.666666666666668,
    "precision": 10.76923076923077,
    "recall": 36.84210526315789,
    "tp": 7,
    "fp": 58,
    "fn": 12
  },
  "jaccard": [
    0.75
  ],
  "braycurtis": [
    0.5885826771653543
  ],
  "dice": [
    0.6
  ],
  "cosinus": [
    0.3940910585663866
  ]
}