{
  "voc_eval_res": {
    "precision": 46.6981,
    "recall": 31.6294,
    "f-score": 37.7143
  },
  "KL_res": {
    "KL divergence": 0.9049275443539471,
    "Euclidean Dist.": 0.12972569140219045,
    "WER": 0.7558528428093646,
    "CER": 0.5274787535410765,
    "Cosine Dist.": 0.1036843462680308
  },
  "occ_eval_res": {
    "precision": 55.5556,
    "recall": 68.5619,
    "f-score": 61.3772
  },
  "clean_eval": {
    "f-score": 18.530020703933747,
    "precision": 19.67032967032967,
    "recall": 17.5146771037182,
    "tp": 179,
    "fp": 731,
    "fn": 843
  },
  "jaccard": [
    0.5264797507788161
  ],
  "braycurtis": [
    0.20907467425094253
  ],
  "dice": [
    0.3572938689217759
  ],
  "cosinus": [
    0.03654398818252691
  ]
}