{
  "voc_eval_res": {
    "precision": 53.4591,
    "recall": 32.4427,
    "f-score": 40.38
  },
  "KL_res": {
    "KL divergence": 1.244123822172362,
    "Euclidean Dist.": 0.1850029484109501,
    "WER": 0.7853025936599424,
    "CER": 0.5666912306558585,
    "Cosine Dist.": 0.2057544060792682
  },
  "occ_eval_res": {
    "precision": 52.8133,
    "recall": 59.5101,
    "f-score": 55.9621
  },
  "clean_eval": {
    "f-score": 15.041782729805014,
    "precision": 16.071428571428573,
    "recall": 14.136125654450263,
    "tp": 108,
    "fp": 564,
    "fn": 656
  },
  "jaccard": [
    0.47442110931610126
  ],
  "braycurtis": [
    0.2365460095944178
  ],
  "dice": [
    0.3109777620896576
  ],
  "cosinus": [
    0.08187197578275474
  ]
}