{
  "voc_eval_res": {
    "precision": 57.7181,
    "recall": 29.3515,
    "f-score": 38.914
  },
  "KL_res": {
    "KL divergence": 1.3699659350143691,
    "Euclidean Dist.": 0.15105595635809352,
    "WER": 0.6938031591737546,
    "CER": 0.5004601226993866,
    "Cosine Dist.": 0.11262031067634337
  },
  "occ_eval_res": {
    "precision": 58.5455,
    "recall": 58.6877,
    "f-score": 58.6165
  },
  "clean_eval": {
    "f-score": 20.97087378640777,
    "precision": 21.51394422310757,
    "recall": 20.454545454545457,
    "tp": 162,
    "fp": 591,
    "fn": 630
  },
  "jaccard": [
    0.5133906013137949
  ],
  "braycurtis": [
    0.2294209702660407
  ],
  "dice": [
    0.345343303874915
  ],
  "cosinus": [
    0.05800049023670206
  ]
}