{
  "voc_eval_res": {
    "precision": 76.0638,
    "recall": 47.6667,
    "f-score": 58.6066
  },
  "KL_res": {
    "KL divergence": 0.8492088611984354,
    "Euclidean Dist.": 0.07036668055732985,
    "WER": 0.44089012517385257,
    "CER": 0.3427930094596761,
    "Cosine Dist.": 0.0318693954145951
  },
  "occ_eval_res": {
    "precision": 81.6781,
    "recall": 66.3421,
    "f-score": 73.2157
  },
  "clean_eval": {
    "f-score": 48.90965732087228,
    "precision": 44.35028248587571,
    "recall": 54.513888888888886,
    "tp": 314,
    "fp": 394,
    "fn": 262
  },
  "jaccard": [
    0.378941742383752
  ],
  "braycurtis": [
    0.14306321595248198
  ],
  "dice": [
    0.23376195186284207
  ],
  "cosinus": [
    0.020115612694429408
  ]
}