{
  "voc_eval_res": {
    "precision": 50.7937,
    "recall": 28.0702,
    "f-score": 36.1582
  },
  "KL_res": {
    "KL divergence": 1.4651157029541424,
    "Euclidean Dist.": 0.10324964071613661,
    "WER": 0.6774580335731415,
    "CER": 0.5160208018788793,
    "Cosine Dist.": 0.09504995377647874
  },
  "occ_eval_res": {
    "precision": 65.1865,
    "recall": 44.0048,
    "f-score": 52.5412
  },
  "clean_eval": {
    "f-score": 17.62962962962963,
    "precision": 14.709517923362176,
    "recall": 21.996303142329023,
    "tp": 119,
    "fp": 690,
    "fn": 422
  },
  "jaccard": [
    0.5574010747435271
  ],
  "braycurtis": [
    0.2811707317073171
  ],
  "dice": [
    0.38638672536403657
  ],
  "cosinus": [
    0.0398294971038502
  ]
}