{
  "voc_eval_res": {
    "precision": 74.4186,
    "recall": 24.8062,
    "f-score": 37.2093
  },
  "KL_res": {
    "KL divergence": 2.562189400878599,
    "Euclidean Dist.": 0.25798471266042655,
    "WER": 0.7019230769230769,
    "CER": 0.5179856115107914,
    "Cosine Dist.": 0.18916797752952197
  },
  "occ_eval_res": {
    "precision": 69.5238,
    "recall": 35.0962,
    "f-score": 46.6454
  },
  "clean_eval": {
    "f-score": 39.08794788273616,
    "precision": 29.55665024630542,
    "recall": 57.692307692307686,
    "tp": 60,
    "fp": 143,
    "fn": 44
  },
  "jaccard": [
    0.5751503006012024
  ],
  "braycurtis": [
    0.3294375456537619
  ],
  "dice": [
    0.40365682137834036
  ],
  "cosinus": [
    0.13040879122850213
  ]
}