{
  "voc_eval_res": {
    "precision": 65.0485,
    "recall": 24.4973,
    "f-score": 35.591
  },
  "KL_res": {
    "KL divergence": 1.8843539530025009,
    "Euclidean Dist.": 0.1238446545005825,
    "WER": 0.7277441659464131,
    "CER": 0.5668381932532875,
    "Cosine Dist.": 0.1482177674620737
  },
  "occ_eval_res": {
    "precision": 63.8122,
    "recall": 39.9309,
    "f-score": 49.1228
  },
  "clean_eval": {
    "f-score": 26.381059751972945,
    "precision": 22.07547169811321,
    "recall": 32.773109243697476,
    "tp": 234,
    "fp": 826,
    "fn": 480
  },
  "jaccard": [
    0.6079525636553889
  ],
  "braycurtis": [
    0.25877306992461657
  ],
  "dice": [
    0.4367326484590328
  ],
  "cosinus": [
    0.05246148088379876
  ]
}