{
  "voc_eval_res": {
    "precision": 51.1628,
    "recall": 34.7826,
    "f-score": 41.4118
  },
  "KL_res": {
    "KL divergence": 2.460212740948676,
    "Euclidean Dist.": 0.10392852610398096,
    "WER": 0.7586649550706034,
    "CER": 0.5624513618677043,
    "Cosine Dist.": 0.5033677886028255
  },
  "occ_eval_res": {
    "precision": 51.8738,
    "recall": 33.7612,
    "f-score": 40.902
  },
  "clean_eval": {
    "f-score": 31.7998385794996,
    "precision": 26.37215528781794,
    "recall": 40.040650406504064,
    "tp": 197,
    "fp": 550,
    "fn": 295
  },
  "jaccard": [
    0.5238623751387348
  ],
  "braycurtis": [
    0.3002596840510712
  ],
  "dice": [
    0.3548872180451128
  ],
  "cosinus": [
    0.1001440143177238
  ]
}