{
  "voc_eval_res": {
    "precision": 55.9524,
    "recall": 14.8734,
    "f-score": 23.5
  },
  "KL_res": {
    "KL divergence": 3.1691569643520503,
    "Euclidean Dist.": 0.3436805160559032,
    "WER": 0.7751196172248804,
    "CER": 0.6570397111913358,
    "Cosine Dist.": 0.32932866271571326
  },
  "occ_eval_res": {
    "precision": 58.4475,
    "recall": 30.622,
    "f-score": 40.1884
  },
  "clean_eval": {
    "f-score": 10.134600158353129,
    "precision": 7.74818401937046,
    "recall": 14.645308924485127,
    "tp": 64,
    "fp": 762,
    "fn": 373
  },
  "jaccard": [
    0.639933628318584
  ],
  "braycurtis": [
    0.47819148936170214
  ],
  "dice": [
    0.47051647010980074
  ],
  "cosinus": [
    0.4197795956609427
  ]
}