{
  "voc_eval_res": {
    "precision": 50.0,
    "recall": 63.6364,
    "f-score": 56.0
  },
  "KL_res": {
    "KL divergence": 1.5984698749823671,
    "Euclidean Dist.": 0.2552072487135081,
    "WER": 0.8571428571428571,
    "CER": 0.6868686868686869,
    "Cosine Dist.": 0.17427717615522953
  },
  "occ_eval_res": {
    "precision": 56.25,
    "recall": 64.2857,
    "f-score": 60.0
  },
  "clean_eval": {
    "f-score": 51.85185185185186,
    "precision": 50.0,
    "recall": 53.84615384615385,
    "tp": 7,
    "fp": 7,
    "fn": 6
  },
  "jaccard": [
    0.547486033519553
  ],
  "braycurtis": [
    0.2985781990521327
  ],
  "dice": [
    0.3769230769230769
  ],
  "cosinus": [
    0.12941400118699042
  ]
}