{
  "voc_eval_res": {
    "precision": 30.8642,
    "recall": 71.4286,
    "f-score": 43.1034
  },
  "KL_res": {
    "KL divergence": 0.9279668736873918,
    "Euclidean Dist.": 0.10622810625965279,
    "WER": 2.341880341880342,
    "CER": 2.2120343839541547,
    "Cosine Dist.": 0.06927773599170894
  },
  "occ_eval_res": {
    "precision": 26.7409,
    "recall": 82.0513,
    "f-score": 40.3361
  },
  "clean_eval": {
    "f-score": 19.17211328976035,
    "precision": 39.285714285714285,
    "recall": 12.680115273775217,
    "tp": 44,
    "fp": 68,
    "fn": 303
  },
  "jaccard": [
    0.5409836065573771
  ],
  "braycurtis": [
    0.5394336531710742
  ],
  "dice": [
    0.3707865168539326
  ],
  "cosinus": [
    0.04742614136901446
  ]
}