{
  "voc_eval_res": {
    "precision": 28.3465,
    "recall": 72.0,
    "f-score": 40.678
  },
  "KL_res": {
    "KL divergence": 0.6901044214075079,
    "Euclidean Dist.": 0.10713167454688548,
    "WER": 2.3076923076923075,
    "CER": 2.021276595744681,
    "Cosine Dist.": 0.03493875091058829
  },
  "occ_eval_res": {
    "precision": 27.4457,
    "recall": 86.3248,
    "f-score": 41.6495
  },
  "clean_eval": {
    "f-score": 18.448637316561843,
    "precision": 37.60683760683761,
    "recall": 12.222222222222221,
    "tp": 44,
    "fp": 73,
    "fn": 316
  },
  "jaccard": [
    0.5503062117235346
  ],
  "braycurtis": [
    0.5254054054054054
  ],
  "dice": [
    0.3796016898008449
  ],
  "cosinus": [
    0.026863854478149762
  ]
}