{
  "voc_eval_res": {
    "precision": 29.2308,
    "recall": 44.7059,
    "f-score": 35.3488
  },
  "KL_res": {
    "KL divergence": 1.3563666186047554,
    "Euclidean Dist.": 0.11733951475418467,
    "WER": 1.656441717791411,
    "CER": 1.5594989561586639,
    "Cosine Dist.": 0.05271059362493524
  },
  "occ_eval_res": {
    "precision": 29.1444,
    "recall": 66.8712,
    "f-score": 40.5959
  },
  "clean_eval": {
    "f-score": 16.698292220113853,
    "precision": 27.32919254658385,
    "recall": 12.021857923497267,
    "tp": 44,
    "fp": 117,
    "fn": 322
  },
  "jaccard": [
    0.5726364335126826
  ],
  "braycurtis": [
    0.4804932282191227
  ],
  "dice": [
    0.40118470651588584
  ],
  "cosinus": [
    0.035445281888507374
  ]
}