{
  "voc_eval_res": {
    "precision": 36.5696,
    "recall": 27.8325,
    "f-score": 31.6084
  },
  "KL_res": {
    "KL divergence": 1.6504824746392877,
    "Euclidean Dist.": 0.0591026942927194,
    "WER": 0.6884272997032641,
    "CER": 0.5191644308164047,
    "Cosine Dist.": 0.09046911593955609
  },
  "occ_eval_res": {
    "precision": 55.2448,
    "recall": 46.8843,
    "f-score": 50.7223
  },
  "clean_eval": {
    "f-score": 26.28951747088186,
    "precision": 24.196018376722815,
    "recall": 28.77959927140255,
    "tp": 158,
    "fp": 495,
    "fn": 391
  },
  "jaccard": [
    0.5907808090310442
  ],
  "braycurtis": [
    0.2545694557270512
  ],
  "dice": [
    0.4192256341789052
  ],
  "cosinus": [
    0.0498558146295317
  ]
}