{
  "voc_eval_res": {
    "precision": 65.2632,
    "recall": 23.5741,
    "f-score": 34.6369
  },
  "KL_res": {
    "KL divergence": 3.3163231128389623,
    "Euclidean Dist.": 0.2235379830340579,
    "WER": 0.785171102661597,
    "CER": 0.6670513560300058,
    "Cosine Dist.": 0.38228431525998496
  },
  "occ_eval_res": {
    "precision": 65.9794,
    "recall": 24.3346,
    "f-score": 35.5556
  },
  "clean_eval": {
    "f-score": 34.504792332268366,
    "precision": 24.489795918367346,
    "recall": 58.37837837837838,
    "tp": 108,
    "fp": 333,
    "fn": 77
  },
  "jaccard": [
    0.6035353535353535
  ],
  "braycurtis": [
    0.49595305544314044
  ],
  "dice": [
    0.4321880650994575
  ],
  "cosinus": [
    0.2756197588588343
  ]
}