{
  "voc_eval_res": {
    "precision": 7.4468,
    "recall": 0.2066,
    "f-score": 0.4021
  },
  "KL_res": {
    "KL divergence": 4.026782882134523,
    "Euclidean Dist.": 0.28817366736267735,
    "WER": 0.9931911030413073,
    "CER": 0.9589053832088511,
    "Cosine Dist.": 0.9013265005709761
  },
  "occ_eval_res": {
    "precision": 17.8378,
    "recall": 0.749,
    "f-score": 1.4376
  },
  "clean_eval": {
    "f-score": 0.9584664536741214,
    "precision": 0.49952426260704097,
    "recall": 11.797752808988763,
    "tp": 21,
    "fp": 4183,
    "fn": 157
  },
  "jaccard": [
    0.8840258168616377
  ],
  "braycurtis": [
    0.9280845161861481
  ],
  "dice": [
    0.7921561539851798
  ],
  "cosinus": [
    0.3163407661374317
  ]
}