{
  "voc_eval_res": {
    "precision": 11.9423,
    "recall": 0.9721,
    "f-score": 1.7979
  },
  "KL_res": {
    "KL divergence": 2.749008170052818,
    "Euclidean Dist.": 0.14503648533371413,
    "WER": 0.9894377382465057,
    "CER": 0.8783552598669401,
    "Cosine Dist.": 0.8672264053113574
  },
  "occ_eval_res": {
    "precision": 11.6057,
    "recall": 1.7392,
    "f-score": 3.0251
  },
  "clean_eval": {
    "f-score": 0.18195602729340407,
    "precision": 0.10588546721962411,
    "recall": 0.6462035541195477,
    "tp": 12,
    "fp": 11321,
    "fn": 1845
  },
  "jaccard": [
    0.7599315487104266
  ],
  "braycurtis": [
    0.7770905238697331
  ],
  "dice": [
    0.6128141941843273
  ],
  "cosinus": [
    0.22988839964352614
  ]
}