{
  "voc_eval_res": {
    "precision": 70.6294,
    "recall": 38.8462,
    "f-score": 50.1241
  },
  "KL_res": {
    "KL divergence": 2.9632617713420535,
    "Euclidean Dist.": 0.2559895522493644,
    "WER": 0.6591760299625468,
    "CER": 0.4820717131474104,
    "Cosine Dist.": 0.6569061964819481
  },
  "occ_eval_res": {
    "precision": 71.5302,
    "recall": 37.6404,
    "f-score": 49.3252
  },
  "clean_eval": {
    "f-score": 32.58706467661692,
    "precision": 24.670433145009415,
    "recall": 47.985347985347985,
    "tp": 131,
    "fp": 400,
    "fn": 142
  },
  "jaccard": [
    0.42720191731575796
  ],
  "braycurtis": [
    0.2766295707472178
  ],
  "dice": [
    0.2716190476190476
  ],
  "cosinus": [
    0.2517333476530932
  ]
}