{
  "voc_eval_res": {
    "precision": 30.6122,
    "recall": 1.3501,
    "f-score": 2.5862
  },
  "KL_res": {
    "KL divergence": 4.060577508893881,
    "Euclidean Dist.": 0.27256289713969356,
    "WER": 0.9773765499238634,
    "CER": 0.8644901436814996,
    "Cosine Dist.": 0.9391329509004771
  },
  "occ_eval_res": {
    "precision": 25.4013,
    "recall": 2.9258,
    "f-score": 5.2472
  },
  "clean_eval": {
    "f-score": 0.16192693047262424,
    "precision": 0.09047726758651889,
    "recall": 0.769971126082772,
    "tp": 8,
    "fp": 8834,
    "fn": 1031
  },
  "jaccard": [
    0.8335602965652897
  ],
  "braycurtis": [
    0.7519679895476074
  ],
  "dice": [
    0.7146192761707095
  ],
  "cosinus": [
    0.36256991328419674
  ]
}