{
  "voc_eval_res": {
    "precision": 30.3426,
    "recall": 3.7237,
    "f-score": 6.6334
  },
  "KL_res": {
    "KL divergence": 3.0288715354125655,
    "Euclidean Dist.": 0.11586262040727877,
    "WER": 0.953945699061152,
    "CER": 0.7985854045478583,
    "Cosine Dist.": 0.8244292933692563
  },
  "occ_eval_res": {
    "precision": 22.2003,
    "recall": 5.7092,
    "f-score": 9.0827
  },
  "clean_eval": {
    "f-score": 3.088121760229403,
    "precision": 1.9835647492207427,
    "recall": 6.968641114982578,
    "tp": 140,
    "fp": 6918,
    "fn": 1869
  },
  "jaccard": [
    0.7132374962563642
  ],
  "braycurtis": [
    0.6512992670801087
  ],
  "dice": [
    0.5542883742581171
  ],
  "cosinus": [
    0.2662722023048638
  ]
}