{
  "voc_eval_res": {
    "precision": 50.9615,
    "recall": 14.8459,
    "f-score": 22.9935
  },
  "KL_res": {
    "KL divergence": 4.184714765404967,
    "Euclidean Dist.": 0.2553244849646461,
    "WER": 0.8743545611015491,
    "CER": 0.7543181818181818,
    "Cosine Dist.": 0.5597335338651535
  },
  "occ_eval_res": {
    "precision": 47.027,
    "recall": 14.9742,
    "f-score": 22.7154
  },
  "clean_eval": {
    "f-score": 21.75226586102719,
    "precision": 14.937759336099585,
    "recall": 40.0,
    "tp": 72,
    "fp": 410,
    "fn": 108
  },
  "jaccard": [
    0.686030428769018
  ],
  "braycurtis": [
    0.585974376264329
  ],
  "dice": [
    0.5221052631578947
  ],
  "cosinus": [
    0.30073243098082214
  ]
}