{
  "voc_eval_res": {
    "precision": 78.5714,
    "recall": 39.1111,
    "f-score": 52.2255
  },
  "KL_res": {
    "KL divergence": 0.7603576774636901,
    "Euclidean Dist.": 0.07137142397089163,
    "WER": 0.6083262531860663,
    "CER": 0.544841075794621,
    "Cosine Dist.": 0.030524127281232993
  },
  "occ_eval_res": {
    "precision": 89.3142,
    "recall": 47.5786,
    "f-score": 62.0843
  },
  "clean_eval": {
    "f-score": 35.38111490329921,
    "precision": 27.161572052401745,
    "recall": 50.73409461663948,
    "tp": 311,
    "fp": 834,
    "fn": 302
  },
  "jaccard": [
    0.41188118811881186
  ],
  "braycurtis": [
    0.3132118451025057
  ],
  "dice": [
    0.2593516209476309
  ],
  "cosinus": [
    0.02333417368209345
  ]
}