{
  "voc_eval_res": {
    "precision": 69.7318,
    "recall": 45.7286,
    "f-score": 55.2352
  },
  "KL_res": {
    "KL divergence": 0.41862985471714587,
    "Euclidean Dist.": 0.04603194955509741,
    "WER": 0.5520144317498497,
    "CER": 0.49839593637214274,
    "Cosine Dist.": 0.0058033902425029815
  },
  "occ_eval_res": {
    "precision": 87.9722,
    "recall": 53.2171,
    "f-score": 66.317
  },
  "clean_eval": {
    "f-score": 29.57585021016431,
    "precision": 23.698714023270053,
    "recall": 39.329268292682926,
    "tp": 387,
    "fp": 1246,
    "fn": 597
  },
  "jaccard": [
    0.3771289537712895
  ],
  "braycurtis": [
    0.2683007481502914
  ],
  "dice": [
    0.23238380809595202
  ],
  "cosinus": [
    0.007009863409256245
  ]
}