{
  "voc_eval_res": {
    "precision": 27.1739,
    "recall": 14.3678,
    "f-score": 18.797
  },
  "KL_res": {
    "KL divergence": 4.033068583556875,
    "Euclidean Dist.": 0.19384773431802946,
    "WER": 0.9135802469135802,
    "CER": 0.7115384615384616,
    "Cosine Dist.": 0.49795263633275566
  },
  "occ_eval_res": {
    "precision": 27.972,
    "recall": 16.4609,
    "f-score": 20.7254
  },
  "clean_eval": {
    "f-score": 19.178082191780824,
    "precision": 15.217391304347828,
    "recall": 25.925925925925924,
    "tp": 35,
    "fp": 195,
    "fn": 100
  },
  "jaccard": [
    0.5922882427307206
  ],
  "braycurtis": [
    0.42819148936170215
  ],
  "dice": [
    0.42074539739559946
  ],
  "cosinus": [
    0.1986363217748378
  ]
}