{
  "voc_eval_res": {
    "precision": 48.4553,
    "recall": 16.8172,
    "f-score": 24.9686
  },
  "KL_res": {
    "KL divergence": 2.960174132263971,
    "Euclidean Dist.": 0.1507800358452754,
    "WER": 0.9130724766562917,
    "CER": 0.7369590519521744,
    "Cosine Dist.": 0.6825364091603767
  },
  "occ_eval_res": {
    "precision": 52.8893,
    "recall": 12.0053,
    "f-score": 19.5688
  },
  "clean_eval": {
    "f-score": 15.50265591186307,
    "precision": 9.640322975287496,
    "recall": 39.558232931726906,
    "tp": 394,
    "fp": 3693,
    "fn": 602
  },
  "jaccard": [
    0.7138018628281118
  ],
  "braycurtis": [
    0.5073625481125746
  ],
  "dice": [
    0.554970375246873
  ],
  "cosinus": [
    0.27870718538050665
  ]
}