{
  "voc_eval_res": {
    "precision": 60.5634,
    "recall": 22.7513,
    "f-score": 33.0769
  },
  "KL_res": {
    "KL divergence": 2.997722259834031,
    "Euclidean Dist.": 0.2140702412212246,
    "WER": 0.7212543554006968,
    "CER": 0.5708052360174534,
    "Cosine Dist.": 0.26899582955721035
  },
  "occ_eval_res": {
    "precision": 63.0573,
    "recall": 34.4948,
    "f-score": 44.5946
  },
  "clean_eval": {
    "f-score": 36.15560640732265,
    "precision": 28.11387900355872,
    "recall": 50.641025641025635,
    "tp": 79,
    "fp": 202,
    "fn": 77
  },
  "jaccard": [
    0.6431347150259067
  ],
  "braycurtis": [
    0.34409391049156274
  ],
  "dice": [
    0.4739856801909308
  ],
  "cosinus": [
    0.07656960390697465
  ]
}