{
  "voc_eval_res": {
    "precision": 47.3214,
    "recall": 18.2759,
    "f-score": 26.3682
  },
  "KL_res": {
    "KL divergence": 3.0598884073768624,
    "Euclidean Dist.": 0.2194367684879585,
    "WER": 0.7922705314009661,
    "CER": 0.5665283540802213,
    "Cosine Dist.": 0.21342951345554106
  },
  "occ_eval_res": {
    "precision": 55.1084,
    "recall": 28.6634,
    "f-score": 37.7119
  },
  "clean_eval": {
    "f-score": 6.70611439842209,
    "precision": 4.892086330935252,
    "recall": 10.658307210031348,
    "tp": 34,
    "fp": 661,
    "fn": 285
  },
  "jaccard": [
    0.6710382513661202
  ],
  "braycurtis": [
    0.3796225257020101
  ],
  "dice": [
    0.5049342105263158
  ],
  "cosinus": [
    0.17650338125925258
  ]
}