{
  "voc_eval_res": {
    "precision": 56.8627,
    "recall": 17.4699,
    "f-score": 26.7281
  },
  "KL_res": {
    "KL divergence": 4.06971385274118,
    "Euclidean Dist.": 0.32059648295940457,
    "WER": 0.839344262295082,
    "CER": 0.5896708286038592,
    "Cosine Dist.": 0.4886669478909983
  },
  "occ_eval_res": {
    "precision": 53.719,
    "recall": 21.3115,
    "f-score": 30.5164
  },
  "clean_eval": {
    "f-score": 27.536231884057973,
    "precision": 19.453924914675767,
    "recall": 47.107438016528924,
    "tp": 57,
    "fp": 236,
    "fn": 64
  },
  "jaccard": [
    0.6704055220017257
  ],
  "braycurtis": [
    0.4086490110626886
  ],
  "dice": [
    0.5042180402336145
  ],
  "cosinus": [
    0.22083442920122942
  ]
}