{
  "voc_eval_res": {
    "precision": 53.3333,
    "recall": 31.7117,
    "f-score": 39.774
  },
  "KL_res": {
    "KL divergence": 1.8931235089552676,
    "Euclidean Dist.": 0.11831378978465332,
    "WER": 0.7398485891259463,
    "CER": 0.5435104806267204,
    "Cosine Dist.": 0.2687959263979255
  },
  "occ_eval_res": {
    "precision": 62.0359,
    "recall": 35.6504,
    "f-score": 45.2797
  },
  "clean_eval": {
    "f-score": 21.764442454097626,
    "precision": 17.209631728045327,
    "recall": 29.598051157125454,
    "tp": 243,
    "fp": 1169,
    "fn": 578
  },
  "jaccard": [
    0.5216197666437886
  ],
  "braycurtis": [
    0.2668604306305238
  ],
  "dice": [
    0.3528319405756732
  ],
  "cosinus": [
    0.07272318985629733
  ]
}