{
  "voc_eval_res": {
    "precision": 25.5952,
    "recall": 27.2152,
    "f-score": 26.3804
  },
  "KL_res": {
    "KL divergence": 2.0309804019689066,
    "Euclidean Dist.": 0.17460108910443617,
    "WER": 1.1330935251798562,
    "CER": 0.8197791164658634,
    "Cosine Dist.": 0.2357317793077931
  },
  "occ_eval_res": {
    "precision": 33.241,
    "recall": 43.1655,
    "f-score": 37.5587
  },
  "clean_eval": {
    "f-score": 5.194805194805195,
    "precision": 5.776173285198556,
    "recall": 4.71976401179941,
    "tp": 16,
    "fp": 261,
    "fn": 323
  },
  "jaccard": [
    0.7174583590376311
  ],
  "braycurtis": [
    0.3584736251402918
  ],
  "dice": [
    0.5594035594035595
  ],
  "cosinus": [
    0.07310615593495107
  ]
}