{
  "voc_eval_res": {
    "precision": 27.8481,
    "recall": 40.7407,
    "f-score": 33.0827
  },
  "KL_res": {
    "KL divergence": 0.6711088887219846,
    "Euclidean Dist.": 0.22695061433529326,
    "WER": 3.075,
    "CER": 2.874,
    "Cosine Dist.": 0.009166998855993147
  },
  "occ_eval_res": {
    "precision": 21.9169,
    "recall": 81.75,
    "f-score": 34.5666
  },
  "clean_eval": {
    "f-score": 15.526601520086864,
    "precision": 36.29441624365482,
    "recall": 9.875690607734807,
    "tp": 143,
    "fp": 251,
    "fn": 1305
  },
  "jaccard": [
    0.5499677627337202
  ],
  "braycurtis": [
    0.5997879858657243
  ],
  "dice": [
    0.37927967985771455
  ],
  "cosinus": [
    0.011857279712455648
  ]
}