{
  "voc_eval_res": {
    "precision": 44.5946,
    "recall": 11.8705,
    "f-score": 18.75
  },
  "KL_res": {
    "KL divergence": 3.817632895286769,
    "Euclidean Dist.": 0.27250320303230446,
    "WER": 0.8380281690140845,
    "CER": 0.5798319327731093,
    "Cosine Dist.": 0.32027562159189926
  },
  "occ_eval_res": {
    "precision": 38.961,
    "recall": 21.1268,
    "f-score": 27.3973
  },
  "clean_eval": {
    "f-score": 9.157509157509159,
    "precision": 7.936507936507936,
    "recall": 10.822510822510822,
    "tp": 25,
    "fp": 290,
    "fn": 206
  },
  "jaccard": [
    0.7618043844856661
  ],
  "braycurtis": [
    0.42675544794188863
  ],
  "dice": [
    0.6152536601974804
  ],
  "cosinus": [
    0.13691009776387153
  ]
}