{
  "voc_eval_res": {
    "precision": 29.3478,
    "recall": 16.3636,
    "f-score": 21.0117
  },
  "KL_res": {
    "KL divergence": 4.1531151960433474,
    "Euclidean Dist.": 0.20823988873329358,
    "WER": 0.9288389513108615,
    "CER": 0.7379400260756193,
    "Cosine Dist.": 0.5482208369531112
  },
  "occ_eval_res": {
    "precision": 30.7692,
    "recall": 16.4794,
    "f-score": 21.4634
  },
  "clean_eval": {
    "f-score": 20.460358056265985,
    "precision": 15.625,
    "recall": 29.629629629629626,
    "tp": 40,
    "fp": 216,
    "fn": 95
  },
  "jaccard": [
    0.5691318327974276
  ],
  "braycurtis": [
    0.45873320537428025
  ],
  "dice": [
    0.39775280898876403
  ],
  "cosinus": [
    0.24832250049689897
  ]
}