{
  "voc_eval_res": {
    "precision": 53.7313,
    "recall": 37.1134,
    "f-score": 43.9024
  },
  "KL_res": {
    "KL divergence": 2.2551905219081863,
    "Euclidean Dist.": 0.1335521893849417,
    "WER": 0.7054794520547946,
    "CER": 0.5050761421319797,
    "Cosine Dist.": 0.22933496029114409
  },
  "occ_eval_res": {
    "precision": 60.2041,
    "recall": 40.411,
    "f-score": 48.3607
  },
  "clean_eval": {
    "f-score": 43.776824034334766,
    "precision": 36.95652173913043,
    "recall": 53.68421052631579,
    "tp": 51,
    "fp": 87,
    "fn": 44
  },
  "jaccard": [
    0.5248508946322068
  ],
  "braycurtis": [
    0.302536231884058
  ],
  "dice": [
    0.3557951482479784
  ],
  "cosinus": [
    0.08681802852177656
  ]
}