{
  "voc_eval_res": {
    "precision": 4.6512,
    "recall": 0.0794,
    "f-score": 0.1561
  },
  "KL_res": {
    "KL divergence": 3.8870127507526333,
    "Euclidean Dist.": 0.2811937762939942,
    "WER": 0.9985935302390999,
    "CER": 0.9603470679465147,
    "Cosine Dist.": 0.9859717338120008
  },
  "occ_eval_res": {
    "precision": 3.8095,
    "recall": 0.1406,
    "f-score": 0.2713
  },
  "clean_eval": {
    "f-score": 0.27643400138217,
    "precision": 0.14336917562724014,
    "recall": 3.8461538461538463,
    "tp": 4,
    "fp": 2786,
    "fn": 100
  },
  "jaccard": [
    0.9182263814616756
  ],
  "braycurtis": [
    0.9373324262675578
  ],
  "dice": [
    0.8488156539649846
  ],
  "cosinus": [
    0.5923155968980562
  ]
}