{
  "voc_eval_res": {
    "precision": 23.2704,
    "recall": 0.8963,
    "f-score": 1.7261
  },
  "KL_res": {
    "KL divergence": 3.433408956559189,
    "Euclidean Dist.": 0.2784161502299905,
    "WER": 0.9772684926402087,
    "CER": 0.8928087150375768,
    "Cosine Dist.": 0.5887238163005537
  },
  "occ_eval_res": {
    "precision": 19.5652,
    "recall": 2.8508,
    "f-score": 4.9764
  },
  "clean_eval": {
    "f-score": 0.7580978635423845,
    "precision": 0.4365079365079365,
    "recall": 2.8795811518324608,
    "tp": 22,
    "fp": 5018,
    "fn": 742
  },
  "jaccard": [
    0.8165242165242165
  ],
  "braycurtis": [
    0.806666130911721
  ],
  "dice": [
    0.6899374097255657
  ],
  "cosinus": [
    0.37674188009260523
  ]
}