{
  "voc_eval_res": {
    "precision": 30.137,
    "recall": 8.1181,
    "f-score": 12.7907
  },
  "KL_res": {
    "KL divergence": 4.833173768689476,
    "Euclidean Dist.": 0.2463398036548987,
    "WER": 0.9131736526946108,
    "CER": 0.6661496704148895,
    "Cosine Dist.": 0.7415943029391492
  },
  "occ_eval_res": {
    "precision": 25.0,
    "recall": 9.8802,
    "f-score": 14.1631
  },
  "clean_eval": {
    "f-score": 12.165450121654503,
    "precision": 8.532423208191126,
    "recall": 21.1864406779661,
    "tp": 25,
    "fp": 268,
    "fn": 93
  },
  "jaccard": [
    0.7087542087542088
  ],
  "braycurtis": [
    0.5329754601226994
  ],
  "dice": [
    0.5488917861799217
  ],
  "cosinus": [
    0.27020755847546574
  ]
}