{
  "voc_eval_res": {
    "precision": 74.3483,
    "recall": 53.7302,
    "f-score": 62.3797
  },
  "KL_res": {
    "KL divergence": 0.34670138746871565,
    "Euclidean Dist.": 0.04485607146181211,
    "WER": 0.3959925635199339,
    "CER": 0.3189194028514515,
    "Cosine Dist.": 0.009274510601712471
  },
  "occ_eval_res": {
    "precision": 84.6344,
    "recall": 77.9384,
    "f-score": 81.1485
  },
  "clean_eval": {
    "f-score": 57.930579964850615,
    "precision": 54.584972055475056,
    "recall": 61.71308214369296,
    "tp": 2637,
    "fp": 2194,
    "fn": 1636
  },
  "jaccard": [
    0.3475118728061119
  ],
  "braycurtis": [
    0.07562728504880466
  ],
  "dice": [
    0.21029613894789453
  ],
  "cosinus": [
    0.005529443827029246
  ]
}