{
  "voc_eval_res": {
    "precision": 75.9574,
    "recall": 54.5038,
    "f-score": 63.4667
  },
  "KL_res": {
    "KL divergence": 0.8249779979270698,
    "Euclidean Dist.": 0.20259452001949763,
    "WER": 0.4310312558487741,
    "CER": 0.34171229467396713,
    "Cosine Dist.": 0.23745020638870096
  },
  "occ_eval_res": {
    "precision": 83.0703,
    "recall": 68.9687,
    "f-score": 75.3656
  },
  "clean_eval": {
    "f-score": 53.44060978191827,
    "precision": 48.829560843490036,
    "recall": 59.01332709843348,
    "tp": 2524,
    "fp": 2645,
    "fn": 1753
  },
  "jaccard": [
    0.3333333333333333
  ],
  "braycurtis": [
    0.12212009334019873
  ],
  "dice": [
    0.2
  ],
  "cosinus": [
    0.08083552967147478
  ]
}