{
  "voc_eval_res": {
    "precision": 33.3333,
    "recall": 10.1176,
    "f-score": 15.5235
  },
  "KL_res": {
    "KL divergence": 4.21716633615835,
    "Euclidean Dist.": 0.19801039469473225,
    "WER": 0.8951781970649895,
    "CER": 0.6973347001537673,
    "Cosine Dist.": 0.3733328722460463
  },
  "occ_eval_res": {
    "precision": 32.1053,
    "recall": 12.7883,
    "f-score": 18.2909
  },
  "clean_eval": {
    "f-score": 14.596273291925465,
    "precision": 10.129310344827585,
    "recall": 26.111111111111114,
    "tp": 47,
    "fp": 417,
    "fn": 133
  },
  "jaccard": [
    0.70546516478932
  ],
  "braycurtis": [
    0.4781549173194082
  ],
  "dice": [
    0.5449564937157589
  ],
  "cosinus": [
    0.15153743467892977
  ]
}