{
  "voc_eval_res": {
    "precision": 42.7184,
    "recall": 18.3333,
    "f-score": 25.656
  },
  "KL_res": {
    "KL divergence": 3.026873513038648,
    "Euclidean Dist.": 0.23813898933893954,
    "WER": 0.8275862068965517,
    "CER": 0.5888634630053394,
    "Cosine Dist.": 0.28960844892103943
  },
  "occ_eval_res": {
    "precision": 36.1111,
    "recall": 28.5266,
    "f-score": 31.8739
  },
  "clean_eval": {
    "f-score": 12.90322580645161,
    "precision": 11.464968152866243,
    "recall": 14.754098360655737,
    "tp": 36,
    "fp": 278,
    "fn": 208
  },
  "jaccard": [
    0.6207759699624531
  ],
  "braycurtis": [
    0.3444510621401628
  ],
  "dice": [
    0.4500907441016334
  ],
  "cosinus": [
    0.11243658897063147
  ]
}