{
  "voc_eval_res": {
    "precision": 76.6667,
    "recall": 39.1489,
    "f-score": 51.831
  },
  "KL_res": {
    "KL divergence": 1.6242210720681833,
    "Euclidean Dist.": 0.13436923843243376,
    "WER": 0.5885714285714285,
    "CER": 0.5275261324041812,
    "Cosine Dist.": 0.12777064610590627
  },
  "occ_eval_res": {
    "precision": 76.6355,
    "recall": 46.8571,
    "f-score": 58.156
  },
  "clean_eval": {
    "f-score": 38.961038961038966,
    "precision": 31.626506024096386,
    "recall": 50.72463768115942,
    "tp": 105,
    "fp": 227,
    "fn": 102
  },
  "jaccard": [
    0.5540106951871657
  ],
  "braycurtis": [
    0.32324533161622665
  ],
  "dice": [
    0.3831360946745562
  ],
  "cosinus": [
    0.06901979901599986
  ]
}