{
  "voc_eval_res": {
    "precision": 68.932,
    "recall": 23.7856,
    "f-score": 35.3674
  },
  "KL_res": {
    "KL divergence": 1.7415152151875903,
    "Euclidean Dist.": 0.12072917767333606,
    "WER": 0.7142857142857143,
    "CER": 0.551864406779661,
    "Cosine Dist.": 0.11497408214190097
  },
  "occ_eval_res": {
    "precision": 66.6667,
    "recall": 41.4802,
    "f-score": 51.1406
  },
  "clean_eval": {
    "f-score": 27.10911136107986,
    "precision": 22.62910798122066,
    "recall": 33.80084151472651,
    "tp": 241,
    "fp": 824,
    "fn": 472
  },
  "jaccard": [
    0.6211972522080471
  ],
  "braycurtis": [
    0.24969360768883442
  ],
  "dice": [
    0.4505338078291815
  ],
  "cosinus": [
    0.046162189984593205
  ]
}