{
  "voc_eval_res": {
    "precision": 25.641,
    "recall": 19.084,
    "f-score": 21.8818
  },
  "KL_res": {
    "KL divergence": 2.855651597163751,
    "Euclidean Dist.": 0.09574418532187355,
    "WER": 0.8188976377952756,
    "CER": 0.624482109227872,
    "Cosine Dist.": 0.22113280082398967
  },
  "occ_eval_res": {
    "precision": 37.2549,
    "recall": 29.9213,
    "f-score": 33.1878
  },
  "clean_eval": {
    "f-score": 11.428571428571429,
    "precision": 9.782608695652174,
    "recall": 13.740458015267176,
    "tp": 36,
    "fp": 332,
    "fn": 226
  },
  "jaccard": [
    0.6808417360806663
  ],
  "braycurtis": [
    0.35230296827021496
  ],
  "dice": [
    0.5161183117314723
  ],
  "cosinus": [
    0.07992917103166619
  ]
}