{
  "voc_eval_res": {
    "precision": 69.129,
    "recall": 51.99,
    "f-score": 59.3469
  },
  "KL_res": {
    "KL divergence": 0.5537297877168008,
    "Euclidean Dist.": 0.044310580231493174,
    "WER": 0.5272616509290283,
    "CER": 0.40702776705163757,
    "Cosine Dist.": 0.025315226072900043
  },
  "occ_eval_res": {
    "precision": 75.0,
    "recall": 70.2711,
    "f-score": 72.5586
  },
  "clean_eval": {
    "f-score": 50.498232079717134,
    "precision": 48.66790582403965,
    "recall": 52.47160988643954,
    "tp": 1571,
    "fp": 1657,
    "fn": 1423
  },
  "jaccard": [
    0.33740376957791346
  ],
  "braycurtis": [
    0.09785219851593502
  ],
  "dice": [
    0.2029378891904838
  ],
  "cosinus": [
    0.008436944205541086
  ]
}