{
  "voc_eval_res": {
    "precision": 37.3239,
    "recall": 1.5452,
    "f-score": 2.9675
  },
  "KL_res": {
    "KL divergence": 3.6699264991698666,
    "Euclidean Dist.": 0.3011435894472987,
    "WER": 0.9616161616161616,
    "CER": 0.8891757480229366,
    "Cosine Dist.": 0.566099143639659
  },
  "occ_eval_res": {
    "precision": 33.9734,
    "recall": 4.6465,
    "f-score": 8.1749
  },
  "clean_eval": {
    "f-score": 0.9024252679075013,
    "precision": 0.5161290322580645,
    "recall": 3.587443946188341,
    "tp": 24,
    "fp": 4626,
    "fn": 645
  },
  "jaccard": [
    0.8486338797814208
  ],
  "braycurtis": [
    0.8049549657166065
  ],
  "dice": [
    0.7370669197911723
  ],
  "cosinus": [
    0.44652176297610413
  ]
}