{
  "voc_eval_res": {
    "precision": 38.5965,
    "recall": 2.261,
    "f-score": 4.2718
  },
  "KL_res": {
    "KL divergence": 5.124961782532787,
    "Euclidean Dist.": 0.30598756207572525,
    "WER": 0.9738979118329466,
    "CER": 0.8715843922185988,
    "Cosine Dist.": 0.8423491291073396
  },
  "occ_eval_res": {
    "precision": 35.1852,
    "recall": 3.3063,
    "f-score": 6.0445
  },
  "clean_eval": {
    "f-score": 3.945885005636978,
    "precision": 2.1712158808933,
    "recall": 21.604938271604937,
    "tp": 35,
    "fp": 1577,
    "fn": 127
  },
  "jaccard": [
    0.8569655600372323
  ],
  "braycurtis": [
    0.7757465543644717
  ],
  "dice": [
    0.749728555917481
  ],
  "cosinus": [
    0.42230019138235186
  ]
}