{
  "voc_eval_res": {
    "precision": 30.7692,
    "recall": 26.087,
    "f-score": 28.2353
  },
  "KL_res": {
    "KL divergence": 4.492816990635111,
    "Euclidean Dist.": 0.209563059196912,
    "WER": 0.9565217391304348,
    "CER": 0.7096774193548387,
    "Cosine Dist.": 0.5467069575909191
  },
  "occ_eval_res": {
    "precision": 27.2727,
    "recall": 26.087,
    "f-score": 26.6667
  },
  "clean_eval": {
    "f-score": 17.5,
    "precision": 16.666666666666664,
    "recall": 18.421052631578945,
    "tp": 7,
    "fp": 35,
    "fn": 31
  },
  "jaccard": [
    0.6938483547925608
  ],
  "braycurtis": [
    0.5482456140350878
  ],
  "dice": [
    0.5312157721796276
  ],
  "cosinus": [
    0.3503309322198951
  ]
}