{
  "voc_eval_res": {
    "precision": 72.3327,
    "recall": 47.3934,
    "f-score": 57.2656
  },
  "KL_res": {
    "KL divergence": 1.4030123941816226,
    "Euclidean Dist.": 0.08473430075536004,
    "WER": 0.5531026252983293,
    "CER": 0.410993406919031,
    "Cosine Dist.": 0.23511168654102588
  },
  "occ_eval_res": {
    "precision": 72.7422,
    "recall": 52.864,
    "f-score": 61.2301
  },
  "clean_eval": {
    "f-score": 51.40252454417952,
    "precision": 43.94484412470024,
    "recall": 61.90878378378378,
    "tp": 733,
    "fp": 935,
    "fn": 451
  },
  "jaccard": [
    0.3822004608294931
  ],
  "braycurtis": [
    0.1712852365026278
  ],
  "dice": [
    0.2362471069966174
  ],
  "cosinus": [
    0.049354418099245456
  ]
}