{
  "voc_eval_res": {
    "precision": 34.8624,
    "recall": 14.1264,
    "f-score": 20.1058
  },
  "KL_res": {
    "KL divergence": 4.111761551856404,
    "Euclidean Dist.": 0.4090458856668693,
    "WER": 0.9482758620689655,
    "CER": 0.7478016180091452,
    "Cosine Dist.": 0.8498659221882836
  },
  "occ_eval_res": {
    "precision": 25.6917,
    "recall": 16.0099,
    "f-score": 19.7269
  },
  "clean_eval": {
    "f-score": 11.78343949044586,
    "precision": 9.560723514211885,
    "recall": 15.352697095435685,
    "tp": 37,
    "fp": 350,
    "fn": 204
  },
  "jaccard": [
    0.6328550222662048
  ],
  "braycurtis": [
    0.5284520493434143
  ],
  "dice": [
    0.4629026420557365
  ],
  "cosinus": [
    0.5591086068900544
  ]
}