{
  "voc_eval_res": {
    "precision": 71.8062,
    "recall": 52.5806,
    "f-score": 60.7076
  },
  "KL_res": {
    "KL divergence": 0.6098831507290151,
    "Euclidean Dist.": 0.06997697636215398,
    "WER": 0.39752407152682256,
    "CER": 0.3437761069340017,
    "Cosine Dist.": 0.009285054114267943
  },
  "occ_eval_res": {
    "precision": 77.9685,
    "recall": 74.9656,
    "f-score": 76.4376
  },
  "clean_eval": {
    "f-score": 53.669064748201436,
    "precision": 53.058321479374115,
    "recall": 54.29403202328966,
    "tp": 373,
    "fp": 330,
    "fn": 314
  },
  "jaccard": [
    0.41688424717145345
  ],
  "braycurtis": [
    0.13011205481407465
  ],
  "dice": [
    0.2633315008246289
  ],
  "cosinus": [
    0.009718190189679454
  ]
}