{
  "voc_eval_res": {
    "precision": 14.3939,
    "recall": 4.2316,
    "f-score": 6.5404
  },
  "KL_res": {
    "KL divergence": 4.866649105419984,
    "Euclidean Dist.": 0.16525863586527823,
    "WER": 0.9787234042553191,
    "CER": 0.8182055294731351,
    "Cosine Dist.": 0.8506699714144765
  },
  "occ_eval_res": {
    "precision": 15.4762,
    "recall": 4.2553,
    "f-score": 6.6752
  },
  "clean_eval": {
    "f-score": 0.8130081300813009,
    "precision": 0.5208333333333333,
    "recall": 1.8518518518518516,
    "tp": 3,
    "fp": 573,
    "fn": 159
  },
  "jaccard": [
    0.7790525536639527
  ],
  "braycurtis": [
    0.6719844357976654
  ],
  "dice": [
    0.6380721430736587
  ],
  "cosinus": [
    0.2525694657187004
  ]
}