{
  "voc_eval_res": {
    "precision": 3.2258,
    "recall": 0.0653,
    "f-score": 0.128
  },
  "KL_res": {
    "KL divergence": 4.450341799896269,
    "Euclidean Dist.": 0.3179347294325236,
    "WER": 0.9994742376445847,
    "CER": 0.9293363344928722,
    "Cosine Dist.": 0.99657666414406
  },
  "occ_eval_res": {
    "precision": 0.8475,
    "recall": 0.0526,
    "f-score": 0.099
  },
  "clean_eval": {
    "f-score": 0.1087547580206634,
    "precision": 0.058105752469494475,
    "recall": 0.847457627118644,
    "tp": 1,
    "fp": 1720,
    "fn": 117
  },
  "jaccard": [
    0.9136245110821382
  ],
  "braycurtis": [
    0.9046251794519693
  ],
  "dice": [
    0.840984098409841
  ],
  "cosinus": [
    0.5304708652620354
  ]
}