{
  "voc_eval_res": {
    "precision": 61.7188,
    "recall": 49.375,
    "f-score": 54.8611
  },
  "KL_res": {
    "KL divergence": 0.859505695147871,
    "Euclidean Dist.": 0.06266216486317515,
    "WER": 0.5318559556786704,
    "CER": 0.4330055316533497,
    "Cosine Dist.": 0.0397321148566413
  },
  "occ_eval_res": {
    "precision": 76.7742,
    "recall": 65.928,
    "f-score": 70.9389
  },
  "clean_eval": {
    "f-score": 40.9375,
    "precision": 38.30409356725146,
    "recall": 43.95973154362416,
    "tp": 131,
    "fp": 211,
    "fn": 167
  },
  "jaccard": [
    0.42907058001397624
  ],
  "braycurtis": [
    0.15054452274183217
  ],
  "dice": [
    0.27313167259786475
  ],
  "cosinus": [
    0.01537669029199007
  ]
}