{
  "voc_eval_res": {
    "precision": 3.7037,
    "recall": 8.5271,
    "f-score": 5.1643
  },
  "KL_res": {
    "KL divergence": 3.345777946872235,
    "Euclidean Dist.": 0.19568542750959983,
    "WER": 1.2831460674157302,
    "CER": 1.610236220472441,
    "Cosine Dist.": 0.6412164277908474
  },
  "occ_eval_res": {
    "precision": 12.7211,
    "recall": 16.9663,
    "f-score": 14.5402
  },
  "clean_eval": {
    "f-score": 1.016949152542373,
    "precision": 1.0180995475113122,
    "recall": 1.0158013544018059,
    "tp": 9,
    "fp": 875,
    "fn": 877
  },
  "jaccard": [
    0.8624802666198913
  ],
  "braycurtis": [
    0.699927618653707
  ],
  "dice": [
    0.7582112567463377
  ],
  "cosinus": [
    0.49214456633732784
  ]
}