{
  "voc_eval_res": {
    "precision": 19.3939,
    "recall": 14.4796,
    "f-score": 16.5803
  },
  "KL_res": {
    "KL divergence": 3.2123538137806515,
    "Euclidean Dist.": 0.3038910697055156,
    "WER": 0.9294354838709677,
    "CER": 0.7769729317575296,
    "Cosine Dist.": 0.7581974098799638
  },
  "occ_eval_res": {
    "precision": 18.6275,
    "recall": 15.3226,
    "f-score": 16.8142
  },
  "clean_eval": {
    "f-score": 1.5981735159817352,
    "precision": 1.4644351464435146,
    "recall": 1.7587939698492463,
    "tp": 7,
    "fp": 471,
    "fn": 391
  },
  "jaccard": [
    0.7275522755227553
  ],
  "braycurtis": [
    0.48866498740554154
  ],
  "dice": [
    0.5717738037699371
  ],
  "cosinus": [
    0.3537347451350692
  ]
}