{
  "voc_eval_res": {
    "precision": 49.2386,
    "recall": 19.151,
    "f-score": 27.5764
  },
  "KL_res": {
    "KL divergence": 4.560898234995459,
    "Euclidean Dist.": 0.1692990972065811,
    "WER": 0.9045051983057374,
    "CER": 0.6978607346799625,
    "Cosine Dist.": 0.7989618393052533
  },
  "occ_eval_res": {
    "precision": 50.2222,
    "recall": 13.0535,
    "f-score": 20.7213
  },
  "clean_eval": {
    "f-score": 16.898608349900595,
    "precision": 10.828025477707007,
    "recall": 38.46153846153847,
    "tp": 255,
    "fp": 2100,
    "fn": 408
  },
  "jaccard": [
    0.6704455051710422
  ],
  "braycurtis": [
    0.44523509770649733
  ],
  "dice": [
    0.5042632759910247
  ],
  "cosinus": [
    0.25583194004593124
  ]
}