{
  "voc_eval_res": {
    "precision": 47.6423,
    "recall": 21.4025,
    "f-score": 29.5363
  },
  "KL_res": {
    "KL divergence": 2.8835867098430477,
    "Euclidean Dist.": 0.16247001710399542,
    "WER": 0.9094805849722642,
    "CER": 0.7216646123143746,
    "Cosine Dist.": 0.6771902368423959
  },
  "occ_eval_res": {
    "precision": 52.1058,
    "recall": 13.414,
    "f-score": 21.3355
  },
  "clean_eval": {
    "f-score": 16.749406432117418,
    "precision": 10.668133076711575,
    "recall": 38.95582329317269,
    "tp": 388,
    "fp": 3249,
    "fn": 608
  },
  "jaccard": [
    0.6766372795969773
  ],
  "braycurtis": [
    0.4693536756613154
  ],
  "dice": [
    0.5113014513442778
  ],
  "cosinus": [
    0.2642642932152478
  ]
}