{
  "voc_eval_res": {
    "precision": 65.1515,
    "recall": 56.7282,
    "f-score": 60.6488
  },
  "KL_res": {
    "KL divergence": 0.7566102987935613,
    "Euclidean Dist.": 0.0676402058631238,
    "WER": 0.5729411764705883,
    "CER": 0.4183946960078996,
    "Cosine Dist.": 0.07580662237950164
  },
  "occ_eval_res": {
    "precision": 69.4611,
    "recall": 68.2353,
    "f-score": 68.8427
  },
  "clean_eval": {
    "f-score": 44.43134944018857,
    "precision": 43.0365296803653,
    "recall": 45.91961023142509,
    "tp": 377,
    "fp": 499,
    "fn": 444
  },
  "jaccard": [
    0.3740302164148632
  ],
  "braycurtis": [
    0.14892886569623728
  ],
  "dice": [
    0.2300351582119538
  ],
  "cosinus": [
    0.024332201181544666
  ]
}