{
  "voc_eval_res": {
    "precision": 73.4043,
    "recall": 50.5495,
    "f-score": 59.8698
  },
  "KL_res": {
    "KL divergence": 0.7222384156319301,
    "Euclidean Dist.": 0.06006402777256287,
    "WER": 0.41285714285714287,
    "CER": 0.3296034227414843,
    "Cosine Dist.": 0.0233931543158854
  },
  "occ_eval_res": {
    "precision": 82.7055,
    "recall": 69.0,
    "f-score": 75.2336
  },
  "clean_eval": {
    "f-score": 53.48101265822785,
    "precision": 49.127906976744185,
    "recall": 58.68055555555556,
    "tp": 338,
    "fp": 350,
    "fn": 238
  },
  "jaccard": [
    0.3563975837451949
  ],
  "braycurtis": [
    0.1264189886480908
  ],
  "dice": [
    0.21683929168058805
  ],
  "cosinus": [
    0.01499295704082404
  ]
}