{
  "voc_eval_res": {
    "precision": 65.9091,
    "recall": 26.8519,
    "f-score": 38.1579
  },
  "KL_res": {
    "KL divergence": 3.27238255957113,
    "Euclidean Dist.": 0.35283059914372283,
    "WER": 0.7344632768361582,
    "CER": 0.5274803711634547,
    "Cosine Dist.": 0.611625797551629
  },
  "occ_eval_res": {
    "precision": 51.8868,
    "recall": 31.0734,
    "f-score": 38.8693
  },
  "clean_eval": {
    "f-score": 35.587188612099645,
    "precision": 28.40909090909091,
    "recall": 47.61904761904761,
    "tp": 50,
    "fp": 126,
    "fn": 55
  },
  "jaccard": [
    0.5671981776765376
  ],
  "braycurtis": [
    0.3327954820492134
  ],
  "dice": [
    0.3958664546899841
  ],
  "cosinus": [
    0.20066340912894853
  ]
}