{
  "voc_eval_res": {
    "precision": 47.6615,
    "recall": 17.8037,
    "f-score": 25.9237
  },
  "KL_res": {
    "KL divergence": 3.492411961823371,
    "Euclidean Dist.": 0.23009651869217757,
    "WER": 0.8456037021455617,
    "CER": 0.6130388123770345,
    "Cosine Dist.": 0.7627897804619942
  },
  "occ_eval_res": {
    "precision": 56.8145,
    "recall": 22.3601,
    "f-score": 32.0906
  },
  "clean_eval": {
    "f-score": 15.080230565508648,
    "precision": 10.521739130434783,
    "recall": 26.608026388125346,
    "tp": 484,
    "fp": 4116,
    "fn": 1335
  },
  "jaccard": [
    0.6511375947995667
  ],
  "braycurtis": [
    0.3572129538763494
  ],
  "dice": [
    0.4827309236947791
  ],
  "cosinus": [
    0.34647128607706523
  ]
}