{
  "voc_eval_res": {
    "precision": 43.3155,
    "recall": 16.1355,
    "f-score": 23.5123
  },
  "KL_res": {
    "KL divergence": 2.9319701423522115,
    "Euclidean Dist.": 0.17808157002957462,
    "WER": 0.8139293139293139,
    "CER": 0.6292931806869089,
    "Cosine Dist.": 0.25646314738331155
  },
  "occ_eval_res": {
    "precision": 37.9066,
    "recall": 27.8586,
    "f-score": 32.115
  },
  "clean_eval": {
    "f-score": 10.90670170827858,
    "precision": 9.378531073446329,
    "recall": 13.029827315541601,
    "tp": 83,
    "fp": 802,
    "fn": 554
  },
  "jaccard": [
    0.6307258632840028
  ],
  "braycurtis": [
    0.40735492099482745
  ],
  "dice": [
    0.46062789500772
  ],
  "cosinus": [
    0.18504196667378292
  ]
}