{
  "voc_eval_res": {
    "precision": 15.3846,
    "recall": 10.0,
    "f-score": 12.1212
  },
  "KL_res": {
    "KL divergence": 5.324723557142158,
    "Euclidean Dist.": 0.1901833807693541,
    "WER": 0.8985507246376812,
    "CER": 0.7613882863340564,
    "Cosine Dist.": 0.4801915706600638
  },
  "occ_eval_res": {
    "precision": 20.4545,
    "recall": 13.0435,
    "f-score": 15.9292
  },
  "clean_eval": {
    "f-score": 15.841584158415841,
    "precision": 12.698412698412698,
    "recall": 21.052631578947366,
    "tp": 8,
    "fp": 55,
    "fn": 30
  },
  "jaccard": [
    0.783375314861461
  ],
  "braycurtis": [
    0.6377952755905512
  ],
  "dice": [
    0.6438923395445134
  ],
  "cosinus": [
    0.4920444326571065
  ]
}