{
  "voc_eval_res": {
    "precision": 41.7112,
    "recall": 15.1163,
    "f-score": 22.1906
  },
  "KL_res": {
    "KL divergence": 2.324216646577588,
    "Euclidean Dist.": 0.18346870903631107,
    "WER": 0.8794326241134752,
    "CER": 0.6757940854326396,
    "Cosine Dist.": 0.23275896576779276
  },
  "occ_eval_res": {
    "precision": 35.9077,
    "recall": 36.2715,
    "f-score": 36.0887
  },
  "clean_eval": {
    "f-score": 13.893967093235831,
    "precision": 14.709677419354838,
    "recall": 13.163972286374134,
    "tp": 114,
    "fp": 661,
    "fn": 752
  },
  "jaccard": [
    0.65625
  ],
  "braycurtis": [
    0.3677936290795388
  ],
  "dice": [
    0.4883720930232558
  ],
  "cosinus": [
    0.1316032885797902
  ]
}