{
  "voc_eval_res": {
    "precision": 29.0909,
    "recall": 1.7167,
    "f-score": 3.2421
  },
  "KL_res": {
    "KL divergence": 4.3736772917417195,
    "Euclidean Dist.": 0.24300460027869294,
    "WER": 0.9704501518917427,
    "CER": 0.8368495077355836,
    "Cosine Dist.": 0.9088682114919743
  },
  "occ_eval_res": {
    "precision": 24.9779,
    "recall": 3.9078,
    "f-score": 6.7582
  },
  "clean_eval": {
    "f-score": 0.5790533736153071,
    "precision": 0.33581544751058545,
    "recall": 2.1004566210045663,
    "tp": 23,
    "fp": 6826,
    "fn": 1072
  },
  "jaccard": [
    0.8036410923276983
  ],
  "braycurtis": [
    0.7046557022205903
  ],
  "dice": [
    0.6717391304347826
  ],
  "cosinus": [
    0.34194858023536556
  ]
}