{
  "voc_eval_res": {
    "precision": 4.321,
    "recall": 22.5806,
    "f-score": 7.2539
  },
  "KL_res": {
    "KL divergence": 5.029370744287176,
    "Euclidean Dist.": 0.23720152806527234,
    "WER": 10.352941176470589,
    "CER": 12.841880341880342,
    "Cosine Dist.": 0.552305987618392
  },
  "occ_eval_res": {
    "precision": 2.2284,
    "recall": 23.5294,
    "f-score": 4.0712
  },
  "clean_eval": {
    "f-score": 2.110817941952506,
    "precision": 12.5,
    "recall": 1.1527377521613833,
    "tp": 4,
    "fp": 28,
    "fn": 343
  },
  "jaccard": [
    0.8237918215613383
  ],
  "braycurtis": [
    0.8966214265088074
  ],
  "dice": [
    0.7003792667509482
  ],
  "cosinus": [
    0.34289307237502786
  ]
}