{
  "voc_eval_res": {
    "precision": 45.8716,
    "recall": 27.8552,
    "f-score": 34.662
  },
  "KL_res": {
    "KL divergence": 2.4015072129027977,
    "Euclidean Dist.": 0.16245617073732643,
    "WER": 0.7765765765765765,
    "CER": 0.64077149745513,
    "Cosine Dist.": 0.42597832666279123
  },
  "occ_eval_res": {
    "precision": 42.0523,
    "recall": 37.6577,
    "f-score": 39.7338
  },
  "clean_eval": {
    "f-score": 24.101068999028186,
    "precision": 22.920517560073936,
    "recall": 25.40983606557377,
    "tp": 124,
    "fp": 417,
    "fn": 364
  },
  "jaccard": [
    0.5265679442508711
  ],
  "braycurtis": [
    0.3182284980744544
  ],
  "dice": [
    0.35737511084835943
  ],
  "cosinus": [
    0.11601244276155243
  ]
}