{
  "voc_eval_res": {
    "precision": 79.0993,
    "recall": 50.6282,
    "f-score": 61.7395
  },
  "KL_res": {
    "KL divergence": 0.9317498563289173,
    "Euclidean Dist.": 0.20550407542059274,
    "WER": 0.4723820483314154,
    "CER": 0.37648192555074966,
    "Cosine Dist.": 0.4288636105052661
  },
  "occ_eval_res": {
    "precision": 83.0659,
    "recall": 64.5378,
    "f-score": 72.639
  },
  "clean_eval": {
    "f-score": 52.2194400182108,
    "precision": 46.194120016109544,
    "recall": 60.05235602094241,
    "tp": 2294,
    "fp": 2672,
    "fn": 1526
  },
  "jaccard": [
    0.3594306049822064
  ],
  "braycurtis": [
    0.14200557638688588
  ],
  "dice": [
    0.21908893709327548
  ],
  "cosinus": [
    0.09073375458568844
  ]
}