{
  "voc_eval_res": {
    "precision": 79.5045,
    "recall": 39.4413,
    "f-score": 52.7259
  },
  "KL_res": {
    "KL divergence": 1.2203834978373422,
    "Euclidean Dist.": 0.21734059781221,
    "WER": 0.5396058732612056,
    "CER": 0.4245019341278537,
    "Cosine Dist.": 0.5053787655163614
  },
  "occ_eval_res": {
    "precision": 81.7163,
    "recall": 53.5355,
    "f-score": 64.6901
  },
  "clean_eval": {
    "f-score": 48.58329262335124,
    "precision": 39.851733119615304,
    "recall": 62.21457616515483,
    "tp": 1989,
    "fp": 3002,
    "fn": 1208
  },
  "jaccard": [
    0.4218371529718651
  ],
  "braycurtis": [
    0.18764029090722523
  ],
  "dice": [
    0.26729634002361274
  ],
  "cosinus": [
    0.0906597115315565
  ]
}