{
  "voc_eval_res": {
    "precision": 78.649,
    "recall": 39.7804,
    "f-score": 52.8363
  },
  "KL_res": {
    "KL divergence": 1.2269960023552327,
    "Euclidean Dist.": 0.23618030837444137,
    "WER": 0.542707240293809,
    "CER": 0.43092868187089295,
    "Cosine Dist.": 0.5121957385734551
  },
  "occ_eval_res": {
    "precision": 82.4023,
    "recall": 53.5572,
    "f-score": 64.9199
  },
  "clean_eval": {
    "f-score": 48.38582158387139,
    "precision": 39.688715953307394,
    "recall": 61.96422544718191,
    "tp": 1836,
    "fp": 2790,
    "fn": 1127
  },
  "jaccard": [
    0.4095163806552262
  ],
  "braycurtis": [
    0.18831592236511702
  ],
  "dice": [
    0.2574791564492398
  ],
  "cosinus": [
    0.09408586650648543
  ]
}