{
  "voc_eval_res": {
    "precision": 19.5298,
    "recall": 1.4297,
    "f-score": 2.6644
  },
  "KL_res": {
    "KL divergence": 3.00203141853382,
    "Euclidean Dist.": 0.11817072441618122,
    "WER": 0.9843764885205297,
    "CER": 0.8919894944189101,
    "Cosine Dist.": 0.7704186789246794
  },
  "occ_eval_res": {
    "precision": 19.7865,
    "recall": 2.2959,
    "f-score": 4.1144
  },
  "clean_eval": {
    "f-score": 0.667531985907658,
    "precision": 0.3749218912726515,
    "recall": 3.040540540540541,
    "tp": 36,
    "fp": 9566,
    "fn": 1148
  },
  "jaccard": [
    0.7500710429099176
  ],
  "braycurtis": [
    0.7856346788659739
  ],
  "dice": [
    0.6000909400932136
  ],
  "cosinus": [
    0.16794359838689266
  ]
}