{
  "voc_eval_res": {
    "precision": 67.3684,
    "recall": 30.0469,
    "f-score": 41.5584
  },
  "KL_res": {
    "KL divergence": 3.539893612207441,
    "Euclidean Dist.": 0.24652096763444703,
    "WER": 0.776536312849162,
    "CER": 0.6538001196888091,
    "Cosine Dist.": 0.46478649416924067
  },
  "occ_eval_res": {
    "precision": 69.9482,
    "recall": 25.1397,
    "f-score": 36.9863
  },
  "clean_eval": {
    "f-score": 39.60066555740433,
    "precision": 28.53717026378897,
    "recall": 64.67391304347827,
    "tp": 119,
    "fp": 298,
    "fn": 65
  },
  "jaccard": [
    0.5271779597915115
  ],
  "braycurtis": [
    0.4885654885654886
  ],
  "dice": [
    0.3579373104145602
  ],
  "cosinus": [
    0.34646233285453387
  ]
}