{
  "voc_eval_res": {
    "precision": 17.6991,
    "recall": 1.0576,
    "f-score": 1.996
  },
  "KL_res": {
    "KL divergence": 4.827496305682076,
    "Euclidean Dist.": 0.31694092456930323,
    "WER": 0.9842321034374014,
    "CER": 0.8896758376464179,
    "Cosine Dist.": 0.915999481121735
  },
  "occ_eval_res": {
    "precision": 20.679,
    "recall": 2.1129,
    "f-score": 3.834
  },
  "clean_eval": {
    "f-score": 0.18365472910927455,
    "precision": 0.10179843909060061,
    "recall": 0.9375,
    "tp": 3,
    "fp": 2944,
    "fn": 317
  },
  "jaccard": [
    0.8503918856615952
  ],
  "braycurtis": [
    0.8154691978760397
  ],
  "dice": [
    0.7397232805293764
  ],
  "cosinus": [
    0.40040281692171564
  ]
}