{
  "voc_eval_res": {
    "precision": 65.5738,
    "recall": 37.9147,
    "f-score": 48.048
  },
  "KL_res": {
    "KL divergence": 1.7819851064819452,
    "Euclidean Dist.": 0.18387639173781659,
    "WER": 0.5948616600790514,
    "CER": 0.4089881998493598,
    "Cosine Dist.": 0.20096767564740514
  },
  "occ_eval_res": {
    "precision": 65.8163,
    "recall": 50.9881,
    "f-score": 57.461
  },
  "clean_eval": {
    "f-score": 33.87270765911543,
    "precision": 29.182156133828997,
    "recall": 40.3598971722365,
    "tp": 157,
    "fp": 381,
    "fn": 232
  },
  "jaccard": [
    0.5034832172260925
  ],
  "braycurtis": [
    0.23182423435419441
  ],
  "dice": [
    0.3364367329665679
  ],
  "cosinus": [
    0.10588731235073845
  ]
}