{
  "voc_eval_res": {
    "precision": 1.2513,
    "recall": 12.2449,
    "f-score": 2.2706
  },
  "KL_res": {
    "KL divergence": 5.71601584306189,
    "Euclidean Dist.": 0.22007190764790255,
    "WER": 36.4344262295082,
    "CER": 42.69435897435898,
    "Cosine Dist.": 0.821560920315983
  },
  "occ_eval_res": {
    "precision": 0.314,
    "recall": 11.4754,
    "f-score": 0.6114
  },
  "clean_eval": {
    "f-score": 0.2748511223087494,
    "precision": 6.451612903225806,
    "recall": 0.14041656915516032,
    "tp": 6,
    "fp": 87,
    "fn": 4267
  },
  "jaccard": [
    0.8349987189341532
  ],
  "braycurtis": [
    0.9638882528051294
  ],
  "dice": [
    0.7167363096547174
  ],
  "cosinus": [
    0.4361093108731138
  ]
}