{
  "voc_eval_res": {
    "precision": 3.4792,
    "recall": 7.3986,
    "f-score": 4.7328
  },
  "KL_res": {
    "KL divergence": 3.4002306713045103,
    "Euclidean Dist.": 0.19298399435553226,
    "WER": 1.2782122905027933,
    "CER": 1.5162387875038663,
    "Cosine Dist.": 0.660544672665621
  },
  "occ_eval_res": {
    "precision": 12.1314,
    "recall": 16.0894,
    "f-score": 13.8329
  },
  "clean_eval": {
    "f-score": 1.1235955056179776,
    "precision": 1.1185682326621924,
    "recall": 1.1286681715575622,
    "tp": 10,
    "fp": 884,
    "fn": 876
  },
  "jaccard": [
    0.8585945573544609
  ],
  "braycurtis": [
    0.6947742262810755
  ],
  "dice": [
    0.7522257431718726
  ],
  "cosinus": [
    0.4984585110313108
  ]
}