{
  "voc_eval_res": {
    "precision": 31.5508,
    "recall": 12.967,
    "f-score": 18.3801
  },
  "KL_res": {
    "KL divergence": 3.1656585741939858,
    "Euclidean Dist.": 0.2042632471838808,
    "WER": 0.9482029598308668,
    "CER": 0.7126554686498269,
    "Cosine Dist.": 0.3482066288319179
  },
  "occ_eval_res": {
    "precision": 26.0782,
    "recall": 27.4841,
    "f-score": 26.7627
  },
  "clean_eval": {
    "f-score": 7.3170731707317085,
    "precision": 7.359813084112149,
    "recall": 7.274826789838337,
    "tp": 63,
    "fp": 793,
    "fn": 803
  },
  "jaccard": [
    0.6385185185185185
  ],
  "braycurtis": [
    0.4243366763996445
  ],
  "dice": [
    0.4689880304678999
  ],
  "cosinus": [
    0.20929503870567934
  ]
}