{
  "voc_eval_res": {
    "precision": 28.2098,
    "recall": 2.8857,
    "f-score": 5.2358
  },
  "KL_res": {
    "KL divergence": 3.265869722894008,
    "Euclidean Dist.": 0.12337478222959689,
    "WER": 0.9717528698568296,
    "CER": 0.8491144936676496,
    "Cosine Dist.": 0.7605211040340041
  },
  "occ_eval_res": {
    "precision": 24.3021,
    "recall": 3.8179,
    "f-score": 6.599
  },
  "clean_eval": {
    "f-score": 2.155172413793103,
    "precision": 1.2555803571428572,
    "recall": 7.601351351351352,
    "tp": 90,
    "fp": 7078,
    "fn": 1094
  },
  "jaccard": [
    0.7223093371347113
  ],
  "braycurtis": [
    0.7051107325383305
  ],
  "dice": [
    0.5653241102309494
  ],
  "cosinus": [
    0.20704432271010997
  ]
}