{
  "voc_eval_res": {
    "precision": 39.0909,
    "recall": 3.2126,
    "f-score": 5.9372
  },
  "KL_res": {
    "KL divergence": 4.302837638650848,
    "Euclidean Dist.": 0.23711763373351644,
    "WER": 0.9423294994330147,
    "CER": 0.8026052104208417,
    "Cosine Dist.": 0.8265577427319202
  },
  "occ_eval_res": {
    "precision": 42.0124,
    "recall": 7.711,
    "f-score": 13.0304
  },
  "clean_eval": {
    "f-score": 1.3356562137049943,
    "precision": 0.7940617987225963,
    "recall": 4.200913242009133,
    "tp": 46,
    "fp": 5747,
    "fn": 1049
  },
  "jaccard": [
    0.7672479150871873
  ],
  "braycurtis": [
    0.6382589612289685
  ],
  "dice": [
    0.6223862238622386
  ],
  "cosinus": [
    0.3054009501267826
  ]
}