{
  "voc_eval_res": {
    "precision": 64.6667,
    "recall": 39.2713,
    "f-score": 48.8665
  },
  "KL_res": {
    "KL divergence": 1.727759197691429,
    "Euclidean Dist.": 0.116624323418004,
    "WER": 0.668997668997669,
    "CER": 0.518263266712612,
    "Cosine Dist.": 0.14281750766985457
  },
  "occ_eval_res": {
    "precision": 70.9924,
    "recall": 43.3566,
    "f-score": 53.835
  },
  "clean_eval": {
    "f-score": 23.915343915343918,
    "precision": 16.212338593974174,
    "recall": 45.564516129032256,
    "tp": 113,
    "fp": 584,
    "fn": 135
  },
  "jaccard": [
    0.5025553662691652
  ],
  "braycurtis": [
    0.3641908862576247
  ],
  "dice": [
    0.33560864618885095
  ],
  "cosinus": [
    0.4653059623948236
  ]
}