{
  "voc_eval_res": {
    "precision": 11.8881,
    "recall": 0.3558,
    "f-score": 0.6909
  },
  "KL_res": {
    "KL divergence": 3.715332123051524,
    "Euclidean Dist.": 0.16780365794752233,
    "WER": 0.9957142857142857,
    "CER": 0.9546666102555424,
    "Cosine Dist.": 0.9502382399109297
  },
  "occ_eval_res": {
    "precision": 12.4555,
    "recall": 0.5,
    "f-score": 0.9614
  },
  "clean_eval": {
    "f-score": 0.02871912693854107,
    "precision": 0.014945449110745777,
    "recall": 0.3663003663003663,
    "tp": 1,
    "fp": 6690,
    "fn": 272
  },
  "jaccard": [
    0.8561064087061668
  ],
  "braycurtis": [
    0.9187174348697394
  ],
  "dice": [
    0.7484143763213531
  ],
  "cosinus": [
    0.2819659694320754
  ]
}