{
  "voc_eval_res": {
    "precision": 37.5,
    "recall": 21.4286,
    "f-score": 27.2727
  },
  "KL_res": {
    "KL divergence": 2.8066863303748106,
    "Euclidean Dist.": 0.14060073439652124,
    "WER": 0.8602739726027397,
    "CER": 0.7327433628318584,
    "Cosine Dist.": 0.1969921533584521
  },
  "occ_eval_res": {
    "precision": 40.3226,
    "recall": 34.2466,
    "f-score": 37.037
  },
  "clean_eval": {
    "f-score": 8.333333333333332,
    "precision": 7.7142857142857135,
    "recall": 9.060402684563758,
    "tp": 27,
    "fp": 323,
    "fn": 271
  },
  "jaccard": [
    0.6104039845047039
  ],
  "braycurtis": [
    0.343112026076514
  ],
  "dice": [
    0.43926722421346076
  ],
  "cosinus": [
    0.11879617305887158
  ]
}