{
  "voc_eval_res": {
    "precision": 26.25,
    "recall": 3.2382,
    "f-score": 5.7653
  },
  "KL_res": {
    "KL divergence": 2.8665177277945593,
    "Euclidean Dist.": 0.16060600991818766,
    "WER": 0.9737159392331806,
    "CER": 0.8936161680968803,
    "Cosine Dist.": 0.7062282313298722
  },
  "occ_eval_res": {
    "precision": 33.6714,
    "recall": 4.0029,
    "f-score": 7.1552
  },
  "clean_eval": {
    "f-score": 0.9688581314878892,
    "precision": 0.5446058091286307,
    "recall": 4.3841336116910234,
    "tp": 21,
    "fp": 3835,
    "fn": 458
  },
  "jaccard": [
    0.7818605484853917
  ],
  "braycurtis": [
    0.8006021144017363
  ],
  "dice": [
    0.6418481459682166
  ],
  "cosinus": [
    0.2741847065563765
  ]
}