{
  "voc_eval_res": {
    "precision": 55.102,
    "recall": 11.2266,
    "f-score": 18.6528
  },
  "KL_res": {
    "KL divergence": 3.921694287563298,
    "Euclidean Dist.": 0.40907307118768776,
    "WER": 0.8749700598802396,
    "CER": 0.6564790858128504,
    "Cosine Dist.": 0.8629159343465131
  },
  "occ_eval_res": {
    "precision": 61.0009,
    "recall": 15.4731,
    "f-score": 24.6848
  },
  "clean_eval": {
    "f-score": 5.902026362384418,
    "precision": 3.7091988130563793,
    "recall": 14.436958614051973,
    "tp": 150,
    "fp": 3894,
    "fn": 889
  },
  "jaccard": [
    0.6944987433677744
  ],
  "braycurtis": [
    0.4452908094255001
  ],
  "dice": [
    0.5319786096256685
  ],
  "cosinus": [
    0.4439557920004077
  ]
}