{
  "voc_eval_res": {
    "precision": 47.7679,
    "recall": 17.8037,
    "f-score": 25.9394
  },
  "KL_res": {
    "KL divergence": 3.492422246817911,
    "Euclidean Dist.": 0.23013179144521376,
    "WER": 0.8456037021455617,
    "CER": 0.6124575210159184,
    "Cosine Dist.": 0.7627883138702232
  },
  "occ_eval_res": {
    "precision": 56.8449,
    "recall": 22.3601,
    "f-score": 32.0954
  },
  "clean_eval": {
    "f-score": 15.082580243066376,
    "precision": 10.521739130434783,
    "recall": 26.62266226622662,
    "tp": 484,
    "fp": 4116,
    "fn": 1334
  },
  "jaccard": [
    0.6509863429438544
  ],
  "braycurtis": [
    0.35722245807684144
  ],
  "dice": [
    0.48256467941507314
  ],
  "cosinus": [
    0.3464195489521614
  ]
}