{
  "voc_eval_res": {
    "precision": 45.0,
    "recall": 10.4046,
    "f-score": 16.9014
  },
  "KL_res": {
    "KL divergence": 4.836132862988169,
    "Euclidean Dist.": 0.3665411803001879,
    "WER": 0.8857142857142857,
    "CER": 0.7239422084623323,
    "Cosine Dist.": 0.6826083241898238
  },
  "occ_eval_res": {
    "precision": 32.7103,
    "recall": 14.2857,
    "f-score": 19.8864
  },
  "clean_eval": {
    "f-score": 15.60283687943262,
    "precision": 12.222222222222221,
    "recall": 21.568627450980394,
    "tp": 22,
    "fp": 158,
    "fn": 80
  },
  "jaccard": [
    0.7793827971109653
  ],
  "braycurtis": [
    0.5494296577946768
  ],
  "dice": [
    0.6385153308230231
  ],
  "cosinus": [
    0.34621725389598834
  ]
}