{
  "voc_eval_res": {
    "precision": 15.7233,
    "recall": 0.5298,
    "f-score": 1.025
  },
  "KL_res": {
    "KL divergence": 3.3718111633157126,
    "Euclidean Dist.": 0.2814638986274641,
    "WER": 0.9867248908296943,
    "CER": 0.9011257747607202,
    "Cosine Dist.": 0.6556951264630921
  },
  "occ_eval_res": {
    "precision": 12.1483,
    "recall": 1.6594,
    "f-score": 2.9199
  },
  "clean_eval": {
    "f-score": 0.09721322099805574,
    "precision": 0.05547337278106509,
    "recall": 0.3926701570680628,
    "tp": 3,
    "fp": 5405,
    "fn": 761
  },
  "jaccard": [
    0.8349298665754362
  ],
  "braycurtis": [
    0.8256419799032378
  ],
  "dice": [
    0.7166348553810014
  ],
  "cosinus": [
    0.4027024258373022
  ]
}