{
  "voc_eval_res": {
    "precision": 73.0769,
    "recall": 29.6875,
    "f-score": 42.2222
  },
  "KL_res": {
    "KL divergence": 1.512495396419211,
    "Euclidean Dist.": 0.18081071248137698,
    "WER": 0.5149253731343284,
    "CER": 0.38791732909379967,
    "Cosine Dist.": 0.046995469599990236
  },
  "occ_eval_res": {
    "precision": 73.6364,
    "recall": 60.4478,
    "f-score": 66.3934
  },
  "clean_eval": {
    "f-score": 45.83333333333333,
    "precision": 42.30769230769231,
    "recall": 50.0,
    "tp": 55,
    "fp": 75,
    "fn": 55
  },
  "jaccard": [
    0.5694444444444444
  ],
  "braycurtis": [
    0.2017720499395892
  ],
  "dice": [
    0.39805825242718446
  ],
  "cosinus": [
    0.029676905539446574
  ]
}