{
  "voc_eval_res": {
    "precision": 49.5575,
    "recall": 24.8889,
    "f-score": 33.1361
  },
  "KL_res": {
    "KL divergence": 1.9678628040744781,
    "Euclidean Dist.": 0.14292976005079733,
    "WER": 0.6607142857142857,
    "CER": 0.47649429147078576,
    "Cosine Dist.": 0.05351277886596206
  },
  "occ_eval_res": {
    "precision": 63.8889,
    "recall": 46.2054,
    "f-score": 53.6269
  },
  "clean_eval": {
    "f-score": 8.62656072644722,
    "precision": 6.7736185383244205,
    "recall": 11.875,
    "tp": 38,
    "fp": 523,
    "fn": 282
  },
  "jaccard": [
    0.6118694362017805
  ],
  "braycurtis": [
    0.27274284735309234
  ],
  "dice": [
    0.4407866609662249
  ],
  "cosinus": [
    0.1595345419434374
  ]
}