{
  "voc_eval_res": {
    "precision": 52.7778,
    "recall": 16.8142,
    "f-score": 25.5034
  },
  "KL_res": {
    "KL divergence": 4.0517273002427645,
    "Euclidean Dist.": 0.1912939683822306,
    "WER": 0.8556005398110661,
    "CER": 0.6668954472660719,
    "Cosine Dist.": 0.7106132505628618
  },
  "occ_eval_res": {
    "precision": 50.5618,
    "recall": 18.2186,
    "f-score": 26.7857
  },
  "clean_eval": {
    "f-score": 15.463917525773196,
    "precision": 10.53370786516854,
    "recall": 29.069767441860467,
    "tp": 75,
    "fp": 637,
    "fn": 183
  },
  "jaccard": [
    0.6246730601569311
  ],
  "braycurtis": [
    0.44175857380268924
  ],
  "dice": [
    0.45419968304278924
  ],
  "cosinus": [
    0.19330104606333565
  ]
}