{
  "voc_eval_res": {
    "precision": 50.4717,
    "recall": 31.8452,
    "f-score": 39.0511
  },
  "KL_res": {
    "KL divergence": 0.9114403630838311,
    "Euclidean Dist.": 0.13090198798516592,
    "WER": 0.7684674751929438,
    "CER": 0.5299635956314758,
    "Cosine Dist.": 0.10397804641719177
  },
  "occ_eval_res": {
    "precision": 55.8266,
    "recall": 68.1367,
    "f-score": 61.3704
  },
  "clean_eval": {
    "f-score": 19.308208569953536,
    "precision": 20.437158469945356,
    "recall": 18.297455968688844,
    "tp": 187,
    "fp": 728,
    "fn": 835
  },
  "jaccard": [
    0.535958904109589
  ],
  "braycurtis": [
    0.21007961050069082
  ],
  "dice": [
    0.36608187134502923
  ],
  "cosinus": [
    0.038963603410476666
  ]
}