{
  "voc_eval_res": {
    "precision": 40.4762,
    "recall": 3.5789,
    "f-score": 6.5764
  },
  "KL_res": {
    "KL divergence": 4.657718987250156,
    "Euclidean Dist.": 0.36689220386415927,
    "WER": 0.9323308270676691,
    "CER": 0.7873082287308228,
    "Cosine Dist.": 0.4232345937909475
  },
  "occ_eval_res": {
    "precision": 45.3125,
    "recall": 8.7218,
    "f-score": 14.628
  },
  "clean_eval": {
    "f-score": 6.976744186046512,
    "precision": 4.179566563467492,
    "recall": 21.09375,
    "tp": 27,
    "fp": 619,
    "fn": 101
  },
  "jaccard": [
    0.8162593984962406
  ],
  "braycurtis": [
    0.6395663956639567
  ],
  "dice": [
    0.6895593489479952
  ],
  "cosinus": [
    0.2704312257005086
  ]
}