{
  "voc_eval_res": {
    "precision": 43.4783,
    "recall": 8.5837,
    "f-score": 14.3369
  },
  "KL_res": {
    "KL divergence": 3.4342286242202973,
    "Euclidean Dist.": 0.21875276344712122,
    "WER": 0.880674448767834,
    "CER": 0.6938353330575093,
    "Cosine Dist.": 0.4350007535611895
  },
  "occ_eval_res": {
    "precision": 45.2297,
    "recall": 16.6018,
    "f-score": 24.2884
  },
  "clean_eval": {
    "f-score": 4.743083003952568,
    "precision": 3.278688524590164,
    "recall": 8.571428571428571,
    "tp": 24,
    "fp": 708,
    "fn": 256
  },
  "jaccard": [
    0.7476255088195387
  ],
  "braycurtis": [
    0.4975643702157272
  ],
  "dice": [
    0.5969664138678223
  ],
  "cosinus": [
    0.19558945655851567
  ]
}