{
  "voc_eval_res": {
    "precision": 29.4624,
    "recall": 4.5865,
    "f-score": 7.9374
  },
  "KL_res": {
    "KL divergence": 2.4399870863416546,
    "Euclidean Dist.": 0.10075178150479837,
    "WER": 0.9761416589002796,
    "CER": 0.8893533070286899,
    "Cosine Dist.": 0.5508271337208979
  },
  "occ_eval_res": {
    "precision": 37.3529,
    "recall": 4.7344,
    "f-score": 8.4036
  },
  "clean_eval": {
    "f-score": 2.389318341531975,
    "precision": 1.3540422142572681,
    "recall": 10.149253731343283,
    "tp": 68,
    "fp": 4954,
    "fn": 602
  },
  "jaccard": [
    0.7577286039700618
  ],
  "braycurtis": [
    0.7902142259896779
  ],
  "dice": [
    0.609954158480681
  ],
  "cosinus": [
    0.18856049792819762
  ]
}