{
  "voc_eval_res": {
    "precision": 35.7934,
    "recall": 23.6297,
    "f-score": 28.4666
  },
  "KL_res": {
    "KL divergence": 2.3374424223356334,
    "Euclidean Dist.": 0.13501419153671115,
    "WER": 0.8446163765312702,
    "CER": 0.6549517301225729,
    "Cosine Dist.": 0.6503756854429816
  },
  "occ_eval_res": {
    "precision": 42.2477,
    "recall": 26.1767,
    "f-score": 32.3248
  },
  "clean_eval": {
    "f-score": 21.695760598503743,
    "precision": 17.706919945725915,
    "recall": 28.00429184549356,
    "tp": 261,
    "fp": 1213,
    "fn": 671
  },
  "jaccard": [
    0.6053511705685619
  ],
  "braycurtis": [
    0.2857779262724134
  ],
  "dice": [
    0.434052757793765
  ],
  "cosinus": [
    0.10658519319009674
  ]
}