{
  "voc_eval_res": {
    "precision": 25.3968,
    "recall": 3.7123,
    "f-score": 6.4777
  },
  "KL_res": {
    "KL divergence": 4.843897409755764,
    "Euclidean Dist.": 0.5660783788809772,
    "WER": 0.9560632688927944,
    "CER": 0.7102220166512488,
    "Cosine Dist.": 0.8986480525078464
  },
  "occ_eval_res": {
    "precision": 11.5385,
    "recall": 5.7996,
    "f-score": 7.7193
  },
  "clean_eval": {
    "f-score": 2.5062656641604013,
    "precision": 1.953125,
    "recall": 3.4965034965034967,
    "tp": 10,
    "fp": 502,
    "fn": 276
  },
  "jaccard": [
    0.8027621924902891
  ],
  "braycurtis": [
    0.6479475484606614
  ],
  "dice": [
    0.6705118961788031
  ],
  "cosinus": [
    0.43776168020290873
  ]
}