{
  "voc_eval_res": {
    "precision": 32.5,
    "recall": 10.0,
    "f-score": 15.2941
  },
  "KL_res": {
    "KL divergence": 5.225038260852559,
    "Euclidean Dist.": 0.3258090231865429,
    "WER": 0.8713692946058091,
    "CER": 0.6547958214624882,
    "Cosine Dist.": 0.7350214313471628
  },
  "occ_eval_res": {
    "precision": 29.9065,
    "recall": 13.278,
    "f-score": 18.3908
  },
  "clean_eval": {
    "f-score": 18.808777429467085,
    "precision": 13.82488479262673,
    "recall": 29.411764705882355,
    "tp": 30,
    "fp": 187,
    "fn": 72
  },
  "jaccard": [
    0.7088948787061995
  ],
  "braycurtis": [
    0.5162072099363829
  ],
  "dice": [
    0.5490605427974948
  ],
  "cosinus": [
    0.349441271601314
  ]
}