{
  "voc_eval_res": {
    "precision": 72.4138,
    "recall": 40.7767,
    "f-score": 52.1739
  },
  "KL_res": {
    "KL divergence": 1.636424116397861,
    "Euclidean Dist.": 0.1523018082449982,
    "WER": 0.5938967136150235,
    "CER": 0.4570992366412214,
    "Cosine Dist.": 0.23132457457748945
  },
  "occ_eval_res": {
    "precision": 71.6724,
    "recall": 49.2958,
    "f-score": 58.4145
  },
  "clean_eval": {
    "f-score": 31.416549789621318,
    "precision": 26.291079812206576,
    "recall": 39.02439024390244,
    "tp": 112,
    "fp": 314,
    "fn": 175
  },
  "jaccard": [
    0.4541160593792173
  ],
  "braycurtis": [
    0.24511701566074257
  ],
  "dice": [
    0.2937581841990397
  ],
  "cosinus": [
    0.07970903601497736
  ]
}