{
  "voc_eval_res": {
    "precision": 48.1775,
    "recall": 37.9526,
    "f-score": 42.4581
  },
  "KL_res": {
    "KL divergence": 0.9714283605769349,
    "Euclidean Dist.": 0.06179445496674979,
    "WER": 0.6359765832889835,
    "CER": 0.48021527735306707,
    "Cosine Dist.": 0.08271096638055997
  },
  "occ_eval_res": {
    "precision": 57.5607,
    "recall": 61.7882,
    "f-score": 59.5996
  },
  "clean_eval": {
    "f-score": 41.46472805600431,
    "precision": 43.11310190369541,
    "recall": 39.93775933609959,
    "tp": 770,
    "fp": 1016,
    "fn": 1158
  },
  "jaccard": [
    0.4482424242424242
  ],
  "braycurtis": [
    0.1657980078758397
  ],
  "dice": [
    0.2888611154507108
  ],
  "cosinus": [
    0.02933466458998435
  ]
}