{
  "voc_eval_res": {
    "precision": 31.3725,
    "recall": 1.7391,
    "f-score": 3.2956
  },
  "KL_res": {
    "KL divergence": 5.150398057998069,
    "Euclidean Dist.": 0.3249902814813513,
    "WER": 0.9809782608695652,
    "CER": 0.8829059829059829,
    "Cosine Dist.": 0.8781463885447328
  },
  "occ_eval_res": {
    "precision": 28.0992,
    "recall": 2.3098,
    "f-score": 4.2687
  },
  "clean_eval": {
    "f-score": 2.6936026936026938,
    "precision": 1.466275659824047,
    "recall": 16.528925619834713,
    "tp": 20,
    "fp": 1344,
    "fn": 101
  },
  "jaccard": [
    0.8614985403827441
  ],
  "braycurtis": [
    0.8012448570524316
  ],
  "dice": [
    0.7566951566951567
  ],
  "cosinus": [
    0.457388534726921
  ]
}