{
  "voc_eval_res": {
    "precision": 16.3793,
    "recall": 0.7014,
    "f-score": 1.3451
  },
  "KL_res": {
    "KL divergence": 3.8680207526942234,
    "Euclidean Dist.": 0.21401883210201708,
    "WER": 0.9892835272504593,
    "CER": 0.9251030421982336,
    "Cosine Dist.": 0.8524843904310831
  },
  "occ_eval_res": {
    "precision": 15.3846,
    "recall": 1.3472,
    "f-score": 2.4775
  },
  "clean_eval": {
    "f-score": 0.30156815440289503,
    "precision": 0.16458196181698487,
    "recall": 1.7985611510791366,
    "tp": 5,
    "fp": 3033,
    "fn": 273
  },
  "jaccard": [
    0.8604852686308492
  ],
  "braycurtis": [
    0.8713303737648576
  ],
  "dice": [
    0.7551330798479088
  ],
  "cosinus": [
    0.3567761520699688
  ]
}