{
  "voc_eval_res": {
    "precision": 61.9048,
    "recall": 39.0,
    "f-score": 47.8528
  },
  "KL_res": {
    "KL divergence": 2.84230558829616,
    "Euclidean Dist.": 0.12795775581466473,
    "WER": 0.6859504132231405,
    "CER": 0.54,
    "Cosine Dist.": 0.31464710626053694
  },
  "occ_eval_res": {
    "precision": 64.3836,
    "recall": 38.843,
    "f-score": 48.4536
  },
  "clean_eval": {
    "f-score": 40.21739130434783,
    "precision": 31.62393162393162,
    "recall": 55.223880597014926,
    "tp": 37,
    "fp": 80,
    "fn": 30
  },
  "jaccard": [
    0.5134061569016882
  ],
  "braycurtis": [
    0.33967391304347827
  ],
  "dice": [
    0.3453573814295257
  ],
  "cosinus": [
    0.11385848662645182
  ]
}