{
  "voc_eval_res": {
    "precision": 76.7241,
    "recall": 43.4146,
    "f-score": 55.4517
  },
  "KL_res": {
    "KL divergence": 1.1433282094091215,
    "Euclidean Dist.": 0.12241362469803659,
    "WER": 0.54421768707483,
    "CER": 0.4369641155922515,
    "Cosine Dist.": 0.13400277130754445
  },
  "occ_eval_res": {
    "precision": 81.4685,
    "recall": 52.8345,
    "f-score": 64.099
  },
  "clean_eval": {
    "f-score": 35.26093088857546,
    "precision": 29.00232018561485,
    "recall": 44.96402877697842,
    "tp": 125,
    "fp": 306,
    "fn": 153
  },
  "jaccard": [
    0.4242867593269934
  ],
  "braycurtis": [
    0.23057184750733137
  ],
  "dice": [
    0.2692664809656453
  ],
  "cosinus": [
    0.05713566604528275
  ]
}