{
  "voc_eval_res": {
    "precision": 75.8621,
    "recall": 41.1215,
    "f-score": 53.3333
  },
  "KL_res": {
    "KL divergence": 1.2597037565551716,
    "Euclidean Dist.": 0.13274405346216608,
    "WER": 0.5452380952380952,
    "CER": 0.4285250162443145,
    "Cosine Dist.": 0.12250205046063056
  },
  "occ_eval_res": {
    "precision": 77.1331,
    "recall": 53.8095,
    "f-score": 63.3941
  },
  "clean_eval": {
    "f-score": 33.57041251778094,
    "precision": 28.365384615384613,
    "recall": 41.11498257839721,
    "tp": 118,
    "fp": 298,
    "fn": 169
  },
  "jaccard": [
    0.4541095890410959
  ],
  "braycurtis": [
    0.22195878168885647
  ],
  "dice": [
    0.29375276916260523
  ],
  "cosinus": [
    0.0489485457014992
  ]
}