{
  "voc_eval_res": {
    "precision": 45.7589,
    "recall": 14.6848,
    "f-score": 22.2343
  },
  "KL_res": {
    "KL divergence": 3.643423180434389,
    "Euclidean Dist.": 0.2395965669714419,
    "WER": 0.8604128346617617,
    "CER": 0.6273305175135458,
    "Cosine Dist.": 0.794268462258826
  },
  "occ_eval_res": {
    "precision": 53.4225,
    "recall": 20.4169,
    "f-score": 29.5431
  },
  "clean_eval": {
    "f-score": 13.660618996798293,
    "precision": 9.449483231385782,
    "recall": 24.64246424642464,
    "tp": 448,
    "fp": 4293,
    "fn": 1370
  },
  "jaccard": [
    0.6739526411657559
  ],
  "braycurtis": [
    0.37551294293751775
  ],
  "dice": [
    0.5082417582417582
  ],
  "cosinus": [
    0.37495888983352754
  ]
}