{
  "voc_eval_res": {
    "precision": 38.526,
    "recall": 15.252,
    "f-score": 21.8527
  },
  "KL_res": {
    "KL divergence": 2.634278549574155,
    "Euclidean Dist.": 0.0998475978746446,
    "WER": 0.8345690454124189,
    "CER": 0.6350437135720233,
    "Cosine Dist.": 0.3347124485621866
  },
  "occ_eval_res": {
    "precision": 37.0743,
    "recall": 22.1965,
    "f-score": 27.7681
  },
  "clean_eval": {
    "f-score": 20.257942749292226,
    "precision": 16.75338189386056,
    "recall": 25.616547334924423,
    "tp": 322,
    "fp": 1600,
    "fn": 935
  },
  "jaccard": [
    0.6148622429181219
  ],
  "braycurtis": [
    0.3327962594382839
  ],
  "dice": [
    0.44389970584115424
  ],
  "cosinus": [
    0.0839045445368739
  ]
}