{
  "voc_eval_res": {
    "precision": 61.1111,
    "recall": 19.0751,
    "f-score": 29.0749
  },
  "KL_res": {
    "KL divergence": 3.6387689053560868,
    "Euclidean Dist.": 0.26902969963292495,
    "WER": 0.8285714285714286,
    "CER": 0.6909184726522187,
    "Cosine Dist.": 0.5398498760728552
  },
  "occ_eval_res": {
    "precision": 50.0,
    "recall": 24.0816,
    "f-score": 32.5069
  },
  "clean_eval": {
    "f-score": 33.10344827586207,
    "precision": 26.666666666666668,
    "recall": 43.63636363636363,
    "tp": 48,
    "fp": 132,
    "fn": 62
  },
  "jaccard": [
    0.7154838709677419
  ],
  "braycurtis": [
    0.4654049022649705
  ],
  "dice": [
    0.55700652938222
  ],
  "cosinus": [
    0.24363287347538487
  ]
}