{
  "voc_eval_res": {
    "precision": 40.0,
    "recall": 11.9403,
    "f-score": 18.3908
  },
  "KL_res": {
    "KL divergence": 6.073220761177435,
    "Euclidean Dist.": 0.30081574847237325,
    "WER": 0.9278350515463918,
    "CER": 0.7750556792873051,
    "Cosine Dist.": 0.7318393907384035
  },
  "occ_eval_res": {
    "precision": 45.4545,
    "recall": 10.3093,
    "f-score": 16.8067
  },
  "clean_eval": {
    "f-score": 17.699115044247787,
    "precision": 10.989010989010989,
    "recall": 45.45454545454545,
    "tp": 10,
    "fp": 81,
    "fn": 12
  },
  "jaccard": [
    0.7869634340222575
  ],
  "braycurtis": [
    0.6349206349206349
  ],
  "dice": [
    0.6487549148099607
  ],
  "cosinus": [
    0.4297604475232424
  ]
}