{
  "voc_eval_res": {
    "precision": 73.9394,
    "recall": 71.345,
    "f-score": 72.619
  },
  "KL_res": {
    "KL divergence": 0.23104235793204644,
    "Euclidean Dist.": 0.023791824651446806,
    "WER": 0.2530404080031385,
    "CER": 0.2200154876326698,
    "Cosine Dist.": 0.002325721618131049
  },
  "occ_eval_res": {
    "precision": 87.0879,
    "recall": 87.0537,
    "f-score": 87.0708
  },
  "clean_eval": {
    "f-score": 75.27272727272728,
    "precision": 75.15127067365873,
    "recall": 75.39457709429381,
    "tp": 1863,
    "fp": 616,
    "fn": 608
  },
  "jaccard": [
    0.2542275723703067
  ],
  "braycurtis": [
    0.05769100092867335
  ],
  "dice": [
    0.1456246921687736
  ],
  "cosinus": [
    0.001812933720643728
  ]
}