{
  "voc_eval_res": {
    "precision": 67.5676,
    "recall": 19.685,
    "f-score": 30.4878
  },
  "KL_res": {
    "KL divergence": 1.2393967390322957,
    "Euclidean Dist.": 0.1894887464520172,
    "WER": 0.5897959183673469,
    "CER": 0.48122773362565086,
    "Cosine Dist.": 0.01654331297438194
  },
  "occ_eval_res": {
    "precision": 81.25,
    "recall": 47.7551,
    "f-score": 60.1542
  },
  "clean_eval": {
    "f-score": 5.461638491547465,
    "precision": 4.365904365904366,
    "recall": 7.291666666666667,
    "tp": 21,
    "fp": 460,
    "fn": 267
  },
  "jaccard": [
    0.606694560669456
  ],
  "braycurtis": [
    0.2751906539023203
  ],
  "dice": [
    0.43543543543543545
  ],
  "cosinus": [
    0.02307698457611096
  ]
}