{
  "voc_eval_res": {
    "precision": 62.6263,
    "recall": 35.2273,
    "f-score": 45.0909
  },
  "KL_res": {
    "KL divergence": 2.0291095757748616,
    "Euclidean Dist.": 0.09888394319196847,
    "WER": 0.6865912762520194,
    "CER": 0.5292131913788626,
    "Cosine Dist.": 0.20496752359061343
  },
  "occ_eval_res": {
    "precision": 66.7506,
    "recall": 42.811,
    "f-score": 52.1654
  },
  "clean_eval": {
    "f-score": 24.60776218001652,
    "precision": 18.126520681265205,
    "recall": 38.303341902313626,
    "tp": 149,
    "fp": 673,
    "fn": 240
  },
  "jaccard": [
    0.5304198800342759
  ],
  "braycurtis": [
    0.31397532188841204
  ],
  "dice": [
    0.360932944606414
  ],
  "cosinus": [
    0.33069873438655617
  ]
}