{
  "voc_eval_res": {
    "precision": 41.9355,
    "recall": 13.9785,
    "f-score": 20.9677
  },
  "KL_res": {
    "KL divergence": 5.935907381426406,
    "Euclidean Dist.": 0.4252510630338783,
    "WER": 0.871900826446281,
    "CER": 0.5682656826568265,
    "Cosine Dist.": 0.8707706638853695
  },
  "occ_eval_res": {
    "precision": 29.661,
    "recall": 14.4628,
    "f-score": 19.4444
  },
  "clean_eval": {
    "f-score": 16.477272727272727,
    "precision": 12.393162393162394,
    "recall": 24.576271186440678,
    "tp": 29,
    "fp": 205,
    "fn": 89
  },
  "jaccard": [
    0.6342105263157894
  ],
  "braycurtis": [
    0.47548035560653856
  ],
  "dice": [
    0.464354527938343
  ],
  "cosinus": [
    0.42035357141409213
  ]
}