{
  "voc_eval_res": {
    "precision": 53.8462,
    "recall": 13.5922,
    "f-score": 21.7054
  },
  "KL_res": {
    "KL divergence": 5.454841107545469,
    "Euclidean Dist.": 0.3686552174791769,
    "WER": 0.8735177865612648,
    "CER": 0.5573604060913706,
    "Cosine Dist.": 0.7757993693283813
  },
  "occ_eval_res": {
    "precision": 32.7273,
    "recall": 14.2292,
    "f-score": 19.8347
  },
  "clean_eval": {
    "f-score": 15.083798882681565,
    "precision": 10.887096774193548,
    "recall": 24.545454545454547,
    "tp": 27,
    "fp": 221,
    "fn": 83
  },
  "jaccard": [
    0.6763925729442971
  ],
  "braycurtis": [
    0.4602628285356696
  ],
  "dice": [
    0.5110220440881763
  ],
  "cosinus": [
    0.2695003294050997
  ]
}