{
  "voc_eval_res": {
    "precision": 26.9231,
    "recall": 21.2121,
    "f-score": 23.7288
  },
  "KL_res": {
    "KL divergence": 5.3386745243081855,
    "Euclidean Dist.": 0.25162735648297907,
    "WER": 0.8285714285714286,
    "CER": 0.6962025316455697,
    "Cosine Dist.": 0.620863541315979
  },
  "occ_eval_res": {
    "precision": 25.0,
    "recall": 20.0,
    "f-score": 22.2222
  },
  "clean_eval": {
    "f-score": 23.72881355932203,
    "precision": 21.875,
    "recall": 25.925925925925924,
    "tp": 7,
    "fp": 25,
    "fn": 20
  },
  "jaccard": [
    0.6496815286624203
  ],
  "braycurtis": [
    0.48812095032397407
  ],
  "dice": [
    0.4811320754716981
  ],
  "cosinus": [
    0.33566977724312597
  ]
}