{
  "voc_eval_res": {
    "precision": 60.9756,
    "recall": 14.2694,
    "f-score": 23.1267
  },
  "KL_res": {
    "KL divergence": 2.4254516272694757,
    "Euclidean Dist.": 0.1655147471053484,
    "WER": 0.811948404616429,
    "CER": 0.6530488333767023,
    "Cosine Dist.": 0.2197965487961694
  },
  "occ_eval_res": {
    "precision": 53.1777,
    "recall": 27.8344,
    "f-score": 36.5419
  },
  "clean_eval": {
    "f-score": 19.318759532282662,
    "precision": 15.767634854771783,
    "recall": 24.93438320209974,
    "tp": 190,
    "fp": 1015,
    "fn": 572
  },
  "jaccard": [
    0.7141151182230714
  ],
  "braycurtis": [
    0.3578491635041958
  ],
  "dice": [
    0.5553491827637445
  ],
  "cosinus": [
    0.08475696888121342
  ]
}