{
  "voc_eval_res": {
    "precision": 76.3889,
    "recall": 33.2661,
    "f-score": 46.3483
  },
  "KL_res": {
    "KL divergence": 1.2557656829016053,
    "Euclidean Dist.": 0.10154434665374391,
    "WER": 0.5938349954669084,
    "CER": 0.49817941079112876,
    "Cosine Dist.": 0.06450026132375353
  },
  "occ_eval_res": {
    "precision": 79.0569,
    "recall": 51.6772,
    "f-score": 62.5
  },
  "clean_eval": {
    "f-score": 39.37708565072302,
    "precision": 32.62672811059908,
    "recall": 49.64936886395512,
    "tp": 354,
    "fp": 731,
    "fn": 359
  },
  "jaccard": [
    0.503502266172229
  ],
  "braycurtis": [
    0.2185472994669578
  ],
  "dice": [
    0.33645374449339205
  ],
  "cosinus": [
    0.0327534958034974
  ]
}