{
  "voc_eval_res": {
    "precision": 75.0,
    "recall": 62.3762,
    "f-score": 68.1081
  },
  "KL_res": {
    "KL divergence": 0.45062767437769286,
    "Euclidean Dist.": 0.15060970812968916,
    "WER": 0.4868995633187773,
    "CER": 0.41694915254237286,
    "Cosine Dist.": 0.059341361696043426
  },
  "occ_eval_res": {
    "precision": 79.2237,
    "recall": 75.7642,
    "f-score": 77.4554
  },
  "clean_eval": {
    "f-score": 25.69832402234637,
    "precision": 25.109170305676855,
    "recall": 26.31578947368421,
    "tp": 115,
    "fp": 343,
    "fn": 322
  },
  "jaccard": [
    0.3193877551020408
  ],
  "braycurtis": [
    0.18002339865457737
  ],
  "dice": [
    0.19004250151791136
  ],
  "cosinus": [
    0.05129962336440941
  ]
}