{
  "voc_eval_res": {
    "precision": 73.8095,
    "recall": 53.913,
    "f-score": 62.3116
  },
  "KL_res": {
    "KL divergence": 1.8777604711411109,
    "Euclidean Dist.": 0.32725669998161805,
    "WER": 0.584070796460177,
    "CER": 0.40028439388553144,
    "Cosine Dist.": 0.48303539193922473
  },
  "occ_eval_res": {
    "precision": 60.9677,
    "recall": 55.7522,
    "f-score": 58.2435
  },
  "clean_eval": {
    "f-score": 27.371695178849148,
    "precision": 26.112759643916917,
    "recall": 28.75816993464052,
    "tp": 88,
    "fp": 249,
    "fn": 218
  },
  "jaccard": [
    0.35827876520112256
  ],
  "braycurtis": [
    0.27648914455372053
  ],
  "dice": [
    0.21823361823361823
  ],
  "cosinus": [
    0.2669317835388678
  ]
}