{
  "voc_eval_res": {
    "precision": 41.9355,
    "recall": 22.5108,
    "f-score": 29.2958
  },
  "KL_res": {
    "KL divergence": 2.8024997063240384,
    "Euclidean Dist.": 0.1504958707875327,
    "WER": 0.8625954198473282,
    "CER": 0.7223427331887202,
    "Cosine Dist.": 0.22935257227381878
  },
  "occ_eval_res": {
    "precision": 41.994,
    "recall": 35.369,
    "f-score": 38.3978
  },
  "clean_eval": {
    "f-score": 8.21529745042493,
    "precision": 7.671957671957672,
    "recall": 8.841463414634147,
    "tp": 29,
    "fp": 349,
    "fn": 299
  },
  "jaccard": [
    0.5642068564787914
  ],
  "braycurtis": [
    0.3330249768732655
  ],
  "dice": [
    0.39295831647106433
  ],
  "cosinus": [
    0.1294134103993999
  ]
}