{
  "voc_eval_res": {
    "precision": 50.0,
    "recall": 16.9545,
    "f-score": 25.3224
  },
  "KL_res": {
    "KL divergence": 2.783477371439118,
    "Euclidean Dist.": 0.1558414552484767,
    "WER": 0.8894830659536542,
    "CER": 0.7024578094914486,
    "Cosine Dist.": 0.3545976558214098
  },
  "occ_eval_res": {
    "precision": 46.0472,
    "recall": 29.59,
    "f-score": 36.0282
  },
  "clean_eval": {
    "f-score": 11.005053340819764,
    "precision": 9.176029962546817,
    "recall": 13.744740532959327,
    "tp": 98,
    "fp": 970,
    "fn": 615
  },
  "jaccard": [
    0.6472801915839891
  ],
  "braycurtis": [
    0.34399791910521527
  ],
  "dice": [
    0.47850278199291857
  ],
  "cosinus": [
    0.16541694922797223
  ]
}