{
  "voc_eval_res": {
    "precision": 51.9417,
    "recall": 13.7004,
    "f-score": 21.6819
  },
  "KL_res": {
    "KL divergence": 2.9205173492657637,
    "Euclidean Dist.": 0.15299224689115162,
    "WER": 0.9138339920948617,
    "CER": 0.7180085175420807,
    "Cosine Dist.": 0.4093699540299842
  },
  "occ_eval_res": {
    "precision": 43.5685,
    "recall": 24.9012,
    "f-score": 31.6901
  },
  "clean_eval": {
    "f-score": 9.672386895475817,
    "precision": 7.68595041322314,
    "recall": 13.043478260869565,
    "tp": 93,
    "fp": 1117,
    "fn": 620
  },
  "jaccard": [
    0.6762722256284488
  ],
  "braycurtis": [
    0.38591071536737537
  ],
  "dice": [
    0.5108846688281612
  ],
  "cosinus": [
    0.18804505814042982
  ]
}