{
  "voc_eval_res": {
    "precision": 42.4528,
    "recall": 25.641,
    "f-score": 31.9716
  },
  "KL_res": {
    "KL divergence": 1.2792746439468676,
    "Euclidean Dist.": 0.14952808338110554,
    "WER": 0.8558951965065502,
    "CER": 0.6243784842549345,
    "Cosine Dist.": 0.13653211630321005
  },
  "occ_eval_res": {
    "precision": 48.7805,
    "recall": 58.952,
    "f-score": 53.3861
  },
  "clean_eval": {
    "f-score": 16.799574694311538,
    "precision": 18.39348079161816,
    "recall": 15.459882583170254,
    "tp": 158,
    "fp": 701,
    "fn": 864
  },
  "jaccard": [
    0.5845602865101472
  ],
  "braycurtis": [
    0.25704416147385534
  ],
  "dice": [
    0.412988473432668
  ],
  "cosinus": [
    0.050152458878448436
  ]
}