{
  "voc_eval_res": {
    "precision": 68.7879,
    "recall": 64.6724,
    "f-score": 66.6667
  },
  "KL_res": {
    "KL divergence": 0.6191172703482145,
    "Euclidean Dist.": 0.06288245014587361,
    "WER": 0.5337349397590362,
    "CER": 0.39236160778143325,
    "Cosine Dist.": 0.0633834038257064
  },
  "occ_eval_res": {
    "precision": 72.4551,
    "recall": 72.8916,
    "f-score": 72.6727
  },
  "clean_eval": {
    "f-score": 48.80668257756564,
    "precision": 47.83625730994152,
    "recall": 49.817295980511574,
    "tp": 409,
    "fp": 446,
    "fn": 412
  },
  "jaccard": [
    0.3402985074626866
  ],
  "braycurtis": [
    0.139404432132964
  ],
  "dice": [
    0.20503597122302158
  ],
  "cosinus": [
    0.0227778865177779
  ]
}