{
  "voc_eval_res": {
    "precision": 55.8333,
    "recall": 24.0143,
    "f-score": 33.584
  },
  "KL_res": {
    "KL divergence": 3.544438261825058,
    "Euclidean Dist.": 0.20413432442106955,
    "WER": 0.7927565392354124,
    "CER": 0.6708123842286319,
    "Cosine Dist.": 0.4041113812291417
  },
  "occ_eval_res": {
    "precision": 55.6075,
    "recall": 23.9437,
    "f-score": 33.474
  },
  "clean_eval": {
    "f-score": 24.0,
    "precision": 17.942583732057415,
    "recall": 36.231884057971016,
    "tp": 75,
    "fp": 343,
    "fn": 132
  },
  "jaccard": [
    0.6326844262295082
  ],
  "braycurtis": [
    0.48636445728733974
  ],
  "dice": [
    0.4627201198950918
  ],
  "cosinus": [
    0.21375502370673938
  ]
}