{
  "voc_eval_res": {
    "precision": 63.6364,
    "recall": 34.6154,
    "f-score": 44.8399
  },
  "KL_res": {
    "KL divergence": 1.6686111481627908,
    "Euclidean Dist.": 0.07778033468640742,
    "WER": 0.6507936507936508,
    "CER": 0.5041256321533139,
    "Cosine Dist.": 0.10250012596310132
  },
  "occ_eval_res": {
    "precision": 66.7506,
    "recall": 46.7372,
    "f-score": 54.9793
  },
  "clean_eval": {
    "f-score": 24.07704654895666,
    "precision": 17.50291715285881,
    "recall": 38.56041131105398,
    "tp": 150,
    "fp": 707,
    "fn": 239
  },
  "jaccard": [
    0.5118568232662193
  ],
  "braycurtis": [
    0.30723860589812335
  ],
  "dice": [
    0.343956704750451
  ],
  "cosinus": [
    0.4561325810242507
  ]
}