{
  "voc_eval_res": {
    "precision": 78.7879,
    "recall": 65.0,
    "f-score": 71.2329
  },
  "KL_res": {
    "KL divergence": 0.990264579570519,
    "Euclidean Dist.": 0.08839431707592892,
    "WER": 0.43103448275862066,
    "CER": 0.4109848484848485,
    "Cosine Dist.": 0.08298755186721996
  },
  "occ_eval_res": {
    "precision": 81.0,
    "recall": 69.8276,
    "f-score": 75.0
  },
  "clean_eval": {
    "f-score": 70.81339712918661,
    "precision": 66.07142857142857,
    "recall": 76.28865979381443,
    "tp": 74,
    "fp": 38,
    "fn": 23
  },
  "jaccard": [
    0.33886255924170616
  ],
  "braycurtis": [
    0.17048222113979541
  ],
  "dice": [
    0.20399429386590584
  ],
  "cosinus": [
    0.03644429693459772
  ]
}