{
  "voc_eval_res": {
    "precision": 65.2778,
    "recall": 26.454,
    "f-score": 37.6502
  },
  "KL_res": {
    "KL divergence": 1.7400017259851204,
    "Euclidean Dist.": 0.11731404182459557,
    "WER": 0.7067264573991031,
    "CER": 0.5474367896079796,
    "Cosine Dist.": 0.12865174333061347
  },
  "occ_eval_res": {
    "precision": 65.651,
    "recall": 42.5112,
    "f-score": 51.6059
  },
  "clean_eval": {
    "f-score": 28.68617326448652,
    "precision": 24.295432458697768,
    "recall": 35.01400560224089,
    "tp": 250,
    "fp": 779,
    "fn": 464
  },
  "jaccard": [
    0.5899280575539568
  ],
  "braycurtis": [
    0.23462474511609552
  ],
  "dice": [
    0.41836734693877553
  ],
  "cosinus": [
    0.03791827378022106
  ]
}