{
  "voc_eval_res": {
    "precision": 31.016,
    "recall": 11.7172,
    "f-score": 17.0088
  },
  "KL_res": {
    "KL divergence": 3.095340817207717,
    "Euclidean Dist.": 0.19743965999960963,
    "WER": 0.958963282937365,
    "CER": 0.7295971074380165,
    "Cosine Dist.": 0.311809814760026
  },
  "occ_eval_res": {
    "precision": 24.9749,
    "recall": 26.8898,
    "f-score": 25.897
  },
  "clean_eval": {
    "f-score": 6.5230052417006394,
    "precision": 6.580493537015276,
    "recall": 6.466512702078522,
    "tp": 56,
    "fp": 795,
    "fn": 810
  },
  "jaccard": [
    0.6468069925080271
  ],
  "braycurtis": [
    0.43521996562042403
  ],
  "dice": [
    0.47798576324808856
  ],
  "cosinus": [
    0.21703851371400384
  ]
}