{
  "voc_eval_res": {
    "precision": 33.7517,
    "recall": 4.3038,
    "f-score": 7.6341
  },
  "KL_res": {
    "KL divergence": 2.901488566694971,
    "Euclidean Dist.": 0.10322423191575876,
    "WER": 0.9528026784749973,
    "CER": 0.8029718449247716,
    "Cosine Dist.": 0.7920147885938071
  },
  "occ_eval_res": {
    "precision": 25.5236,
    "recall": 6.3182,
    "f-score": 10.129
  },
  "clean_eval": {
    "f-score": 4.7950357277171864,
    "precision": 3.0382461575122126,
    "recall": 11.368702630405707,
    "tp": 255,
    "fp": 8138,
    "fn": 1988
  },
  "jaccard": [
    0.7076355378938405
  ],
  "braycurtis": [
    0.6594553977973667
  ],
  "dice": [
    0.5475510652317154
  ],
  "cosinus": [
    0.2526450382517572
  ]
}