{
  "voc_eval_res": {
    "precision": 48.6111,
    "recall": 15.861,
    "f-score": 23.918
  },
  "KL_res": {
    "KL divergence": 2.8439190634303864,
    "Euclidean Dist.": 0.15666801799576097,
    "WER": 0.8874570446735395,
    "CER": 0.7027621877407285,
    "Cosine Dist.": 0.35409213671895623
  },
  "occ_eval_res": {
    "precision": 45.2909,
    "recall": 28.0928,
    "f-score": 34.6766
  },
  "clean_eval": {
    "f-score": 10.087719298245615,
    "precision": 8.288288288288289,
    "recall": 12.885154061624648,
    "tp": 92,
    "fp": 1018,
    "fn": 622
  },
  "jaccard": [
    0.6532445923460899
  ],
  "braycurtis": [
    0.351934618822628
  ],
  "dice": [
    0.48505065480602916
  ],
  "cosinus": [
    0.16344065429409593
  ]
}