{
  "voc_eval_res": {
    "precision": 45.8599,
    "recall": 17.4334,
    "f-score": 25.2632
  },
  "KL_res": {
    "KL divergence": 2.8405794230716253,
    "Euclidean Dist.": 0.134525499113313,
    "WER": 0.9394128669581512,
    "CER": 0.7199508398197461,
    "Cosine Dist.": 0.35069678125710746
  },
  "occ_eval_res": {
    "precision": 42.8716,
    "recall": 26.4834,
    "f-score": 32.7413
  },
  "clean_eval": {
    "f-score": 11.177644710578841,
    "precision": 9.138381201044385,
    "recall": 14.388489208633093,
    "tp": 140,
    "fp": 1392,
    "fn": 833
  },
  "jaccard": [
    0.6217440543601359
  ],
  "braycurtis": [
    0.3427560169891458
  ],
  "dice": [
    0.45110928512736237
  ],
  "cosinus": [
    0.13001064746006386
  ]
}