{
  "voc_eval_res": {
    "precision": 35.7955,
    "recall": 10.3789,
    "f-score": 16.092
  },
  "KL_res": {
    "KL divergence": 3.6905746390310563,
    "Euclidean Dist.": 0.15603635866384125,
    "WER": 0.8848101265822785,
    "CER": 0.7218693284936479,
    "Cosine Dist.": 0.6039755010747321
  },
  "occ_eval_res": {
    "precision": 31.7919,
    "recall": 13.9241,
    "f-score": 19.3662
  },
  "clean_eval": {
    "f-score": 11.363636363636365,
    "precision": 8.344923504867872,
    "recall": 17.804154302670625,
    "tp": 60,
    "fp": 659,
    "fn": 277
  },
  "jaccard": [
    0.6706428098078198
  ],
  "braycurtis": [
    0.5060519945268919
  ],
  "dice": [
    0.5044865403788634
  ],
  "cosinus": [
    0.15707648017167253
  ]
}