{
  "voc_eval_res": {
    "precision": 57.1429,
    "recall": 30.303,
    "f-score": 39.604
  },
  "KL_res": {
    "KL divergence": 1.0944269259290396,
    "Euclidean Dist.": 0.12824792723410017,
    "WER": 0.6118721461187214,
    "CER": 0.45025217790004585,
    "Cosine Dist.": 0.027822228101024304
  },
  "occ_eval_res": {
    "precision": 79.8817,
    "recall": 61.6438,
    "f-score": 69.5876
  },
  "clean_eval": {
    "f-score": 41.038961038961034,
    "precision": 36.405529953917046,
    "recall": 47.023809523809526,
    "tp": 79,
    "fp": 138,
    "fn": 89
  },
  "jaccard": [
    0.5689189189189189
  ],
  "braycurtis": [
    0.20516096065406234
  ],
  "dice": [
    0.3975448536355052
  ],
  "cosinus": [
    0.01826788935949686
  ]
}