{
  "voc_eval_res": {
    "precision": 51.1344,
    "recall": 26.5399,
    "f-score": 34.9434
  },
  "KL_res": {
    "KL divergence": 2.204562788417326,
    "Euclidean Dist.": 0.07445162896163085,
    "WER": 0.7549295774647887,
    "CER": 0.5715336520779698,
    "Cosine Dist.": 0.23179394616899873
  },
  "occ_eval_res": {
    "precision": 51.6562,
    "recall": 32.507,
    "f-score": 39.9032
  },
  "clean_eval": {
    "f-score": 33.68344802607751,
    "precision": 27.645659928656364,
    "recall": 43.09545875810936,
    "tp": 465,
    "fp": 1217,
    "fn": 614
  },
  "jaccard": [
    0.5245398773006135
  ],
  "braycurtis": [
    0.26073782909552473
  ],
  "dice": [
    0.35550935550935553
  ],
  "cosinus": [
    0.06993057718549933
  ]
}