{
  "voc_eval_res": {
    "precision": 51.3123,
    "recall": 28.1295,
    "f-score": 36.3383
  },
  "KL_res": {
    "KL divergence": 1.778643436735848,
    "Euclidean Dist.": 0.08439952262243589,
    "WER": 0.7509266123054115,
    "CER": 0.5635555989456213,
    "Cosine Dist.": 0.13831318807140136
  },
  "occ_eval_res": {
    "precision": 54.9841,
    "recall": 38.4359,
    "f-score": 45.2443
  },
  "clean_eval": {
    "f-score": 26.828153564899456,
    "precision": 23.293650793650794,
    "recall": 31.627155172413797,
    "tp": 587,
    "fp": 1933,
    "fn": 1269
  },
  "jaccard": [
    0.530581370218284
  ],
  "braycurtis": [
    0.24924617704070645
  ],
  "dice": [
    0.3610825121341374
  ],
  "cosinus": [
    0.06395267116890935
  ]
}