{
  "voc_eval_res": {
    "precision": 30.2326,
    "recall": 15.6627,
    "f-score": 20.6349
  },
  "KL_res": {
    "KL divergence": 4.693285709900864,
    "Euclidean Dist.": 0.1764814931068122,
    "WER": 0.84375,
    "CER": 0.7331334332833583,
    "Cosine Dist.": 0.47304235251894255
  },
  "occ_eval_res": {
    "precision": 36.1702,
    "recall": 17.7083,
    "f-score": 23.7762
  },
  "clean_eval": {
    "f-score": 21.58273381294964,
    "precision": 16.483516483516482,
    "recall": 31.25,
    "tp": 15,
    "fp": 76,
    "fn": 33
  },
  "jaccard": [
    0.7397899649941657
  ],
  "braycurtis": [
    0.635036496350365
  ],
  "dice": [
    0.587037037037037
  ],
  "cosinus": [
    0.3935687670400878
  ]
}