{
  "voc_eval_res": {
    "precision": 48.9431,
    "recall": 19.0869,
    "f-score": 27.4635
  },
  "KL_res": {
    "KL divergence": 2.879723907881731,
    "Euclidean Dist.": 0.15736831993395967,
    "WER": 0.9061784897025171,
    "CER": 0.7204270862601855,
    "Cosine Dist.": 0.6685701018245198
  },
  "occ_eval_res": {
    "precision": 56.0235,
    "recall": 13.0892,
    "f-score": 21.2206
  },
  "clean_eval": {
    "f-score": 16.912209889001012,
    "precision": 10.58348067693862,
    "recall": 42.06827309236948,
    "tp": 419,
    "fp": 3540,
    "fn": 577
  },
  "jaccard": [
    0.6980789593102406
  ],
  "braycurtis": [
    0.48514233241505966
  ],
  "dice": [
    0.5361914720576275
  ],
  "cosinus": [
    0.26756199563446337
  ]
}