{
  "voc_eval_res": {
    "precision": 36.5854,
    "recall": 3.304,
    "f-score": 6.0606
  },
  "KL_res": {
    "KL divergence": 4.892694967890246,
    "Euclidean Dist.": 0.33132074622250723,
    "WER": 0.9485179407176287,
    "CER": 0.7871031257691361,
    "Cosine Dist.": 0.5330250021001874
  },
  "occ_eval_res": {
    "precision": 34.6457,
    "recall": 6.8643,
    "f-score": 11.4583
  },
  "clean_eval": {
    "f-score": 5.929919137466308,
    "precision": 3.577235772357724,
    "recall": 17.322834645669293,
    "tp": 22,
    "fp": 593,
    "fn": 105
  },
  "jaccard": [
    0.8164829899377096
  ],
  "braycurtis": [
    0.6441798941798942
  ],
  "dice": [
    0.6898785425101215
  ],
  "cosinus": [
    0.30561120266913033
  ]
}