{
  "voc_eval_res": {
    "precision": 22.1843,
    "recall": 4.0984,
    "f-score": 6.9186
  },
  "KL_res": {
    "KL divergence": 3.432179391077529,
    "Euclidean Dist.": 0.10750877513409812,
    "WER": 0.9711155378486056,
    "CER": 0.8491784458635288,
    "Cosine Dist.": 0.6275133368989754
  },
  "occ_eval_res": {
    "precision": 25.8065,
    "recall": 5.5777,
    "f-score": 9.1728
  },
  "clean_eval": {
    "f-score": 1.2773722627737227,
    "precision": 0.776914539400666,
    "recall": 3.5897435897435894,
    "tp": 14,
    "fp": 1788,
    "fn": 376
  },
  "jaccard": [
    0.7776651803810296
  ],
  "braycurtis": [
    0.735385517443565
  ],
  "dice": [
    0.636212900016581
  ],
  "cosinus": [
    0.20189866511513455
  ]
}