{
  "voc_eval_res": {
    "precision": 34.7181,
    "recall": 25.5459,
    "f-score": 29.434
  },
  "KL_res": {
    "KL divergence": 3.550184734703281,
    "Euclidean Dist.": 0.22023920333188327,
    "WER": 0.8667262969588551,
    "CER": 0.6685423851878743,
    "Cosine Dist.": 0.7067370542668328
  },
  "occ_eval_res": {
    "precision": 47.0942,
    "recall": 21.0197,
    "f-score": 29.0662
  },
  "clean_eval": {
    "f-score": 12.850904553961323,
    "precision": 9.212880143112702,
    "recall": 21.237113402061855,
    "tp": 103,
    "fp": 1015,
    "fn": 382
  },
  "jaccard": [
    0.5893719806763285
  ],
  "braycurtis": [
    0.40120783956244305
  ],
  "dice": [
    0.4178082191780822
  ],
  "cosinus": [
    0.31469554972614977
  ]
}