{
  "voc_eval_res": {
    "precision": 34.2857,
    "recall": 30.0,
    "f-score": 32.0
  },
  "KL_res": {
    "KL divergence": 3.949754554483446,
    "Euclidean Dist.": 0.19037260567157038,
    "WER": 0.8604651162790697,
    "CER": 0.6908517350157729,
    "Cosine Dist.": 0.4437790780518135
  },
  "occ_eval_res": {
    "precision": 35.1351,
    "recall": 30.2326,
    "f-score": 32.5
  },
  "clean_eval": {
    "f-score": 31.16883116883117,
    "precision": 28.57142857142857,
    "recall": 34.285714285714285,
    "tp": 12,
    "fp": 30,
    "fn": 23
  },
  "jaccard": [
    0.6714801444043321
  ],
  "braycurtis": [
    0.4834782608695652
  ],
  "dice": [
    0.5054347826086957
  ],
  "cosinus": [
    0.28936852195492846
  ]
}