{
  "voc_eval_res": {
    "precision": 1.6848,
    "recall": 4.4386,
    "f-score": 2.4425
  },
  "KL_res": {
    "KL divergence": 4.729367151189317,
    "Euclidean Dist.": 0.09235540007416969,
    "WER": 3.088888888888889,
    "CER": 1.9375202330851409,
    "Cosine Dist.": 0.7783774182609365
  },
  "occ_eval_res": {
    "precision": 2.4131,
    "recall": 7.5556,
    "f-score": 3.6579
  },
  "clean_eval": {
    "f-score": 0.5606166783461809,
    "precision": 0.91324200913242,
    "recall": 0.40444893832153694,
    "tp": 4,
    "fp": 434,
    "fn": 985
  },
  "jaccard": [
    0.8650513950073422
  ],
  "braycurtis": [
    0.7332216326910547
  ],
  "dice": [
    0.76219433303144
  ],
  "cosinus": [
    0.5420329490833417
  ]
}