{
  "voc_eval_res": {
    "precision": 44.8485,
    "recall": 6.6697,
    "f-score": 11.6124
  },
  "KL_res": {
    "KL divergence": 3.6785487577131444,
    "Euclidean Dist.": 0.2111213743217961,
    "WER": 0.9500247402276101,
    "CER": 0.8065555134520652,
    "Cosine Dist.": 0.8364638917012959
  },
  "occ_eval_res": {
    "precision": 47.0659,
    "recall": 6.4819,
    "f-score": 11.3946
  },
  "clean_eval": {
    "f-score": 3.9517014270032935,
    "precision": 2.267818574514039,
    "recall": 15.347137637028013,
    "tp": 126,
    "fp": 5430,
    "fn": 695
  },
  "jaccard": [
    0.7368035190615836
  ],
  "braycurtis": [
    0.634683329926709
  ],
  "dice": [
    0.583284968078932
  ],
  "cosinus": [
    0.2502931006933419
  ]
}