{
  "voc_eval_res": {
    "precision": 74.6606,
    "recall": 52.381,
    "f-score": 61.5672
  },
  "KL_res": {
    "KL divergence": 0.4921751914996782,
    "Euclidean Dist.": 0.05231748790661073,
    "WER": 0.5385385385385385,
    "CER": 0.4806037023935857,
    "Cosine Dist.": 0.024595843326190026
  },
  "occ_eval_res": {
    "precision": 88.2353,
    "recall": 57.0571,
    "f-score": 69.3009
  },
  "clean_eval": {
    "f-score": 37.171464330413016,
    "precision": 30.713547052740438,
    "recall": 47.068145800316955,
    "tp": 297,
    "fp": 670,
    "fn": 334
  },
  "jaccard": [
    0.3423545331529093
  ],
  "braycurtis": [
    0.23559322033898306
  ],
  "dice": [
    0.20653061224489797
  ],
  "cosinus": [
    0.01297933910041782
  ]
}