{
  "voc_eval_res": {
    "precision": 30.7918,
    "recall": 18.6833,
    "f-score": 23.2558
  },
  "KL_res": {
    "KL divergence": 3.309414935870182,
    "Euclidean Dist.": 0.3882383091414438,
    "WER": 0.9577092511013215,
    "CER": 0.7262240765738127,
    "Cosine Dist.": 0.7430117114148198
  },
  "occ_eval_res": {
    "precision": 23.7361,
    "recall": 24.4053,
    "f-score": 24.066
  },
  "clean_eval": {
    "f-score": 7.284172661870504,
    "precision": 7.43801652892562,
    "recall": 7.136563876651983,
    "tp": 81,
    "fp": 1008,
    "fn": 1054
  },
  "jaccard": [
    0.5659186535764376
  ],
  "braycurtis": [
    0.4238568588469185
  ],
  "dice": [
    0.3946210268948655
  ],
  "cosinus": [
    0.29804427339956174
  ]
}