{
  "voc_eval_res": {
    "precision": 28.4615,
    "recall": 16.3235,
    "f-score": 20.7477
  },
  "KL_res": {
    "KL divergence": 2.573609871355372,
    "Euclidean Dist.": 0.24197307230892443,
    "WER": 0.8848739495798319,
    "CER": 0.6963534361851332,
    "Cosine Dist.": 0.6497186501253444
  },
  "occ_eval_res": {
    "precision": 28.2548,
    "recall": 25.7143,
    "f-score": 26.9248
  },
  "clean_eval": {
    "f-score": 10.120481927710845,
    "precision": 9.615384615384617,
    "recall": 10.681586978636826,
    "tp": 105,
    "fp": 987,
    "fn": 878
  },
  "jaccard": [
    0.5784543325526932
  ],
  "braycurtis": [
    0.38277401031704633
  ],
  "dice": [
    0.40691927512355847
  ],
  "cosinus": [
    0.2879880755476899
  ]
}