{
  "voc_eval_res": {
    "precision": 63.3333,
    "recall": 58.2173,
    "f-score": 60.6676
  },
  "KL_res": {
    "KL divergence": 0.977254173790875,
    "Euclidean Dist.": 0.07211497477669135,
    "WER": 0.6103896103896104,
    "CER": 0.4571917808219178,
    "Cosine Dist.": 0.08870847068621623
  },
  "occ_eval_res": {
    "precision": 65.1497,
    "recall": 64.2267,
    "f-score": 64.6849
  },
  "clean_eval": {
    "f-score": 42.198581560283685,
    "precision": 40.9873708381171,
    "recall": 43.48355663824604,
    "tp": 357,
    "fp": 514,
    "fn": 464
  },
  "jaccard": [
    0.3708143861099628
  ],
  "braycurtis": [
    0.167070050480603
  ],
  "dice": [
    0.22760720629281908
  ],
  "cosinus": [
    0.03164940406836858
  ]
}