{
  "voc_eval_res": {
    "precision": 39.0374,
    "recall": 14.5418,
    "f-score": 21.1901
  },
  "KL_res": {
    "KL divergence": 2.3963589613248324,
    "Euclidean Dist.": 0.18467907434724765,
    "WER": 0.8777777777777778,
    "CER": 0.6793567894447499,
    "Cosine Dist.": 0.2403042731973153
  },
  "occ_eval_res": {
    "precision": 35.8074,
    "recall": 36.0606,
    "f-score": 35.9336
  },
  "clean_eval": {
    "f-score": 13.08298001211387,
    "precision": 13.757961783439491,
    "recall": 12.471131639722865,
    "tp": 108,
    "fp": 677,
    "fn": 758
  },
  "jaccard": [
    0.6537184594953519
  ],
  "braycurtis": [
    0.36786344908769864
  ],
  "dice": [
    0.48557336621454994
  ],
  "cosinus": [
    0.13365139933117753
  ]
}