{
  "voc_eval_res": {
    "precision": 72.7723,
    "recall": 62.5532,
    "f-score": 67.2769
  },
  "KL_res": {
    "KL divergence": 0.5529079933970924,
    "Euclidean Dist.": 0.060946000844508935,
    "WER": 0.39,
    "CER": 0.3191594155311115,
    "Cosine Dist.": 0.03458304954024827
  },
  "occ_eval_res": {
    "precision": 80.3328,
    "recall": 75.8571,
    "f-score": 78.0309
  },
  "clean_eval": {
    "f-score": 61.36701337295691,
    "precision": 59.6820809248555,
    "recall": 63.149847094801224,
    "tp": 413,
    "fp": 279,
    "fn": 241
  },
  "jaccard": [
    0.3271995399654974
  ],
  "braycurtis": [
    0.11952652926082279
  ],
  "dice": [
    0.195599862495703
  ],
  "cosinus": [
    0.01980958807948352
  ]
}