{
  "voc_eval_res": {
    "precision": 37.5,
    "recall": 22.4599,
    "f-score": 28.0936
  },
  "KL_res": {
    "KL divergence": 2.6188597583054585,
    "Euclidean Dist.": 0.1919532428086588,
    "WER": 0.8026666666666666,
    "CER": 0.7225156024963995,
    "Cosine Dist.": 0.13880933735369583
  },
  "occ_eval_res": {
    "precision": 42.7245,
    "recall": 36.8,
    "f-score": 39.5415
  },
  "clean_eval": {
    "f-score": 4.213483146067416,
    "precision": 3.816793893129771,
    "recall": 4.702194357366771,
    "tp": 15,
    "fp": 378,
    "fn": 304
  },
  "jaccard": [
    0.7098530212302667
  ],
  "braycurtis": [
    0.3920178282009725
  ],
  "dice": [
    0.550210970464135
  ],
  "cosinus": [
    0.10056883084238022
  ]
}