{
  "voc_eval_res": {
    "precision": 3.4335,
    "recall": 11.1888,
    "f-score": 5.2545
  },
  "KL_res": {
    "KL divergence": 2.6497268845886994,
    "Euclidean Dist.": 0.22916425613752595,
    "WER": 1.8322274881516587,
    "CER": 2.4585026117237376,
    "Cosine Dist.": 0.4539388246983257
  },
  "occ_eval_res": {
    "precision": 14.6945,
    "recall": 28.7204,
    "f-score": 19.4418
  },
  "clean_eval": {
    "f-score": 0.8403361344537815,
    "precision": 1.0546500479386385,
    "recall": 0.6984126984126984,
    "tp": 11,
    "fp": 1032,
    "fn": 1564
  },
  "jaccard": [
    0.8765873505116508
  ],
  "braycurtis": [
    0.7222559126743481
  ],
  "dice": [
    0.7802897278314311
  ],
  "cosinus": [
    0.42571315703544554
  ]
}