{
  "voc_eval_res": {
    "precision": 53.0973,
    "recall": 20.4778,
    "f-score": 29.5567
  },
  "KL_res": {
    "KL divergence": 2.5807133131764814,
    "Euclidean Dist.": 0.194463748104023,
    "WER": 0.7580128205128205,
    "CER": 0.5570726379027854,
    "Cosine Dist.": 0.13591340345907532
  },
  "occ_eval_res": {
    "precision": 65.7407,
    "recall": 34.1346,
    "f-score": 44.9367
  },
  "clean_eval": {
    "f-score": 7.662082514734774,
    "precision": 5.587392550143266,
    "recall": 12.1875,
    "tp": 39,
    "fp": 659,
    "fn": 281
  },
  "jaccard": [
    0.6723494938732019
  ],
  "braycurtis": [
    0.3497251069028711
  ],
  "dice": [
    0.5064205457463884
  ],
  "cosinus": [
    0.16502916799042144
  ]
}