{
  "voc_eval_res": {
    "precision": 29.0323,
    "recall": 1.5845,
    "f-score": 3.005
  },
  "KL_res": {
    "KL divergence": 6.058887812959601,
    "Euclidean Dist.": 0.3594448316231745,
    "WER": 0.9830938292476754,
    "CER": 0.8661545279952726,
    "Cosine Dist.": 0.9634702225787147
  },
  "occ_eval_res": {
    "precision": 18.6441,
    "recall": 1.8597,
    "f-score": 3.382
  },
  "clean_eval": {
    "f-score": 2.7906976744186047,
    "precision": 1.5673981191222568,
    "recall": 12.711864406779661,
    "tp": 15,
    "fp": 942,
    "fn": 103
  },
  "jaccard": [
    0.867906976744186
  ],
  "braycurtis": [
    0.8060873834069711
  ],
  "dice": [
    0.7666392769104355
  ],
  "cosinus": [
    0.5266076354553653
  ]
}