{
  "voc_eval_res": {
    "precision": 2.5751,
    "recall": 6.4171,
    "f-score": 3.6753
  },
  "KL_res": {
    "KL divergence": 4.19027203336407,
    "Euclidean Dist.": 0.08876539055492322,
    "WER": 2.9635568513119535,
    "CER": 1.8911939969101743,
    "Cosine Dist.": 0.7211305684632381
  },
  "occ_eval_res": {
    "precision": 3.0068,
    "recall": 9.0379,
    "f-score": 4.5124
  },
  "clean_eval": {
    "f-score": 0.3451251078515962,
    "precision": 0.5383580080753702,
    "recall": 0.25396825396825395,
    "tp": 4,
    "fp": 739,
    "fn": 1571
  },
  "jaccard": [
    0.857309668379262
  ],
  "braycurtis": [
    0.7087946261972882
  ],
  "dice": [
    0.7502554669936644
  ],
  "cosinus": [
    0.5082338294892915
  ]
}