{
  "voc_eval_res": {
    "precision": 2.3786,
    "recall": 6.1381,
    "f-score": 3.4286
  },
  "KL_res": {
    "KL divergence": 4.634825123018856,
    "Euclidean Dist.": 0.09334525580865417,
    "WER": 2.94692144373673,
    "CER": 1.8951382268827455,
    "Cosine Dist.": 0.7631393882718881
  },
  "occ_eval_res": {
    "precision": 2.9099,
    "recall": 8.7049,
    "f-score": 4.3617
  },
  "clean_eval": {
    "f-score": 0.8304498269896192,
    "precision": 1.3157894736842104,
    "recall": 0.6066734074823054,
    "tp": 6,
    "fp": 450,
    "fn": 983
  },
  "jaccard": [
    0.8684713844343093
  ],
  "braycurtis": [
    0.73653027217182
  ],
  "dice": [
    0.7675204784813419
  ],
  "cosinus": [
    0.5470634828598149
  ]
}