{
  "voc_eval_res": {
    "precision": 76.0638,
    "recall": 49.8258,
    "f-score": 60.2105
  },
  "KL_res": {
    "KL divergence": 0.8515658789919565,
    "Euclidean Dist.": 0.19330227744661008,
    "WER": 0.45632333767926986,
    "CER": 0.35653731591993165,
    "Cosine Dist.": 0.22831562959430374
  },
  "occ_eval_res": {
    "precision": 81.2894,
    "recall": 67.1633,
    "f-score": 73.5543
  },
  "clean_eval": {
    "f-score": 50.72265006857263,
    "precision": 46.21299500192234,
    "recall": 56.20762216506897,
    "tp": 2404,
    "fp": 2798,
    "fn": 1873
  },
  "jaccard": [
    0.3652468152866242
  ],
  "braycurtis": [
    0.126903609034114
  ],
  "dice": [
    0.22342627541702179
  ],
  "cosinus": [
    0.07699236794856334
  ]
}