{
  "voc_eval_res": {
    "precision": 34.6154,
    "recall": 23.0769,
    "f-score": 27.6923
  },
  "KL_res": {
    "KL divergence": 5.072106543918857,
    "Euclidean Dist.": 0.24714927966698444,
    "WER": 0.8809523809523809,
    "CER": 0.7181208053691275,
    "Cosine Dist.": 0.5989379337429652
  },
  "occ_eval_res": {
    "precision": 32.1429,
    "recall": 21.4286,
    "f-score": 25.7143
  },
  "clean_eval": {
    "f-score": 22.58064516129032,
    "precision": 20.0,
    "recall": 25.925925925925924,
    "tp": 7,
    "fp": 28,
    "fn": 20
  },
  "jaccard": [
    0.673394495412844
  ],
  "braycurtis": [
    0.518095238095238
  ],
  "dice": [
    0.5076071922544951
  ],
  "cosinus": [
    0.3730375187155136
  ]
}