{
  "voc_eval_res": {
    "precision": 69.163,
    "recall": 50.4823,
    "f-score": 58.3643
  },
  "KL_res": {
    "KL divergence": 0.6592481559319908,
    "Euclidean Dist.": 0.0715256467643167,
    "WER": 0.4236588720770289,
    "CER": 0.36527777777777776,
    "Cosine Dist.": 0.010416874986097224
  },
  "occ_eval_res": {
    "precision": 76.2518,
    "recall": 73.315,
    "f-score": 74.7546
  },
  "clean_eval": {
    "f-score": 51.86781609195402,
    "precision": 51.205673758865245,
    "recall": 52.54730713245998,
    "tp": 361,
    "fp": 344,
    "fn": 326
  },
  "jaccard": [
    0.428694900605013
  ],
  "braycurtis": [
    0.13498858447488585
  ],
  "dice": [
    0.27282728272827284
  ],
  "cosinus": [
    0.010436555005086223
  ]
}