{
  "voc_eval_res": {
    "precision": 40.536,
    "recall": 20.8441,
    "f-score": 27.5313
  },
  "KL_res": {
    "KL divergence": 2.381747323776226,
    "Euclidean Dist.": 0.09244499419707493,
    "WER": 0.802441731409545,
    "CER": 0.5967279903240181,
    "Cosine Dist.": 0.2886151402217777
  },
  "occ_eval_res": {
    "precision": 40.2477,
    "recall": 28.8568,
    "f-score": 33.6134
  },
  "clean_eval": {
    "f-score": 24.499654934437544,
    "precision": 21.633150517976844,
    "recall": 28.241845664280028,
    "tp": 355,
    "fp": 1286,
    "fn": 902
  },
  "jaccard": [
    0.558950969213227
  ],
  "braycurtis": [
    0.2664912343088795
  ],
  "dice": [
    0.3878778287703751
  ],
  "cosinus": [
    0.057786887859945124
  ]
}