{
  "voc_eval_res": {
    "precision": 38.255,
    "recall": 3.1527,
    "f-score": 5.8252
  },
  "KL_res": {
    "KL divergence": 3.346114340034917,
    "Euclidean Dist.": 0.2688074798207249,
    "WER": 0.9100963253656796,
    "CER": 0.7793697638994669,
    "Cosine Dist.": 0.28546494770552644
  },
  "occ_eval_res": {
    "precision": 36.6061,
    "recall": 10.7742,
    "f-score": 16.6483
  },
  "clean_eval": {
    "f-score": 2.81112737920937,
    "precision": 1.8299656881433473,
    "recall": 6.0606060606060606,
    "tp": 48,
    "fp": 2575,
    "fn": 744
  },
  "jaccard": [
    0.7606082904096149
  ],
  "braycurtis": [
    0.6295998538278823
  ],
  "dice": [
    0.6136948347516327
  ],
  "cosinus": [
    0.26772151782986986
  ]
}