{
  "voc_eval_res": {
    "precision": 67.4419,
    "recall": 26.8519,
    "f-score": 38.4106
  },
  "KL_res": {
    "KL divergence": 3.2715641167483636,
    "Euclidean Dist.": 0.35594289138947727,
    "WER": 0.7344632768361582,
    "CER": 0.5281941470378301,
    "Cosine Dist.": 0.611507191898399
  },
  "occ_eval_res": {
    "precision": 52.381,
    "recall": 31.0734,
    "f-score": 39.0071
  },
  "clean_eval": {
    "f-score": 35.714285714285715,
    "precision": 28.40909090909091,
    "recall": 48.07692307692308,
    "tp": 50,
    "fp": 126,
    "fn": 54
  },
  "jaccard": [
    0.5701254275940707
  ],
  "braycurtis": [
    0.3337373737373737
  ],
  "dice": [
    0.39872408293460926
  ],
  "cosinus": [
    0.20085425228542853
  ]
}