{
  "voc_eval_res": {
    "precision": 22.7848,
    "recall": 46.1538,
    "f-score": 30.5085
  },
  "KL_res": {
    "KL divergence": 0.7570709494022707,
    "Euclidean Dist.": 0.13541051710991445,
    "WER": 4.530035335689046,
    "CER": 4.29182156133829,
    "Cosine Dist.": 0.009885176449804689
  },
  "occ_eval_res": {
    "precision": 15.8177,
    "recall": 83.3922,
    "f-score": 26.5915
  },
  "clean_eval": {
    "f-score": 10.306890561667633,
    "precision": 31.899641577060933,
    "recall": 6.1464088397790055,
    "tp": 89,
    "fp": 190,
    "fn": 1359
  },
  "jaccard": [
    0.5912162162162162
  ],
  "braycurtis": [
    0.6924753814928963
  ],
  "dice": [
    0.4196642685851319
  ],
  "cosinus": [
    0.013447097972449917
  ]
}