{
  "voc_eval_res": {
    "precision": 24.1176,
    "recall": 36.6071,
    "f-score": 29.078
  },
  "KL_res": {
    "KL divergence": 2.1462766540928264,
    "Euclidean Dist.": 0.1726686598935334,
    "WER": 2.982142857142857,
    "CER": 2.6228571428571428,
    "Cosine Dist.": 0.31271657979829726
  },
  "occ_eval_res": {
    "precision": 16.0878,
    "recall": 52.381,
    "f-score": 24.6154
  },
  "clean_eval": {
    "f-score": 13.153961136023916,
    "precision": 26.993865030674847,
    "recall": 8.695652173913043,
    "tp": 44,
    "fp": 119,
    "fn": 462
  },
  "jaccard": [
    0.604973973395026
  ],
  "braycurtis": [
    0.6020039421813403
  ],
  "dice": [
    0.433665008291874
  ],
  "cosinus": [
    0.18791348112192818
  ]
}