{
  "voc_eval_res": {
    "precision": 56.2121,
    "recall": 33.8813,
    "f-score": 42.2792
  },
  "KL_res": {
    "KL divergence": 0.8787424477894836,
    "Euclidean Dist.": 0.12063354055667594,
    "WER": 0.5824761904761905,
    "CER": 0.4395222885710318,
    "Cosine Dist.": 0.014875879864318708
  },
  "occ_eval_res": {
    "precision": 63.0298,
    "recall": 61.181,
    "f-score": 62.0916
  },
  "clean_eval": {
    "f-score": 33.78702962369896,
    "precision": 33.42574257425743,
    "recall": 34.15621205989478,
    "tp": 844,
    "fp": 1681,
    "fn": 1627
  },
  "jaccard": [
    0.46766378765536126
  ],
  "braycurtis": [
    0.16364175292991018
  ],
  "dice": [
    0.3051965905966456
  ],
  "cosinus": [
    0.01842588422938385
  ]
}