{
  "voc_eval_res": {
    "precision": 31.3725,
    "recall": 1.6985,
    "f-score": 3.2226
  },
  "KL_res": {
    "KL divergence": 5.170245394001034,
    "Euclidean Dist.": 0.33313537293832834,
    "WER": 0.9817690749493585,
    "CER": 0.8827242928250577,
    "Cosine Dist.": 0.8995612927778329
  },
  "occ_eval_res": {
    "precision": 27.2727,
    "recall": 2.2282,
    "f-score": 4.1199
  },
  "clean_eval": {
    "f-score": 3.602401601067378,
    "precision": 1.9593613933236573,
    "recall": 22.31404958677686,
    "tp": 27,
    "fp": 1351,
    "fn": 94
  },
  "jaccard": [
    0.8647486772486772
  ],
  "braycurtis": [
    0.8077973938629677
  ],
  "dice": [
    0.7617244392659481
  ],
  "cosinus": [
    0.47518591240903263
  ]
}