{
  "voc_eval_res": {
    "precision": 70.1493,
    "recall": 62.6667,
    "f-score": 66.1972
  },
  "KL_res": {
    "KL divergence": 1.0621949390369532,
    "Euclidean Dist.": 0.09045572885089886,
    "WER": 0.4666666666666667,
    "CER": 0.4248302618816683,
    "Cosine Dist.": 0.09432642895984478
  },
  "occ_eval_res": {
    "precision": 73.4694,
    "recall": 68.5714,
    "f-score": 70.936
  },
  "clean_eval": {
    "f-score": 66.3316582914573,
    "precision": 63.46153846153846,
    "recall": 69.47368421052632,
    "tp": 66,
    "fp": 38,
    "fn": 29
  },
  "jaccard": [
    0.3075089392133492
  ],
  "braycurtis": [
    0.19068413391557495
  ],
  "dice": [
    0.18169014084507043
  ],
  "cosinus": [
    0.04967263156583146
  ]
}