{
  "voc_eval_res": {
    "precision": 78.56,
    "recall": 72.0999,
    "f-score": 75.1914
  },
  "KL_res": {
    "KL divergence": 0.28138460694061934,
    "Euclidean Dist.": 0.025506780916363457,
    "WER": 0.25583657587548636,
    "CER": 0.2060387900929458,
    "Cosine Dist.": 0.012758438633862168
  },
  "occ_eval_res": {
    "precision": 87.3668,
    "recall": 83.7549,
    "f-score": 85.5227
  },
  "clean_eval": {
    "f-score": 78.42519685039369,
    "precision": 76.77286742034943,
    "recall": 80.15021459227468,
    "tp": 1494,
    "fp": 452,
    "fn": 370
  },
  "jaccard": [
    0.21152703505644682
  ],
  "braycurtis": [
    0.0629132765517429
  ],
  "dice": [
    0.11827242524916944
  ],
  "cosinus": [
    0.00396353021049245
  ]
}