{
  "voc_eval_res": {
    "precision": 57.0248,
    "recall": 54.3307,
    "f-score": 55.6452
  },
  "KL_res": {
    "KL divergence": 1.2291100878783436,
    "Euclidean Dist.": 0.058687306068836695,
    "WER": 0.5809199318568995,
    "CER": 0.4465841357175607,
    "Cosine Dist.": 0.14291157730733728
  },
  "occ_eval_res": {
    "precision": 63.6528,
    "recall": 59.9659,
    "f-score": 61.7544
  },
  "clean_eval": {
    "f-score": 50.86285195277021,
    "precision": 49.382716049382715,
    "recall": 52.43445692883895,
    "tp": 280,
    "fp": 287,
    "fn": 254
  },
  "jaccard": [
    0.4172888015717092
  ],
  "braycurtis": [
    0.1862338858195212
  ],
  "dice": [
    0.26365441906653425
  ],
  "cosinus": [
    0.03254326947838382
  ]
}