{
  "voc_eval_res": {
    "precision": 46.1538,
    "recall": 42.8571,
    "f-score": 44.4444
  },
  "KL_res": {
    "KL divergence": 2.9272406560586814,
    "Euclidean Dist.": 0.18937179833474452,
    "WER": 0.6666666666666666,
    "CER": 0.5474137931034483,
    "Cosine Dist.": 0.27260703254669183
  },
  "occ_eval_res": {
    "precision": 50.0,
    "recall": 46.6667,
    "f-score": 48.2759
  },
  "clean_eval": {
    "f-score": 49.056603773584904,
    "precision": 50.0,
    "recall": 48.148148148148145,
    "tp": 13,
    "fp": 13,
    "fn": 14
  },
  "jaccard": [
    0.5599128540305011
  ],
  "braycurtis": [
    0.3652173913043478
  ],
  "dice": [
    0.3888048411497731
  ],
  "cosinus": [
    0.21107142426793346
  ]
}