{
  "voc_eval_res": {
    "precision": 40.2299,
    "recall": 15.3846,
    "f-score": 22.2576
  },
  "KL_res": {
    "KL divergence": 3.342566354237257,
    "Euclidean Dist.": 0.13874337160471573,
    "WER": 0.8397534668721109,
    "CER": 0.6598245941406979,
    "Cosine Dist.": 0.422895495702582
  },
  "occ_eval_res": {
    "precision": 40.8696,
    "recall": 21.7257,
    "f-score": 28.3702
  },
  "clean_eval": {
    "f-score": 16.084656084656082,
    "precision": 12.5,
    "recall": 22.551928783382788,
    "tp": 76,
    "fp": 532,
    "fn": 261
  },
  "jaccard": [
    0.6411353032659409
  ],
  "braycurtis": [
    0.4130854659584742
  ],
  "dice": [
    0.47181688125894133
  ],
  "cosinus": [
    0.11012366470356116
  ]
}