{
  "voc_eval_res": {
    "precision": 69.9029,
    "recall": 24.2424,
    "f-score": 36.0
  },
  "KL_res": {
    "KL divergence": 1.699465822484163,
    "Euclidean Dist.": 0.1202513445846236,
    "WER": 0.7070008643042351,
    "CER": 0.558221115763268,
    "Cosine Dist.": 0.11488581724195346
  },
  "occ_eval_res": {
    "precision": 67.0816,
    "recall": 41.9188,
    "f-score": 51.5957
  },
  "clean_eval": {
    "f-score": 29.312288613303274,
    "precision": 24.50518378887842,
    "recall": 36.4656381486676,
    "tp": 260,
    "fp": 801,
    "fn": 453
  },
  "jaccard": [
    0.618782722513089
  ],
  "braycurtis": [
    0.2487080103359173
  ],
  "dice": [
    0.4479981047145226
  ],
  "cosinus": [
    0.04543919602529889
  ]
}