{
  "voc_eval_res": {
    "precision": 57.3248,
    "recall": 24.4898,
    "f-score": 34.3184
  },
  "KL_res": {
    "KL divergence": 2.1236106709664426,
    "Euclidean Dist.": 0.12898381698188757,
    "WER": 0.7825552825552825,
    "CER": 0.6235732210798997,
    "Cosine Dist.": 0.25056066398701615
  },
  "occ_eval_res": {
    "precision": 60.9312,
    "recall": 36.9779,
    "f-score": 46.0245
  },
  "clean_eval": {
    "f-score": 27.031375703942075,
    "precision": 22.192866578599734,
    "recall": 34.5679012345679,
    "tp": 336,
    "fp": 1178,
    "fn": 636
  },
  "jaccard": [
    0.6133938100320171
  ],
  "braycurtis": [
    0.28519502306724454
  ],
  "dice": [
    0.44237059842216664
  ],
  "cosinus": [
    0.07499643075463103
  ]
}