{
  "voc_eval_res": {
    "precision": 67.1296,
    "recall": 25.3054,
    "f-score": 36.7554
  },
  "KL_res": {
    "KL divergence": 1.597070267716178,
    "Euclidean Dist.": 0.11438905789695962,
    "WER": 0.6755083996463307,
    "CER": 0.5346920082436455,
    "Cosine Dist.": 0.0817054025952838
  },
  "occ_eval_res": {
    "precision": 70.1803,
    "recall": 44.7392,
    "f-score": 54.6436
  },
  "clean_eval": {
    "f-score": 31.542857142857137,
    "precision": 26.615236258437804,
    "recall": 38.70967741935484,
    "tp": 276,
    "fp": 761,
    "fn": 437
  },
  "jaccard": [
    0.6188729576525509
  ],
  "braycurtis": [
    0.23190585158548546
  ],
  "dice": [
    0.44809270883631097
  ],
  "cosinus": [
    0.03265624762216168
  ]
}