{
  "voc_eval_res": {
    "precision": 18.7919,
    "recall": 0.5504,
    "f-score": 1.0695
  },
  "KL_res": {
    "KL divergence": 3.288535284552162,
    "Euclidean Dist.": 0.29796160989798154,
    "WER": 0.9823406646331675,
    "CER": 0.903656969720214,
    "Cosine Dist.": 0.566633001044416
  },
  "occ_eval_res": {
    "precision": 16.6061,
    "recall": 2.1994,
    "f-score": 3.8843
  },
  "clean_eval": {
    "f-score": 0.35661218424962854,
    "precision": 0.20208824520040417,
    "recall": 1.5151515151515151,
    "tp": 12,
    "fp": 5926,
    "fn": 780
  },
  "jaccard": [
    0.84120757291489
  ],
  "braycurtis": [
    0.830556455601221
  ],
  "dice": [
    0.7259346482190168
  ],
  "cosinus": [
    0.37881565921348337
  ]
}