{
  "voc_eval_res": {
    "precision": 0.4825,
    "recall": 3.8095,
    "f-score": 0.8565
  },
  "KL_res": {
    "KL divergence": 6.383996287279983,
    "Euclidean Dist.": 0.1803824741159966,
    "WER": 24.346456692913385,
    "CER": 31.839957035445757,
    "Cosine Dist.": 0.9828384075126674
  },
  "occ_eval_res": {
    "precision": 0.1614,
    "recall": 3.937,
    "f-score": 0.3102
  },
  "clean_eval": {
    "f-score": 0.06506180871828236,
    "precision": 0.9009009009009009,
    "recall": 0.03374957813027337,
    "tp": 1,
    "fp": 110,
    "fn": 2962
  },
  "jaccard": [
    0.8271604938271605
  ],
  "braycurtis": [
    0.9556534694265699
  ],
  "dice": [
    0.7052631578947368
  ],
  "cosinus": [
    0.4138249569119268
  ]
}