{
  "voc_eval_res": {
    "precision": 52.9837,
    "recall": 22.7308,
    "f-score": 31.8132
  },
  "KL_res": {
    "KL divergence": 2.253428513486063,
    "Euclidean Dist.": 0.09078969970265022,
    "WER": 0.7596685082872928,
    "CER": 0.5642004484033206,
    "Cosine Dist.": 0.24476952837352484
  },
  "occ_eval_res": {
    "precision": 52.8736,
    "recall": 29.6501,
    "f-score": 37.9941
  },
  "clean_eval": {
    "f-score": 29.371921182266007,
    "precision": 23.11046511627907,
    "recall": 40.28716216216216,
    "tp": 477,
    "fp": 1587,
    "fn": 707
  },
  "jaccard": [
    0.5458006186057578
  ],
  "braycurtis": [
    0.2817432105787004
  ],
  "dice": [
    0.37532722513089006
  ],
  "cosinus": [
    0.07613919797616897
  ]
}