{
  "voc_eval_res": {
    "precision": 75.3521,
    "recall": 26.75,
    "f-score": 39.4834
  },
  "KL_res": {
    "KL divergence": 1.0435795274707251,
    "Euclidean Dist.": 0.12840329786240878,
    "WER": 0.4838362068965517,
    "CER": 0.39951807228915664,
    "Cosine Dist.": 0.01417775022861123
  },
  "occ_eval_res": {
    "precision": 82.4225,
    "recall": 60.1293,
    "f-score": 69.5327
  },
  "clean_eval": {
    "f-score": 32.69961977186312,
    "precision": 28.38283828382838,
    "recall": 38.56502242152467,
    "tp": 258,
    "fp": 651,
    "fn": 411
  },
  "jaccard": [
    0.5856610800744879
  ],
  "braycurtis": [
    0.20376542653814972
  ],
  "dice": [
    0.4140882159315339
  ],
  "cosinus": [
    0.03881604692477736
  ]
}