{
  "voc_eval_res": {
    "precision": 70.8955,
    "recall": 60.3814,
    "f-score": 65.2174
  },
  "KL_res": {
    "KL divergence": 0.8894022867936313,
    "Euclidean Dist.": 0.045702213720125846,
    "WER": 0.47022332506203474,
    "CER": 0.3543964702174598,
    "Cosine Dist.": 0.05822521290857241
  },
  "occ_eval_res": {
    "precision": 74.2297,
    "recall": 65.7568,
    "f-score": 69.7368
  },
  "clean_eval": {
    "f-score": 61.4765100671141,
    "precision": 57.68261964735516,
    "recall": 65.80459770114942,
    "tp": 458,
    "fp": 336,
    "fn": 238
  },
  "jaccard": [
    0.3355191256830601
  ],
  "braycurtis": [
    0.13412804926186153
  ],
  "dice": [
    0.20157583716349312
  ],
  "cosinus": [
    0.014103139427880107
  ]
}