{
  "voc_eval_res": {
    "precision": 71.7822,
    "recall": 58.0,
    "f-score": 64.1593
  },
  "KL_res": {
    "KL divergence": 0.5681712219086225,
    "Euclidean Dist.": 0.06214546617086079,
    "WER": 0.4114285714285714,
    "CER": 0.33764532503684297,
    "Cosine Dist.": 0.035993677224980924
  },
  "occ_eval_res": {
    "precision": 79.879,
    "recall": 75.4286,
    "f-score": 77.59
  },
  "clean_eval": {
    "f-score": 57.12155108128263,
    "precision": 55.74963609898108,
    "recall": 58.56269113149847,
    "tp": 383,
    "fp": 304,
    "fn": 271
  },
  "jaccard": [
    0.3586776859504132
  ],
  "braycurtis": [
    0.12343943778420835
  ],
  "dice": [
    0.21852970795568982
  ],
  "cosinus": [
    0.019925192264758307
  ]
}