{
  "voc_eval_res": {
    "precision": 23.2804,
    "recall": 3.3716,
    "f-score": 5.8902
  },
  "KL_res": {
    "KL divergence": 3.9658750588487983,
    "Euclidean Dist.": 0.18100200256070337,
    "WER": 0.9729899497487438,
    "CER": 0.8421817560058135,
    "Cosine Dist.": 0.7693897219695847
  },
  "occ_eval_res": {
    "precision": 19.943,
    "recall": 4.397,
    "f-score": 7.2054
  },
  "clean_eval": {
    "f-score": 1.3667425968109337,
    "precision": 0.8321775312066574,
    "recall": 3.821656050955414,
    "tp": 12,
    "fp": 1430,
    "fn": 302
  },
  "jaccard": [
    0.8026405645344867
  ],
  "braycurtis": [
    0.7218972001671542
  ],
  "dice": [
    0.6703422053231939
  ],
  "cosinus": [
    0.34868771516549024
  ]
}