{
  "voc_eval_res": {
    "precision": 18.4615,
    "recall": 3.0431,
    "f-score": 5.225
  },
  "KL_res": {
    "KL divergence": 4.01621505225992,
    "Euclidean Dist.": 0.14165726269723775,
    "WER": 0.9727843684577809,
    "CER": 0.8451382865953551,
    "Cosine Dist.": 0.6951653855031903
  },
  "occ_eval_res": {
    "precision": 18.9542,
    "recall": 4.0475,
    "f-score": 6.6705
  },
  "clean_eval": {
    "f-score": 1.963350785340314,
    "precision": 1.1848341232227488,
    "recall": 5.7251908396946565,
    "tp": 15,
    "fp": 1251,
    "fn": 247
  },
  "jaccard": [
    0.7867824409068982
  ],
  "braycurtis": [
    0.731026873670108
  ],
  "dice": [
    0.6485089463220676
  ],
  "cosinus": [
    0.25706096555298097
  ]
}