{
  "voc_eval_res": {
    "precision": 44.1941,
    "recall": 31.7955,
    "f-score": 36.9833
  },
  "KL_res": {
    "KL divergence": 2.1056971248148955,
    "Euclidean Dist.": 0.17744818923795955,
    "WER": 0.7407407407407407,
    "CER": 0.5735012829484488,
    "Cosine Dist.": 0.4111795761569408
  },
  "occ_eval_res": {
    "precision": 49.2683,
    "recall": 39.3762,
    "f-score": 43.7703
  },
  "clean_eval": {
    "f-score": 23.367231638418083,
    "precision": 20.475247524752476,
    "recall": 27.210526315789473,
    "tp": 517,
    "fp": 2008,
    "fn": 1383
  },
  "jaccard": [
    0.48573923166472643
  ],
  "braycurtis": [
    0.33431257344300824
  ],
  "dice": [
    0.32077647511051316
  ],
  "cosinus": [
    0.19719056690992354
  ]
}