{
  "voc_eval_res": {
    "precision": 71.9457,
    "recall": 51.4563,
    "f-score": 60.0
  },
  "KL_res": {
    "KL divergence": 0.5718602763006404,
    "Euclidean Dist.": 0.054963068381719694,
    "WER": 0.5561023622047244,
    "CER": 0.49620340543028074,
    "Cosine Dist.": 0.027463097145170146
  },
  "occ_eval_res": {
    "precision": 85.9133,
    "recall": 54.626,
    "f-score": 66.787
  },
  "clean_eval": {
    "f-score": 34.48702101359703,
    "precision": 28.267477203647417,
    "recall": 44.21553090332805,
    "tp": 279,
    "fp": 708,
    "fn": 352
  },
  "jaccard": [
    0.34903934126258007
  ],
  "braycurtis": [
    0.2487821851078636
  ],
  "dice": [
    0.2114159046827376
  ],
  "cosinus": [
    0.013342805692541981
  ]
}