{
  "voc_eval_res": {
    "precision": 66.5179,
    "recall": 44.3452,
    "f-score": 53.2143
  },
  "KL_res": {
    "KL divergence": 0.695386697544686,
    "Euclidean Dist.": 0.05727234023632709,
    "WER": 0.604739336492891,
    "CER": 0.5213591172293237,
    "Cosine Dist.": 0.02804844473546131
  },
  "occ_eval_res": {
    "precision": 82.7751,
    "recall": 49.1943,
    "f-score": 61.7122
  },
  "clean_eval": {
    "f-score": 32.47863247863248,
    "precision": 25.951219512195124,
    "recall": 43.3931484502447,
    "tp": 266,
    "fp": 759,
    "fn": 347
  },
  "jaccard": [
    0.3488372093023256
  ],
  "braycurtis": [
    0.27897812202744937
  ],
  "dice": [
    0.2112676056338028
  ],
  "cosinus": [
    0.017932330891942683
  ]
}