{
  "voc_eval_res": {
    "precision": 22.7513,
    "recall": 1.5423,
    "f-score": 2.8888
  },
  "KL_res": {
    "KL divergence": 3.6884968312884183,
    "Euclidean Dist.": 0.22985222774794048,
    "WER": 0.9827057182705718,
    "CER": 0.8842143113987774,
    "Cosine Dist.": 0.8628743886795343
  },
  "occ_eval_res": {
    "precision": 17.4067,
    "recall": 2.7336,
    "f-score": 4.7252
  },
  "clean_eval": {
    "f-score": 0.31587259805211904,
    "precision": 0.1841620626151013,
    "recall": 1.1090573012939002,
    "tp": 6,
    "fp": 3252,
    "fn": 535
  },
  "jaccard": [
    0.8177175407582008
  ],
  "braycurtis": [
    0.7932424054556727
  ],
  "dice": [
    0.6916431300880544
  ],
  "cosinus": [
    0.31914019774979707
  ]
}