{
  "voc_eval_res": {
    "precision": 56.0,
    "recall": 6.7633,
    "f-score": 12.069
  },
  "KL_res": {
    "KL divergence": 3.6042661815411012,
    "Euclidean Dist.": 0.3230274202650355,
    "WER": 0.8870151770657673,
    "CER": 0.7571899012074643,
    "Cosine Dist.": 0.21429320994763257
  },
  "occ_eval_res": {
    "precision": 70.2899,
    "recall": 16.3575,
    "f-score": 26.539
  },
  "clean_eval": {
    "f-score": 6.223479490806223,
    "precision": 3.8461538461538463,
    "recall": 16.296296296296298,
    "tp": 22,
    "fp": 550,
    "fn": 113
  },
  "jaccard": [
    0.7664442326024785
  ],
  "braycurtis": [
    0.5624894585933548
  ],
  "dice": [
    0.6213292117465224
  ],
  "cosinus": [
    0.13832634991899617
  ]
}