{
  "voc_eval_res": {
    "precision": 51.6807,
    "recall": 17.3975,
    "f-score": 26.0317
  },
  "KL_res": {
    "KL divergence": 2.2274031675306403,
    "Euclidean Dist.": 0.1324814719518672,
    "WER": 0.7336448598130841,
    "CER": 0.55165921393269,
    "Cosine Dist.": 0.19392037694321596
  },
  "occ_eval_res": {
    "precision": 55.7936,
    "recall": 38.251,
    "f-score": 45.3861
  },
  "clean_eval": {
    "f-score": 13.655640373197627,
    "precision": 11.709090909090909,
    "recall": 16.378433367243133,
    "tp": 161,
    "fp": 1214,
    "fn": 822
  },
  "jaccard": [
    0.6386013986013986
  ],
  "braycurtis": [
    0.28656435953648607
  ],
  "dice": [
    0.46907746044791454
  ],
  "cosinus": [
    0.07845030588823976
  ]
}