{
  "voc_eval_res": {
    "precision": 50.9091,
    "recall": 18.4211,
    "f-score": 27.0531
  },
  "KL_res": {
    "KL divergence": 4.108926911756843,
    "Euclidean Dist.": 0.24861751536845605,
    "WER": 0.8174157303370787,
    "CER": 0.5254299304793267,
    "Cosine Dist.": 0.6025952956729679
  },
  "occ_eval_res": {
    "precision": 40.4255,
    "recall": 21.3483,
    "f-score": 27.9412
  },
  "clean_eval": {
    "f-score": 24.81203007518797,
    "precision": 19.07514450867052,
    "recall": 35.483870967741936,
    "tp": 66,
    "fp": 280,
    "fn": 120
  },
  "jaccard": [
    0.6316279069767442
  ],
  "braycurtis": [
    0.36999786004707896
  ],
  "dice": [
    0.4615907545887152
  ],
  "cosinus": [
    0.1767937937436349
  ]
}