{
  "voc_eval_res": {
    "precision": 29.1139,
    "recall": 7.4919,
    "f-score": 11.9171
  },
  "KL_res": {
    "KL divergence": 4.730683141178935,
    "Euclidean Dist.": 0.22554237122636137,
    "WER": 0.927860696517413,
    "CER": 0.6901650618982118,
    "Cosine Dist.": 0.7360076505483116
  },
  "occ_eval_res": {
    "precision": 25.8278,
    "recall": 9.7015,
    "f-score": 14.1049
  },
  "clean_eval": {
    "f-score": 10.06036217303823,
    "precision": 7.02247191011236,
    "recall": 17.73049645390071,
    "tp": 25,
    "fp": 331,
    "fn": 116
  },
  "jaccard": [
    0.7324380165289256
  ],
  "braycurtis": [
    0.5409836065573771
  ],
  "dice": [
    0.5778321108394459
  ],
  "cosinus": [
    0.2556043686010636
  ]
}