{
  "voc_eval_res": {
    "precision": 46.6981,
    "recall": 22.449,
    "f-score": 30.3216
  },
  "KL_res": {
    "KL divergence": 2.1828142171010882,
    "Euclidean Dist.": 0.18153689388519864,
    "WER": 0.7786377708978328,
    "CER": 0.5369958717053033,
    "Cosine Dist.": 0.2651334601872959
  },
  "occ_eval_res": {
    "precision": 46.1608,
    "recall": 39.5511,
    "f-score": 42.6011
  },
  "clean_eval": {
    "f-score": 14.40948472412221,
    "precision": 13.49274124679761,
    "recall": 15.459882583170254,
    "tp": 158,
    "fp": 1013,
    "fn": 864
  },
  "jaccard": [
    0.5901509134233519
  ],
  "braycurtis": [
    0.32055828852534035
  ],
  "dice": [
    0.41859154929577463
  ],
  "cosinus": [
    0.1363986412290512
  ]
}