{
  "voc_eval_res": {
    "precision": 48.4772,
    "recall": 16.7838,
    "f-score": 24.9347
  },
  "KL_res": {
    "KL divergence": 4.544061537282795,
    "Euclidean Dist.": 0.169698294669756,
    "WER": 0.9103046901745977,
    "CER": 0.704536133213026,
    "Cosine Dist.": 0.8067806429268053
  },
  "occ_eval_res": {
    "precision": 52.4444,
    "recall": 12.1191,
    "f-score": 19.6885
  },
  "clean_eval": {
    "f-score": 16.92865779927449,
    "precision": 10.58601134215501,
    "recall": 42.23227752639517,
    "tp": 280,
    "fp": 2365,
    "fn": 383
  },
  "jaccard": [
    0.6927536231884058
  ],
  "braycurtis": [
    0.4673110627223963
  ],
  "dice": [
    0.5299334811529933
  ],
  "cosinus": [
    0.26523831211190063
  ]
}