{
  "voc_eval_res": {
    "precision": 50.2488,
    "recall": 16.1859,
    "f-score": 24.4848
  },
  "KL_res": {
    "KL divergence": 3.8211638506095227,
    "Euclidean Dist.": 0.1738624659127029,
    "WER": 0.9123417721518987,
    "CER": 0.707790192427064,
    "Cosine Dist.": 0.8069639815865461
  },
  "occ_eval_res": {
    "precision": 52.521,
    "recall": 11.8671,
    "f-score": 19.3598
  },
  "clean_eval": {
    "f-score": 15.575620767494359,
    "precision": 9.691011235955056,
    "recall": 39.6551724137931,
    "tp": 276,
    "fp": 2572,
    "fn": 420
  },
  "jaccard": [
    0.6995028539863745
  ],
  "braycurtis": [
    0.4675422326933681
  ],
  "dice": [
    0.5378734248902732
  ],
  "cosinus": [
    0.26342534541408424
  ]
}