{
  "voc_eval_res": {
    "precision": 33.6842,
    "recall": 1.8296,
    "f-score": 3.4707
  },
  "KL_res": {
    "KL divergence": 4.345386818915376,
    "Euclidean Dist.": 0.2801448612217818,
    "WER": 0.98,
    "CER": 0.9304924343688178,
    "Cosine Dist.": 0.8177147983285658
  },
  "occ_eval_res": {
    "precision": 40.2062,
    "recall": 2.4,
    "f-score": 4.5296
  },
  "clean_eval": {
    "f-score": 1.955392606171708,
    "precision": 1.0362694300518136,
    "recall": 17.2972972972973,
    "tp": 32,
    "fp": 3056,
    "fn": 153
  },
  "jaccard": [
    0.8525970987365465
  ],
  "braycurtis": [
    0.8743422023311858
  ],
  "dice": [
    0.7430668841761827
  ],
  "cosinus": [
    0.3561717914985226
  ]
}