{
  "voc_eval_res": {
    "precision": 2.3256,
    "recall": 0.0385,
    "f-score": 0.0757
  },
  "KL_res": {
    "KL divergence": 3.8424539299875136,
    "Euclidean Dist.": 0.27744665248283384,
    "WER": 0.9989844278943805,
    "CER": 0.9614661654135338,
    "Cosine Dist.": 0.993000569004688
  },
  "occ_eval_res": {
    "precision": 2.8571,
    "recall": 0.1016,
    "f-score": 0.1961
  },
  "clean_eval": {
    "f-score": 0.20013342228152103,
    "precision": 0.10366275051831375,
    "recall": 2.8846153846153846,
    "tp": 3,
    "fp": 2891,
    "fn": 101
  },
  "jaccard": [
    0.918790886532822
  ],
  "braycurtis": [
    0.94009612754484
  ],
  "dice": [
    0.8497809305236804
  ],
  "cosinus": [
    0.5956744513817644
  ]
}