{
  "voc_eval_res": {
    "precision": 4.878,
    "recall": 0.0661,
    "f-score": 0.1303
  },
  "KL_res": {
    "KL divergence": 3.8276190761631,
    "Euclidean Dist.": 0.32922242559158715,
    "WER": 0.9988671764372699,
    "CER": 0.9613738422677519,
    "Cosine Dist.": 0.9853651571592577
  },
  "occ_eval_res": {
    "precision": 3.1496,
    "recall": 0.1133,
    "f-score": 0.2187
  },
  "clean_eval": {
    "f-score": 0.22142264046498758,
    "precision": 0.11474469305794606,
    "recall": 3.149606299212598,
    "tp": 4,
    "fp": 3482,
    "fn": 123
  },
  "jaccard": [
    0.9179385091793851
  ],
  "braycurtis": [
    0.9354882064377394
  ],
  "dice": [
    0.848323793949305
  ],
  "cosinus": [
    0.5186698964179668
  ]
}