{
  "voc_eval_res": {
    "precision": 63.3803,
    "recall": 22.9592,
    "f-score": 33.7079
  },
  "KL_res": {
    "KL divergence": 2.5505750401145004,
    "Euclidean Dist.": 0.18022338497720686,
    "WER": 0.6885813148788927,
    "CER": 0.5570987654320988,
    "Cosine Dist.": 0.1137421009871945
  },
  "occ_eval_res": {
    "precision": 71.3376,
    "recall": 38.7543,
    "f-score": 50.2242
  },
  "clean_eval": {
    "f-score": 41.18993135011442,
    "precision": 32.028469750889684,
    "recall": 57.692307692307686,
    "tp": 90,
    "fp": 191,
    "fn": 66
  },
  "jaccard": [
    0.6402786573780874
  ],
  "braycurtis": [
    0.3278846153846154
  ],
  "dice": [
    0.47088961341406615
  ],
  "cosinus": [
    0.06380664512755885
  ]
}