{
  "voc_eval_res": {
    "precision": 42.1384,
    "recall": 17.268,
    "f-score": 24.4973
  },
  "KL_res": {
    "KL divergence": 2.3897703582577083,
    "Euclidean Dist.": 0.20965323669621594,
    "WER": 0.8608374384236454,
    "CER": 0.6278647980214345,
    "Cosine Dist.": 0.3033447559522048
  },
  "occ_eval_res": {
    "precision": 36.9565,
    "recall": 35.5911,
    "f-score": 36.261
  },
  "clean_eval": {
    "f-score": 9.629147690305789,
    "precision": 9.573091849935317,
    "recall": 9.68586387434555,
    "tp": 74,
    "fp": 699,
    "fn": 690
  },
  "jaccard": [
    0.5809054235768714
  ],
  "braycurtis": [
    0.3567251461988304
  ],
  "dice": [
    0.40934933670246365
  ],
  "cosinus": [
    0.14929864754522226
  ]
}