{
  "voc_eval_res": {
    "precision": 77.7586,
    "recall": 71.3608,
    "f-score": 74.4224
  },
  "KL_res": {
    "KL divergence": 0.23761603308705273,
    "Euclidean Dist.": 0.021507069344781984,
    "WER": 0.28526808953669963,
    "CER": 0.23048004626951996,
    "Cosine Dist.": 0.007296319923294714
  },
  "occ_eval_res": {
    "precision": 86.3899,
    "recall": 85.5804,
    "f-score": 85.9833
  },
  "clean_eval": {
    "f-score": 75.16268980477223,
    "precision": 74.67672413793103,
    "recall": 75.65502183406113,
    "tp": 1386,
    "fp": 470,
    "fn": 446
  },
  "jaccard": [
    0.23620375985445724
  ],
  "braycurtis": [
    0.05856839286234099
  ],
  "dice": [
    0.1339178270586213
  ],
  "cosinus": [
    0.0023935962420901236
  ]
}