{
  "voc_eval_res": {
    "precision": 42.7807,
    "recall": 16.1616,
    "f-score": 23.4604
  },
  "KL_res": {
    "KL divergence": 2.8469960326149404,
    "Euclidean Dist.": 0.17620288916916593,
    "WER": 0.8304535637149028,
    "CER": 0.6342975206611571,
    "Cosine Dist.": 0.24932819414519447
  },
  "occ_eval_res": {
    "precision": 37.058,
    "recall": 28.2937,
    "f-score": 32.0882
  },
  "clean_eval": {
    "f-score": 10.618279569892474,
    "precision": 9.283196239717979,
    "recall": 12.401883830455258,
    "tp": 79,
    "fp": 772,
    "fn": 558
  },
  "jaccard": [
    0.6227501799856011
  ],
  "braycurtis": [
    0.4019394992039369
  ],
  "dice": [
    0.4521693674856247
  ],
  "cosinus": [
    0.18096265700838166
  ]
}