{
  "voc_eval_res": {
    "precision": 64.0909,
    "recall": 24.6073,
    "f-score": 35.5612
  },
  "KL_res": {
    "KL divergence": 1.2336012084128107,
    "Euclidean Dist.": 0.09760094361584214,
    "WER": 0.5805243445692884,
    "CER": 0.41190976344871677,
    "Cosine Dist.": 0.038944520274297734
  },
  "occ_eval_res": {
    "precision": 77.2286,
    "recall": 54.6192,
    "f-score": 63.9854
  },
  "clean_eval": {
    "f-score": 26.938449240607515,
    "precision": 23.95167022032694,
    "recall": 30.776255707762555,
    "tp": 337,
    "fp": 1070,
    "fn": 758
  },
  "jaccard": [
    0.6459782911216254
  ],
  "braycurtis": [
    0.18064139374178792
  ],
  "dice": [
    0.4770811921891059
  ],
  "cosinus": [
    0.017093243070870345
  ]
}