{
  "voc_eval_res": {
    "precision": 62.599,
    "recall": 66.0535,
    "f-score": 64.2799
  },
  "KL_res": {
    "KL divergence": 0.5218113859337876,
    "Euclidean Dist.": 0.054486622355755215,
    "WER": 0.4413223140495868,
    "CER": 0.3384325866569538,
    "Cosine Dist.": 0.05949212158348505
  },
  "occ_eval_res": {
    "precision": 71.0957,
    "recall": 79.0083,
    "f-score": 74.8434
  },
  "clean_eval": {
    "f-score": 63.74999999999999,
    "precision": 66.95205479452055,
    "recall": 60.84024896265559,
    "tp": 1173,
    "fp": 579,
    "fn": 755
  },
  "jaccard": [
    0.28400597907324365
  ],
  "braycurtis": [
    0.11646447140381283
  ],
  "dice": [
    0.16550522648083624
  ],
  "cosinus": [
    0.02435016841390114
  ]
}