{
  "voc_eval_res": {
    "precision": 54.023,
    "recall": 28.4848,
    "f-score": 37.3016
  },
  "KL_res": {
    "KL divergence": 1.8535946083369073,
    "Euclidean Dist.": 0.12192889729290429,
    "WER": 0.6809917355371901,
    "CER": 0.5323645970937912,
    "Cosine Dist.": 0.10113672412435948
  },
  "occ_eval_res": {
    "precision": 57.8616,
    "recall": 45.6198,
    "f-score": 51.0166
  },
  "clean_eval": {
    "f-score": 26.83158896289249,
    "precision": 24.1852487135506,
    "recall": 30.128205128205128,
    "tp": 141,
    "fp": 442,
    "fn": 327
  },
  "jaccard": [
    0.5614035087719298
  ],
  "braycurtis": [
    0.25290832945556074
  ],
  "dice": [
    0.3902439024390244
  ],
  "cosinus": [
    0.05499765726622741
  ]
}