{
  "voc_eval_res": {
    "precision": 12.6316,
    "recall": 0.3289,
    "f-score": 0.6412
  },
  "KL_res": {
    "KL divergence": 3.847539909369226,
    "Euclidean Dist.": 0.2719224608640747,
    "WER": 0.9924180327868852,
    "CER": 0.9625796399855326,
    "Cosine Dist.": 0.81932130362055
  },
  "occ_eval_res": {
    "precision": 25.2577,
    "recall": 1.0041,
    "f-score": 1.9314
  },
  "clean_eval": {
    "f-score": 0.98119378577269,
    "precision": 0.5098789037603569,
    "recall": 12.972972972972974,
    "tp": 24,
    "fp": 4683,
    "fn": 161
  },
  "jaccard": [
    0.8886161978478384
  ],
  "braycurtis": [
    0.9346912726692549
  ],
  "dice": [
    0.7995583489043655
  ],
  "cosinus": [
    0.2978543934798671
  ]
}