{
  "voc_eval_res": {
    "precision": 47.8261,
    "recall": 23.0366,
    "f-score": 31.0954
  },
  "KL_res": {
    "KL divergence": 3.400625319161371,
    "Euclidean Dist.": 0.18935519183772462,
    "WER": 0.8634920634920635,
    "CER": 0.7211064797271693,
    "Cosine Dist.": 0.2924483196297416
  },
  "occ_eval_res": {
    "precision": 54.5455,
    "recall": 24.7619,
    "f-score": 34.0611
  },
  "clean_eval": {
    "f-score": 32.18390804597702,
    "precision": 23.333333333333332,
    "recall": 51.85185185185185,
    "tp": 70,
    "fp": 230,
    "fn": 65
  },
  "jaccard": [
    0.5456745311554749
  ],
  "braycurtis": [
    0.4232406711745555
  ],
  "dice": [
    0.3752079866888519
  ],
  "cosinus": [
    0.15720341755575262
  ]
}