{
  "voc_eval_res": {
    "precision": 0.7883,
    "recall": 5.3435,
    "f-score": 1.3739
  },
  "KL_res": {
    "KL divergence": 6.025144237588203,
    "Euclidean Dist.": 0.16020991106317314,
    "WER": 24.7007299270073,
    "CER": 30.043233082706767,
    "Cosine Dist.": 0.9718772328125609
  },
  "occ_eval_res": {
    "precision": 0.2064,
    "recall": 5.1095,
    "f-score": 0.3968
  },
  "clean_eval": {
    "f-score": 0.18088634308109738,
    "precision": 2.5,
    "recall": 0.09383797309978105,
    "tp": 3,
    "fp": 117,
    "fn": 3194
  },
  "jaccard": [
    0.8111025443330764
  ],
  "braycurtis": [
    0.9516289407498392
  ],
  "dice": [
    0.682230869001297
  ],
  "cosinus": [
    0.34613423042445846
  ]
}