{
  "voc_eval_res": {
    "precision": 42.2018,
    "recall": 19.2469,
    "f-score": 26.4368
  },
  "KL_res": {
    "KL divergence": 2.6265690931131864,
    "Euclidean Dist.": 0.3203206478179464,
    "WER": 0.7835990888382688,
    "CER": 0.6750578703703703,
    "Cosine Dist.": 0.05727416522750439
  },
  "occ_eval_res": {
    "precision": 58.498,
    "recall": 33.713,
    "f-score": 42.7746
  },
  "clean_eval": {
    "f-score": 13.233082706766918,
    "precision": 10.377358490566039,
    "recall": 18.25726141078838,
    "tp": 44,
    "fp": 380,
    "fn": 197
  },
  "jaccard": [
    0.5823591923485654
  ],
  "braycurtis": [
    0.3778727952966328
  ],
  "dice": [
    0.4107946026986507
  ],
  "cosinus": [
    0.11526560849821477
  ]
}