{
  "voc_eval_res": {
    "precision": 42.7673,
    "recall": 21.25,
    "f-score": 28.3925
  },
  "KL_res": {
    "KL divergence": 1.9753266652043526,
    "Euclidean Dist.": 0.2063050043112199,
    "WER": 0.8954802259887006,
    "CER": 0.6608352144469526,
    "Cosine Dist.": 0.28555280695879615
  },
  "occ_eval_res": {
    "precision": 39.3862,
    "recall": 43.5028,
    "f-score": 41.3423
  },
  "clean_eval": {
    "f-score": 10.013908205841446,
    "precision": 10.682492581602373,
    "recall": 9.424083769633508,
    "tp": 72,
    "fp": 602,
    "fn": 692
  },
  "jaccard": [
    0.5556640625
  ],
  "braycurtis": [
    0.33122474081883674
  ],
  "dice": [
    0.38471940500338064
  ],
  "cosinus": [
    0.12783770468419886
  ]
}