{
  "voc_eval_res": {
    "precision": 73.3871,
    "recall": 33.2117,
    "f-score": 45.7286
  },
  "KL_res": {
    "KL divergence": 1.6657760515820894,
    "Euclidean Dist.": 0.14195601183175768,
    "WER": 0.577922077922078,
    "CER": 0.48367875647668396,
    "Cosine Dist.": 0.09169201704207386
  },
  "occ_eval_res": {
    "precision": 68.75,
    "recall": 50.0,
    "f-score": 57.8947
  },
  "clean_eval": {
    "f-score": 34.55497382198953,
    "precision": 30.0,
    "recall": 40.74074074074074,
    "tp": 132,
    "fp": 308,
    "fn": 192
  },
  "jaccard": [
    0.5329815303430079
  ],
  "braycurtis": [
    0.2611169336727055
  ],
  "dice": [
    0.36330935251798563
  ],
  "cosinus": [
    0.06372124267765833
  ]
}