{
  "voc_eval_res": {
    "precision": 58.6207,
    "recall": 16.6259,
    "f-score": 25.9048
  },
  "KL_res": {
    "KL divergence": 4.198738950928671,
    "Euclidean Dist.": 0.25775356375409725,
    "WER": 0.8248095756256801,
    "CER": 0.5748669289516316,
    "Cosine Dist.": 0.7142892572065926
  },
  "occ_eval_res": {
    "precision": 60.339,
    "recall": 19.3689,
    "f-score": 29.3245
  },
  "clean_eval": {
    "f-score": 13.49911190053286,
    "precision": 9.134615384615383,
    "recall": 25.850340136054424,
    "tp": 76,
    "fp": 756,
    "fn": 218
  },
  "jaccard": [
    0.7271458478715981
  ],
  "braycurtis": [
    0.4541018201002374
  ],
  "dice": [
    0.5712719298245614
  ],
  "cosinus": [
    0.41745899735841574
  ]
}