{
  "voc_eval_res": {
    "precision": 65.8241,
    "recall": 50.1155,
    "f-score": 56.9056
  },
  "KL_res": {
    "KL divergence": 0.5742324290260359,
    "Euclidean Dist.": 0.06230059973608386,
    "WER": 0.527277762392689,
    "CER": 0.3961149757185982,
    "Cosine Dist.": 0.061824945645089224
  },
  "occ_eval_res": {
    "precision": 74.284,
    "recall": 70.396,
    "f-score": 72.2878
  },
  "clean_eval": {
    "f-score": 49.63869635746941,
    "precision": 47.96238244514107,
    "recall": 51.43643031784841,
    "tp": 1683,
    "fp": 1826,
    "fn": 1589
  },
  "jaccard": [
    0.3515946502057613
  ],
  "braycurtis": [
    0.09470228176403624
  ],
  "dice": [
    0.21329380558589484
  ],
  "cosinus": [
    0.013499381614260564
  ]
}