{
  "voc_eval_res": {
    "precision": 65.2778,
    "recall": 26.454,
    "f-score": 37.6502
  },
  "KL_res": {
    "KL divergence": 1.740300366062748,
    "Euclidean Dist.": 0.11713676477151878,
    "WER": 0.7067264573991031,
    "CER": 0.5473208072372999,
    "Cosine Dist.": 0.1296527485593496
  },
  "occ_eval_res": {
    "precision": 65.6033,
    "recall": 42.4215,
    "f-score": 51.5251
  },
  "clean_eval": {
    "f-score": 28.702640642939148,
    "precision": 24.295432458697768,
    "recall": 35.06311360448808,
    "tp": 250,
    "fp": 779,
    "fn": 463
  },
  "jaccard": [
    0.5899280575539568
  ],
  "braycurtis": [
    0.23525539757767247
  ],
  "dice": [
    0.41836734693877553
  ],
  "cosinus": [
    0.0380939516627502
  ]
}