{
  "voc_eval_res": {
    "precision": 65.0485,
    "recall": 24.4973,
    "f-score": 35.591
  },
  "KL_res": {
    "KL divergence": 1.8841953918295218,
    "Euclidean Dist.": 0.12359923562050693,
    "WER": 0.7277441659464131,
    "CER": 0.5667238421955403,
    "Cosine Dist.": 0.1479855760363279
  },
  "occ_eval_res": {
    "precision": 63.9004,
    "recall": 39.9309,
    "f-score": 49.1489
  },
  "clean_eval": {
    "f-score": 26.39593908629442,
    "precision": 22.07547169811321,
    "recall": 32.81907433380084,
    "tp": 234,
    "fp": 826,
    "fn": 479
  },
  "jaccard": [
    0.6079525636553889
  ],
  "braycurtis": [
    0.2585029589646875
  ],
  "dice": [
    0.4367326484590328
  ],
  "cosinus": [
    0.05198928304820005
  ]
}