{
  "voc_eval_res": {
    "precision": 38.4615,
    "recall": 1.9971,
    "f-score": 3.797
  },
  "KL_res": {
    "KL divergence": 4.681014845538724,
    "Euclidean Dist.": 0.19876333321962322,
    "WER": 0.9836002315261432,
    "CER": 0.9283566614826335,
    "Cosine Dist.": 0.9413685106794891
  },
  "occ_eval_res": {
    "precision": 38.4342,
    "recall": 2.0837,
    "f-score": 3.9531
  },
  "clean_eval": {
    "f-score": 1.2006196746707978,
    "precision": 0.6338172152933961,
    "recall": 11.355311355311356,
    "tp": 31,
    "fp": 4860,
    "fn": 242
  },
  "jaccard": [
    0.8364338364338364
  ],
  "braycurtis": [
    0.8630965576210533
  ],
  "dice": [
    0.7188536953242836
  ],
  "cosinus": [
    0.2480407154031533
  ]
}