{
  "voc_eval_res": {
    "precision": 56.4356,
    "recall": 25.5034,
    "f-score": 35.131
  },
  "KL_res": {
    "KL divergence": 1.911069968733195,
    "Euclidean Dist.": 0.13776107038328542,
    "WER": 0.6707202993451824,
    "CER": 0.47091267235718975,
    "Cosine Dist.": 0.17551868270736903
  },
  "occ_eval_res": {
    "precision": 66.112,
    "recall": 40.8793,
    "f-score": 50.5202
  },
  "clean_eval": {
    "f-score": 22.61277094317516,
    "precision": 18.328584995251664,
    "recall": 29.510703363914377,
    "tp": 193,
    "fp": 860,
    "fn": 461
  },
  "jaccard": [
    0.5784155214227971
  ],
  "braycurtis": [
    0.24324522223035805
  ],
  "dice": [
    0.4068808643730452
  ],
  "cosinus": [
    0.05638068442453337
  ]
}