{
  "voc_eval_res": {
    "precision": 40.3846,
    "recall": 32.8125,
    "f-score": 36.2069
  },
  "KL_res": {
    "KL divergence": 2.337541711741131,
    "Euclidean Dist.": 0.15661940140849495,
    "WER": 1.0163265306122449,
    "CER": 0.8154566744730679,
    "Cosine Dist.": 0.2695430878888123
  },
  "occ_eval_res": {
    "precision": 39.3836,
    "recall": 46.9388,
    "f-score": 42.8305
  },
  "clean_eval": {
    "f-score": 17.726396917148364,
    "precision": 20.0,
    "recall": 15.916955017301039,
    "tp": 46,
    "fp": 184,
    "fn": 243
  },
  "jaccard": [
    0.5597014925373134
  ],
  "braycurtis": [
    0.3506944444444444
  ],
  "dice": [
    0.38860103626943004
  ],
  "cosinus": [
    0.12683976383375173
  ]
}