{
  "voc_eval_res": {
    "precision": 33.8028,
    "recall": 4.0336,
    "f-score": 7.2072
  },
  "KL_res": {
    "KL divergence": 4.78589174732376,
    "Euclidean Dist.": 0.25327311719820855,
    "WER": 0.953519256308101,
    "CER": 0.8031140130587644,
    "Cosine Dist.": 0.6455389825433322
  },
  "occ_eval_res": {
    "precision": 29.2994,
    "recall": 6.1089,
    "f-score": 10.1099
  },
  "clean_eval": {
    "f-score": 7.380952380952381,
    "precision": 4.5321637426900585,
    "recall": 19.871794871794872,
    "tp": 31,
    "fp": 653,
    "fn": 125
  },
  "jaccard": [
    0.8090940645609164
  ],
  "braycurtis": [
    0.6584497759029792
  ],
  "dice": [
    0.6793937627513844
  ],
  "cosinus": [
    0.20639559237486316
  ]
}