{
  "voc_eval_res": {
    "precision": 14.5631,
    "recall": 0.7151,
    "f-score": 1.3633
  },
  "KL_res": {
    "KL divergence": 3.333903536409317,
    "Euclidean Dist.": 0.16730718443342218,
    "WER": 0.9882329477463103,
    "CER": 0.8797627474431887,
    "Cosine Dist.": 0.7131046259238527
  },
  "occ_eval_res": {
    "precision": 12.1715,
    "recall": 1.7551,
    "f-score": 3.0678
  },
  "clean_eval": {
    "f-score": 0.6400602409638553,
    "precision": 0.36964557512502716,
    "recall": 2.3842917251051894,
    "tp": 17,
    "fp": 4582,
    "fn": 696
  },
  "jaccard": [
    0.8207976689127664
  ],
  "braycurtis": [
    0.7891508248890378
  ],
  "dice": [
    0.6960617760617761
  ],
  "cosinus": [
    0.2882657254397989
  ]
}