{
  "voc_eval_res": {
    "precision": 28.7879,
    "recall": 19.4872,
    "f-score": 23.2416
  },
  "KL_res": {
    "KL divergence": 3.6793344644873374,
    "Euclidean Dist.": 0.12006510805539836,
    "WER": 0.8577235772357723,
    "CER": 0.6622558286074354,
    "Cosine Dist.": 0.47762747032966435
  },
  "occ_eval_res": {
    "precision": 31.5476,
    "recall": 21.5447,
    "f-score": 25.6039
  },
  "clean_eval": {
    "f-score": 17.64705882352941,
    "precision": 14.634146341463413,
    "recall": 22.22222222222222,
    "tp": 36,
    "fp": 210,
    "fn": 126
  },
  "jaccard": [
    0.6554092730394963
  ],
  "braycurtis": [
    0.4038257173219979
  ],
  "dice": [
    0.4874414644529587
  ],
  "cosinus": [
    0.11481963852830779
  ]
}