{
  "voc_eval_res": {
    "precision": 2.9328,
    "recall": 10.7612,
    "f-score": 4.6093
  },
  "KL_res": {
    "KL divergence": 2.720763402821528,
    "Euclidean Dist.": 0.208830313962937,
    "WER": 1.931068931068931,
    "CER": 2.5322436849925705,
    "Cosine Dist.": 0.4208299738607517
  },
  "occ_eval_res": {
    "precision": 14.452,
    "recall": 29.7702,
    "f-score": 19.458
  },
  "clean_eval": {
    "f-score": 0.31323414252153486,
    "precision": 0.40858018386108275,
    "recall": 0.25396825396825395,
    "tp": 4,
    "fp": 975,
    "fn": 1571
  },
  "jaccard": [
    0.8778691542899226
  ],
  "braycurtis": [
    0.721379216908278
  ],
  "dice": [
    0.7823233428133888
  ],
  "cosinus": [
    0.41101241122858534
  ]
}