{
  "voc_eval_res": {
    "precision": 2.8741,
    "recall": 10.9434,
    "f-score": 4.5526
  },
  "KL_res": {
    "KL divergence": 2.7794268605413053,
    "Euclidean Dist.": 0.20586109702696376,
    "WER": 2.266211604095563,
    "CER": 2.857959961868446,
    "Cosine Dist.": 0.4810455507123095
  },
  "occ_eval_res": {
    "precision": 11.5685,
    "recall": 27.8157,
    "f-score": 16.3409
  },
  "clean_eval": {
    "f-score": 0.8860759493670884,
    "precision": 1.1844331641285957,
    "recall": 0.7077856420626896,
    "tp": 7,
    "fp": 584,
    "fn": 982
  },
  "jaccard": [
    0.8839016653449643
  ],
  "braycurtis": [
    0.7486472690148035
  ],
  "dice": [
    0.7919567997726303
  ],
  "cosinus": [
    0.48338824630427124
  ]
}