{
  "voc_eval_res": {
    "precision": 23.8095,
    "recall": 26.3158,
    "f-score": 25.0
  },
  "KL_res": {
    "KL divergence": 3.9495756852224733,
    "Euclidean Dist.": 0.20454545454545456,
    "WER": 0.9545454545454546,
    "CER": 0.7911392405063291,
    "Cosine Dist.": 0.49232691743319046
  },
  "occ_eval_res": {
    "precision": 25.0,
    "recall": 25.0,
    "f-score": 25.0
  },
  "clean_eval": {
    "f-score": 19.148936170212767,
    "precision": 20.0,
    "recall": 18.367346938775512,
    "tp": 9,
    "fp": 36,
    "fn": 40
  },
  "jaccard": [
    0.7224806201550388
  ],
  "braycurtis": [
    0.5863141524105754
  ],
  "dice": [
    0.5655339805825242
  ],
  "cosinus": [
    0.4317768332130135
  ]
}