{
  "voc_eval_res": {
    "precision": 39.5349,
    "recall": 5.1672,
    "f-score": 9.1398
  },
  "KL_res": {
    "KL divergence": 5.367251011976604,
    "Euclidean Dist.": 0.3024519820449102,
    "WER": 0.9535962877030162,
    "CER": 0.7467778620166793,
    "Cosine Dist.": 0.8469108018771583
  },
  "occ_eval_res": {
    "precision": 24.7619,
    "recall": 6.0325,
    "f-score": 9.7015
  },
  "clean_eval": {
    "f-score": 6.336633663366337,
    "precision": 3.99002493765586,
    "recall": 15.384615384615385,
    "tp": 16,
    "fp": 385,
    "fn": 88
  },
  "jaccard": [
    0.7866514546491729
  ],
  "braycurtis": [
    0.5949503088906796
  ],
  "dice": [
    0.6483309826046074
  ],
  "cosinus": [
    0.3440592563416415
  ]
}