{
  "voc_eval_res": {
    "precision": 29.3963,
    "recall": 3.3131,
    "f-score": 5.9551
  },
  "KL_res": {
    "KL divergence": 2.9257603143891724,
    "Euclidean Dist.": 0.14929025988991196,
    "WER": 0.9658170322070737,
    "CER": 0.830626071341115,
    "Cosine Dist.": 0.7175719846867298
  },
  "occ_eval_res": {
    "precision": 25.1722,
    "recall": 4.6927,
    "f-score": 7.9107
  },
  "clean_eval": {
    "f-score": 2.008710336858946,
    "precision": 1.2028954651905472,
    "recall": 6.085083467959073,
    "tp": 113,
    "fp": 9281,
    "fn": 1744
  },
  "jaccard": [
    0.711864406779661
  ],
  "braycurtis": [
    0.6859986273164036
  ],
  "dice": [
    0.5526315789473685
  ],
  "cosinus": [
    0.21223490223388342
  ]
}