{
  "voc_eval_res": {
    "precision": 35.7143,
    "recall": 28.3019,
    "f-score": 31.5789
  },
  "KL_res": {
    "KL divergence": 3.4539057734956384,
    "Euclidean Dist.": 0.1851946331679053,
    "WER": 0.7936507936507936,
    "CER": 0.5651162790697675,
    "Cosine Dist.": 0.3574695454162443
  },
  "occ_eval_res": {
    "precision": 37.5,
    "recall": 33.3333,
    "f-score": 35.2941
  },
  "clean_eval": {
    "f-score": 33.6283185840708,
    "precision": 31.666666666666664,
    "recall": 35.84905660377358,
    "tp": 19,
    "fp": 41,
    "fn": 34
  },
  "jaccard": [
    0.6067251461988304
  ],
  "braycurtis": [
    0.4323308270676692
  ],
  "dice": [
    0.4354669464847849
  ],
  "cosinus": [
    0.23081286997326633
  ]
}