{
  "voc_eval_res": {
    "precision": 50.7937,
    "recall": 28.0702,
    "f-score": 36.1582
  },
  "KL_res": {
    "KL divergence": 1.443423830869217,
    "Euclidean Dist.": 0.103287042101187,
    "WER": 0.6774580335731415,
    "CER": 0.5151820164401946,
    "Cosine Dist.": 0.09521062730351437
  },
  "occ_eval_res": {
    "precision": 65.1865,
    "recall": 44.0048,
    "f-score": 52.5412
  },
  "clean_eval": {
    "f-score": 17.77777777777778,
    "precision": 14.833127317676142,
    "recall": 22.181146025878004,
    "tp": 120,
    "fp": 689,
    "fn": 421
  },
  "jaccard": [
    0.5583211322596389
  ],
  "braycurtis": [
    0.2815306520890277
  ],
  "dice": [
    0.38727149627623564
  ],
  "cosinus": [
    0.0397038865796846
  ]
}