{
  "voc_eval_res": {
    "precision": 29.4118,
    "recall": 35.2113,
    "f-score": 32.0513
  },
  "KL_res": {
    "KL divergence": 1.9605802063292277,
    "Euclidean Dist.": 0.16769662668961594,
    "WER": 2.1515151515151514,
    "CER": 1.872260823089257,
    "Cosine Dist.": 0.22050541118715694
  },
  "occ_eval_res": {
    "precision": 22.4863,
    "recall": 53.2468,
    "f-score": 31.6195
  },
  "clean_eval": {
    "f-score": 14.010989010989011,
    "precision": 22.972972972972975,
    "recall": 10.079051383399209,
    "tp": 51,
    "fp": 171,
    "fn": 455
  },
  "jaccard": [
    0.5727170236753101
  ],
  "braycurtis": [
    0.5100548446069469
  ],
  "dice": [
    0.40126382306477093
  ],
  "cosinus": [
    0.13700124030958416
  ]
}