{
  "voc_eval_res": {
    "precision": 66.2818,
    "recall": 50.4837,
    "f-score": 57.314
  },
  "KL_res": {
    "KL divergence": 1.2009551972261097,
    "Euclidean Dist.": 0.2446061514099491,
    "WER": 0.5632183908045977,
    "CER": 0.441749339025396,
    "Cosine Dist.": 0.4882006219024586
  },
  "occ_eval_res": {
    "precision": 70.2789,
    "recall": 60.6003,
    "f-score": 65.0817
  },
  "clean_eval": {
    "f-score": 45.570842384745355,
    "precision": 42.27496641289745,
    "recall": 49.42408376963351,
    "tp": 1888,
    "fp": 2578,
    "fn": 1932
  },
  "jaccard": [
    0.3569692953390767
  ],
  "braycurtis": [
    0.18180793084006766
  ],
  "dice": [
    0.2172627050282334
  ],
  "cosinus": [
    0.12219571754578185
  ]
}