{
  "voc_eval_res": {
    "precision": 24.3386,
    "recall": 20.8145,
    "f-score": 22.439
  },
  "KL_res": {
    "KL divergence": 2.955031300485151,
    "Euclidean Dist.": 0.14664183845280013,
    "WER": 0.911504424778761,
    "CER": 0.7436582109479306,
    "Cosine Dist.": 0.4191711874399434
  },
  "occ_eval_res": {
    "precision": 31.0541,
    "recall": 32.1534,
    "f-score": 31.5942
  },
  "clean_eval": {
    "f-score": 11.746522411128284,
    "precision": 11.411411411411411,
    "recall": 12.101910828025478,
    "tp": 38,
    "fp": 295,
    "fn": 276
  },
  "jaccard": [
    0.7046394120349104
  ],
  "braycurtis": [
    0.4249484536082474
  ],
  "dice": [
    0.5439716312056737
  ],
  "cosinus": [
    0.2786702322110617
  ]
}