{
  "voc_eval_res": {
    "precision": 24.6154,
    "recall": 23.1884,
    "f-score": 23.8806
  },
  "KL_res": {
    "KL divergence": 2.8255701321722086,
    "Euclidean Dist.": 0.1009745944577546,
    "WER": 0.8940397350993378,
    "CER": 0.6606549596582819,
    "Cosine Dist.": 0.23787956779012343
  },
  "occ_eval_res": {
    "precision": 32.3529,
    "recall": 32.7815,
    "f-score": 32.5658
  },
  "clean_eval": {
    "f-score": 12.996389891696749,
    "precision": 12.32876712328767,
    "recall": 13.740458015267176,
    "tp": 36,
    "fp": 256,
    "fn": 226
  },
  "jaccard": [
    0.6926963711529628
  ],
  "braycurtis": [
    0.3719751094722286
  ],
  "dice": [
    0.5298664792691496
  ],
  "cosinus": [
    0.11244186377775134
  ]
}