{
  "voc_eval_res": {
    "precision": 76.7189,
    "recall": 53.6256,
    "f-score": 63.1266
  },
  "KL_res": {
    "KL divergence": 1.0996594606099297,
    "Euclidean Dist.": 0.26834866236174465,
    "WER": 0.48274231678486995,
    "CER": 0.3809309587446082,
    "Cosine Dist.": 0.5195651403706545
  },
  "occ_eval_res": {
    "precision": 83.3387,
    "recall": 61.0165,
    "f-score": 70.4518
  },
  "clean_eval": {
    "f-score": 54.759206798866856,
    "precision": 47.180864046863555,
    "recall": 65.23793452581843,
    "tp": 1933,
    "fp": 2164,
    "fn": 1030
  },
  "jaccard": [
    0.3456735057983943
  ],
  "braycurtis": [
    0.1568510054177193
  ],
  "dice": [
    0.20895119978430843
  ],
  "cosinus": [
    0.1094933866863983
  ]
}