{
  "voc_eval_res": {
    "precision": 79.5612,
    "recall": 54.9004,
    "f-score": 64.9694
  },
  "KL_res": {
    "KL divergence": 0.9302573378132765,
    "Euclidean Dist.": 0.21614952904694165,
    "WER": 0.46439568899153194,
    "CER": 0.3735452802425648,
    "Cosine Dist.": 0.4397487191002113
  },
  "occ_eval_res": {
    "precision": 83.4115,
    "recall": 65.0308,
    "f-score": 73.0832
  },
  "clean_eval": {
    "f-score": 53.79436266118909,
    "precision": 47.68359295974105,
    "recall": 61.70157068062827,
    "tp": 2357,
    "fp": 2586,
    "fn": 1463
  },
  "jaccard": [
    0.3228241563055062
  ],
  "braycurtis": [
    0.1447114520285252
  ],
  "dice": [
    0.19248080487159122
  ],
  "cosinus": [
    0.09625993329775817
  ]
}