{
  "voc_eval_res": {
    "precision": 55.0955,
    "recall": 24.1958,
    "f-score": 33.6249
  },
  "KL_res": {
    "KL divergence": 2.154870046175139,
    "Euclidean Dist.": 0.12566171155194536,
    "WER": 0.7928921568627451,
    "CER": 0.6193218689162882,
    "Cosine Dist.": 0.25512050568150657
  },
  "occ_eval_res": {
    "precision": 60.0607,
    "recall": 36.3971,
    "f-score": 45.3262
  },
  "clean_eval": {
    "f-score": 25.850340136054424,
    "precision": 21.166448230668415,
    "recall": 33.19630010277492,
    "tp": 323,
    "fp": 1203,
    "fn": 650
  },
  "jaccard": [
    0.6057111477210324
  ],
  "braycurtis": [
    0.2900531865260801
  ],
  "dice": [
    0.43442300118156757
  ],
  "cosinus": [
    0.07902316910581109
  ]
}