{
  "voc_eval_res": {
    "precision": 42.5,
    "recall": 9.7143,
    "f-score": 15.814
  },
  "KL_res": {
    "KL divergence": 4.879239208207787,
    "Euclidean Dist.": 0.3655099080702602,
    "WER": 0.889344262295082,
    "CER": 0.729800629590766,
    "Cosine Dist.": 0.6661681523434502
  },
  "occ_eval_res": {
    "precision": 31.7757,
    "recall": 13.9344,
    "f-score": 19.3732
  },
  "clean_eval": {
    "f-score": 19.93127147766323,
    "precision": 15.343915343915343,
    "recall": 28.431372549019606,
    "tp": 29,
    "fp": 160,
    "fn": 73
  },
  "jaccard": [
    0.7693863789615644
  ],
  "braycurtis": [
    0.5612965340179717
  ],
  "dice": [
    0.6252054794520548
  ],
  "cosinus": [
    0.3736151941540381
  ]
}