{
  "voc_eval_res": {
    "precision": 54.5455,
    "recall": 32.967,
    "f-score": 41.0959
  },
  "KL_res": {
    "KL divergence": 1.487648804032255,
    "Euclidean Dist.": 0.1740174661047883,
    "WER": 0.6273584905660378,
    "CER": 0.4707646176911544,
    "Cosine Dist.": 0.1533805065555499
  },
  "occ_eval_res": {
    "precision": 61.1702,
    "recall": 54.2453,
    "f-score": 57.5
  },
  "clean_eval": {
    "f-score": 47.02970297029703,
    "precision": 43.57798165137615,
    "recall": 51.075268817204304,
    "tp": 95,
    "fp": 123,
    "fn": 91
  },
  "jaccard": [
    0.5111111111111111
  ],
  "braycurtis": [
    0.237108190091001
  ],
  "dice": [
    0.34328358208955223
  ],
  "cosinus": [
    0.06412992288621466
  ]
}