{
  "voc_eval_res": {
    "precision": 45.8599,
    "recall": 17.4334,
    "f-score": 25.2632
  },
  "KL_res": {
    "KL divergence": 2.840515705940437,
    "Euclidean Dist.": 0.13445631628857807,
    "WER": 0.938788257339163,
    "CER": 0.7200327734535027,
    "Cosine Dist.": 0.3500829355593166
  },
  "occ_eval_res": {
    "precision": 42.915,
    "recall": 26.4834,
    "f-score": 32.754
  },
  "clean_eval": {
    "f-score": 11.182108626198083,
    "precision": 9.138381201044385,
    "recall": 14.40329218106996,
    "tp": 140,
    "fp": 1392,
    "fn": 832
  },
  "jaccard": [
    0.6217440543601359
  ],
  "braycurtis": [
    0.342556305774588
  ],
  "dice": [
    0.45110928512736237
  ],
  "cosinus": [
    0.12926154256046674
  ]
}