{
  "voc_eval_res": {
    "precision": 1.1702,
    "recall": 14.6667,
    "f-score": 2.1675
  },
  "KL_res": {
    "KL divergence": 4.936405482816662,
    "Euclidean Dist.": 0.2370771926091435,
    "WER": 50.21590909090909,
    "CER": 69.83498349834983,
    "Cosine Dist.": 0.44686087732989554
  },
  "occ_eval_res": {
    "precision": 0.4058,
    "recall": 20.4545,
    "f-score": 0.7958
  },
  "clean_eval": {
    "f-score": 0.22967386311437762,
    "precision": 6.493506493506493,
    "recall": 0.11690437222352115,
    "tp": 5,
    "fp": 72,
    "fn": 4272
  },
  "jaccard": [
    0.8615425111871545
  ],
  "braycurtis": [
    0.9769057884597744
  ],
  "dice": [
    0.7567630057803468
  ],
  "cosinus": [
    0.25506914891724397
  ]
}