{
  "voc_eval_res": {
    "precision": 52.7273,
    "recall": 32.2222,
    "f-score": 40.0
  },
  "KL_res": {
    "KL divergence": 1.8273751585798559,
    "Euclidean Dist.": 0.18520756846660613,
    "WER": 0.680952380952381,
    "CER": 0.49136178861788615,
    "Cosine Dist.": 0.18096574043707825
  },
  "occ_eval_res": {
    "precision": 54.7872,
    "recall": 49.0476,
    "f-score": 51.7588
  },
  "clean_eval": {
    "f-score": 34.82587064676617,
    "precision": 32.407407407407405,
    "recall": 37.634408602150536,
    "tp": 70,
    "fp": 146,
    "fn": 116
  },
  "jaccard": [
    0.5246842709529277
  ],
  "braycurtis": [
    0.25496688741721857
  ],
  "dice": [
    0.3556420233463035
  ],
  "cosinus": [
    0.06927118154845302
  ]
}