{
  "voc_eval_res": {
    "precision": 35.9511,
    "recall": 5.0036,
    "f-score": 8.7846
  },
  "KL_res": {
    "KL divergence": 3.266765886583535,
    "Euclidean Dist.": 0.10437403087967502,
    "WER": 0.9532816036210798,
    "CER": 0.8229955631246358,
    "Cosine Dist.": 0.672995448422578
  },
  "occ_eval_res": {
    "precision": 34.3778,
    "recall": 6.2076,
    "f-score": 10.5162
  },
  "clean_eval": {
    "f-score": 5.227781926811054,
    "precision": 3.1160968660968664,
    "recall": 16.218721037998147,
    "tp": 175,
    "fp": 5441,
    "fn": 904
  },
  "jaccard": [
    0.6984819121447028
  ],
  "braycurtis": [
    0.6563760080645161
  ],
  "dice": [
    0.5366670802829135
  ],
  "cosinus": [
    0.17452132785535035
  ]
}