{
  "voc_eval_res": {
    "precision": 61.2903,
    "recall": 21.5909,
    "f-score": 31.9328
  },
  "KL_res": {
    "KL divergence": 3.2061382253753723,
    "Euclidean Dist.": 0.3454403670801348,
    "WER": 0.7985611510791367,
    "CER": 0.7966601178781926,
    "Cosine Dist.": 0.3498727027545526
  },
  "occ_eval_res": {
    "precision": 43.2203,
    "recall": 36.6906,
    "f-score": 39.6887
  },
  "clean_eval": {
    "f-score": 35.74468085106383,
    "precision": 35.8974358974359,
    "recall": 35.59322033898305,
    "tp": 42,
    "fp": 75,
    "fn": 76
  },
  "jaccard": [
    0.6103225806451613
  ],
  "braycurtis": [
    0.3940298507462687
  ],
  "dice": [
    0.4391829155060353
  ],
  "cosinus": [
    0.2192663400175099
  ]
}