{
  "voc_eval_res": {
    "precision": 23.5294,
    "recall": 10.2564,
    "f-score": 14.2857
  },
  "KL_res": {
    "KL divergence": 7.022489769807645,
    "Euclidean Dist.": 0.3804045284277269,
    "WER": 0.9565217391304348,
    "CER": 0.7771084337349398,
    "Cosine Dist.": 0.8257043381279993
  },
  "occ_eval_res": {
    "precision": 26.3158,
    "recall": 7.2464,
    "f-score": 11.3636
  },
  "clean_eval": {
    "f-score": 12.048192771084338,
    "precision": 7.8125,
    "recall": 26.31578947368421,
    "tp": 5,
    "fp": 59,
    "fn": 14
  },
  "jaccard": [
    0.7584830339321357
  ],
  "braycurtis": [
    0.6270161290322581
  ],
  "dice": [
    0.6109324758842444
  ],
  "cosinus": [
    0.49129316974252146
  ]
}