{
  "voc_eval_res": {
    "precision": 46.5116,
    "recall": 7.7519,
    "f-score": 13.289
  },
  "KL_res": {
    "KL divergence": 4.877489715401653,
    "Euclidean Dist.": 0.3389188739228086,
    "WER": 0.8962765957446809,
    "CER": 0.7035940803382664,
    "Cosine Dist.": 0.4642393128734503
  },
  "occ_eval_res": {
    "precision": 40.9524,
    "recall": 11.4362,
    "f-score": 17.8794
  },
  "clean_eval": {
    "f-score": 14.798206278026907,
    "precision": 9.649122807017543,
    "recall": 31.73076923076923,
    "tp": 33,
    "fp": 309,
    "fn": 71
  },
  "jaccard": [
    0.7664281067013663
  ],
  "braycurtis": [
    0.5364507696776067
  ],
  "dice": [
    0.6213080168776371
  ],
  "cosinus": [
    0.2724806059329198
  ]
}