{
  "voc_eval_res": {
    "precision": 75.6757,
    "recall": 37.8378,
    "f-score": 50.4505
  },
  "KL_res": {
    "KL divergence": 0.4188694464746439,
    "Euclidean Dist.": 0.09129892566268505,
    "WER": 0.43,
    "CER": 0.38336402701043587,
    "Cosine Dist.": 0.005974247198718308
  },
  "occ_eval_res": {
    "precision": 91.6667,
    "recall": 66.0,
    "f-score": 76.7442
  },
  "clean_eval": {
    "f-score": 18.049490538573508,
    "precision": 15.538847117794486,
    "recall": 21.52777777777778,
    "tp": 62,
    "fp": 337,
    "fn": 226
  },
  "jaccard": [
    0.4900662251655629
  ],
  "braycurtis": [
    0.17478758453268597
  ],
  "dice": [
    0.32456140350877194
  ],
  "cosinus": [
    0.008603096582731062
  ]
}