{
  "voc_eval_res": {
    "precision": 33.6364,
    "recall": 3.1979,
    "f-score": 5.8406
  },
  "KL_res": {
    "KL divergence": 4.195874152144766,
    "Euclidean Dist.": 0.2667759623509356,
    "WER": 0.9548969072164949,
    "CER": 0.8400263331138907,
    "Cosine Dist.": 0.7554493837134735
  },
  "occ_eval_res": {
    "precision": 30.6513,
    "recall": 5.1546,
    "f-score": 8.8252
  },
  "clean_eval": {
    "f-score": 4.383218534752661,
    "precision": 2.6178010471204187,
    "recall": 13.461538461538462,
    "tp": 35,
    "fp": 1302,
    "fn": 225
  },
  "jaccard": [
    0.7989026063100138
  ],
  "braycurtis": [
    0.7226221473426252
  ],
  "dice": [
    0.6651439013248058
  ],
  "cosinus": [
    0.3901884065077438
  ]
}