{
  "voc_eval_res": {
    "precision": 57.5342,
    "recall": 48.8372,
    "f-score": 52.8302
  },
  "KL_res": {
    "KL divergence": 1.3074442406973161,
    "Euclidean Dist.": 0.08158321606845179,
    "WER": 0.5177304964539007,
    "CER": 0.37351190476190477,
    "Cosine Dist.": 0.030816392415600746
  },
  "occ_eval_res": {
    "precision": 68.9394,
    "recall": 64.539,
    "f-score": 66.6667
  },
  "clean_eval": {
    "f-score": 58.400000000000006,
    "precision": 55.3030303030303,
    "recall": 61.86440677966102,
    "tp": 73,
    "fp": 59,
    "fn": 45
  },
  "jaccard": [
    0.4158415841584158
  ],
  "braycurtis": [
    0.1823372668443091
  ],
  "dice": [
    0.2625
  ],
  "cosinus": [
    0.026489593692906155
  ]
}