{
  "voc_eval_res": {
    "precision": 62.9032,
    "recall": 47.561,
    "f-score": 54.1667
  },
  "KL_res": {
    "KL divergence": 1.2950717684025523,
    "Euclidean Dist.": 0.0865162048877417,
    "WER": 0.4642857142857143,
    "CER": 0.3353115727002967,
    "Cosine Dist.": 0.02710700492602014
  },
  "occ_eval_res": {
    "precision": 73.9837,
    "recall": 65.0,
    "f-score": 69.2015
  },
  "clean_eval": {
    "f-score": 63.07053941908713,
    "precision": 59.375,
    "recall": 67.2566371681416,
    "tp": 76,
    "fp": 52,
    "fn": 37
  },
  "jaccard": [
    0.3929747530186608
  ],
  "braycurtis": [
    0.16600633914421553
  ],
  "dice": [
    0.24453551912568305
  ],
  "cosinus": [
    0.02244543411512756
  ]
}