{
  "voc_eval_res": {
    "precision": 53.9823,
    "recall": 24.7967,
    "f-score": 33.9833
  },
  "KL_res": {
    "KL divergence": 2.039095259325597,
    "Euclidean Dist.": 0.14889520107402038,
    "WER": 0.6756756756756757,
    "CER": 0.4932475884244373,
    "Cosine Dist.": 0.05460295302442619
  },
  "occ_eval_res": {
    "precision": 67.284,
    "recall": 45.3222,
    "f-score": 54.1615
  },
  "clean_eval": {
    "f-score": 10.491803278688524,
    "precision": 8.067226890756302,
    "recall": 15.0,
    "tp": 48,
    "fp": 547,
    "fn": 272
  },
  "jaccard": [
    0.6292134831460674
  ],
  "braycurtis": [
    0.2786967418546366
  ],
  "dice": [
    0.45901639344262296
  ],
  "cosinus": [
    0.16062362200374047
  ]
}