{
  "voc_eval_res": {
    "precision": 17.2414,
    "recall": 0.7846,
    "f-score": 1.5009
  },
  "KL_res": {
    "KL divergence": 3.9277589600576244,
    "Euclidean Dist.": 0.21491955296623844,
    "WER": 0.9903319368353206,
    "CER": 0.9211484535219521,
    "Cosine Dist.": 0.8894876100938309
  },
  "occ_eval_res": {
    "precision": 12.9371,
    "recall": 1.1924,
    "f-score": 2.1835
  },
  "clean_eval": {
    "f-score": 0.3194888178913738,
    "precision": 0.1753155680224404,
    "recall": 1.7985611510791366,
    "tp": 5,
    "fp": 2847,
    "fn": 273
  },
  "jaccard": [
    0.8590017064846417
  ],
  "braycurtis": [
    0.8627413786562464
  ],
  "dice": [
    0.7528510001869508
  ],
  "cosinus": [
    0.3526448651234311
  ]
}