{
  "voc_eval_res": {
    "precision": 50.0,
    "recall": 17.2702,
    "f-score": 25.6729
  },
  "KL_res": {
    "KL divergence": 2.818247793153991,
    "Euclidean Dist.": 0.18046710401203947,
    "WER": 0.7556390977443609,
    "CER": 0.6336864406779661,
    "Cosine Dist.": 0.18316827995054052
  },
  "occ_eval_res": {
    "precision": 47.9167,
    "recall": 30.2632,
    "f-score": 37.0968
  },
  "clean_eval": {
    "f-score": 13.414634146341465,
    "precision": 11.088709677419354,
    "recall": 16.97530864197531,
    "tp": 55,
    "fp": 441,
    "fn": 269
  },
  "jaccard": [
    0.648636763412489
  ],
  "braycurtis": [
    0.39024714323677917
  ],
  "dice": [
    0.4799869834038399
  ],
  "cosinus": [
    0.1519498539743136
  ]
}