{
  "voc_eval_res": {
    "precision": 73.6607,
    "recall": 40.9429,
    "f-score": 52.6316
  },
  "KL_res": {
    "KL divergence": 0.8020911598750623,
    "Euclidean Dist.": 0.07001241424030348,
    "WER": 0.6067415730337079,
    "CER": 0.5379269261318507,
    "Cosine Dist.": 0.03392063267573919
  },
  "occ_eval_res": {
    "precision": 87.4003,
    "recall": 47.3639,
    "f-score": 61.435
  },
  "clean_eval": {
    "f-score": 34.82758620689655,
    "precision": 26.88553682342502,
    "recall": 49.42903752039152,
    "tp": 303,
    "fp": 824,
    "fn": 310
  },
  "jaccard": [
    0.37789203084832906
  ],
  "braycurtis": [
    0.3092895476616407
  ],
  "dice": [
    0.2329635499207607
  ],
  "cosinus": [
    0.02308184287810877
  ]
}