{
  "voc_eval_res": {
    "precision": 40.4878,
    "recall": 8.5128,
    "f-score": 14.0678
  },
  "KL_res": {
    "KL divergence": 3.2276864831535272,
    "Euclidean Dist.": 0.1754717149625896,
    "WER": 0.930416068866571,
    "CER": 0.7263131012173321,
    "Cosine Dist.": 0.354235235927271
  },
  "occ_eval_res": {
    "precision": 32.0363,
    "recall": 17.7188,
    "f-score": 22.8176
  },
  "clean_eval": {
    "f-score": 5.8541266794625715,
    "precision": 4.614220877458396,
    "recall": 8.005249343832022,
    "tp": 61,
    "fp": 1261,
    "fn": 701
  },
  "jaccard": [
    0.7173571054011536
  ],
  "braycurtis": [
    0.42284654121388815
  ],
  "dice": [
    0.5592804578904333
  ],
  "cosinus": [
    0.16354889612733547
  ]
}