{
  "voc_eval_res": {
    "precision": 37.1875,
    "recall": 25.7576,
    "f-score": 30.4348
  },
  "KL_res": {
    "KL divergence": 2.402897080581424,
    "Euclidean Dist.": 0.12534699774970864,
    "WER": 0.8098765432098766,
    "CER": 0.614995602462621,
    "Cosine Dist.": 0.3310866783340143
  },
  "occ_eval_res": {
    "precision": 49.4929,
    "recall": 30.1235,
    "f-score": 37.452
  },
  "clean_eval": {
    "f-score": 18.21036106750392,
    "precision": 14.59119496855346,
    "recall": 24.21711899791232,
    "tp": 116,
    "fp": 679,
    "fn": 363
  },
  "jaccard": [
    0.6095238095238096
  ],
  "braycurtis": [
    0.3202779532533165
  ],
  "dice": [
    0.4383561643835616
  ],
  "cosinus": [
    0.07579383863420397
  ]
}