{
  "voc_eval_res": {
    "precision": 75.0,
    "recall": 44.8454,
    "f-score": 56.129
  },
  "KL_res": {
    "KL divergence": 1.4192802104569666,
    "Euclidean Dist.": 0.1352633336034075,
    "WER": 0.5535307517084282,
    "CER": 0.4295554164057608,
    "Cosine Dist.": 0.19738277251567626
  },
  "occ_eval_res": {
    "precision": 75.8741,
    "recall": 49.4305,
    "f-score": 59.8621
  },
  "clean_eval": {
    "f-score": 33.05084745762713,
    "precision": 27.209302325581397,
    "recall": 42.086330935251794,
    "tp": 117,
    "fp": 313,
    "fn": 161
  },
  "jaccard": [
    0.4214755295836377
  ],
  "braycurtis": [
    0.23832030539901836
  ],
  "dice": [
    0.2670060157334567
  ],
  "cosinus": [
    0.08115352746833593
  ]
}