{
  "voc_eval_res": {
    "precision": 62.963,
    "recall": 44.7368,
    "f-score": 52.3077
  },
  "KL_res": {
    "KL divergence": 1.2021179162703697,
    "Euclidean Dist.": 0.10475928476526493,
    "WER": 0.6317460317460317,
    "CER": 0.47862679955703213,
    "Cosine Dist.": 0.1064788954025856
  },
  "occ_eval_res": {
    "precision": 64.6536,
    "recall": 57.7778,
    "f-score": 61.0226
  },
  "clean_eval": {
    "f-score": 21.345707656612532,
    "precision": 18.351063829787233,
    "recall": 25.508317929759706,
    "tp": 138,
    "fp": 614,
    "fn": 403
  },
  "jaccard": [
    0.46179039301310043
  ],
  "braycurtis": [
    0.22974313747106162
  ],
  "dice": [
    0.30021291696238467
  ],
  "cosinus": [
    0.11510032821991412
  ]
}