{
  "voc_eval_res": {
    "precision": 58.963,
    "recall": 66.6667,
    "f-score": 62.5786
  },
  "KL_res": {
    "KL divergence": 0.8574565499820715,
    "Euclidean Dist.": 0.11779425221423284,
    "WER": 0.8661504424778761,
    "CER": 0.6248843663274746,
    "Cosine Dist.": 0.3321783397421051
  },
  "occ_eval_res": {
    "precision": 49.8442,
    "recall": 70.7965,
    "f-score": 58.5009
  },
  "clean_eval": {
    "f-score": 49.38608458390178,
    "precision": 57.765957446808514,
    "recall": 43.12946783161239,
    "tp": 543,
    "fp": 397,
    "fn": 716
  },
  "jaccard": [
    0.40611353711790393
  ],
  "braycurtis": [
    0.23602768346826847
  ],
  "dice": [
    0.2547945205479452
  ],
  "cosinus": [
    0.08301407859961485
  ]
}