{
  "voc_eval_res": {
    "precision": 66.0,
    "recall": 36.1314,
    "f-score": 46.6981
  },
  "KL_res": {
    "KL divergence": 2.0234750062663163,
    "Euclidean Dist.": 0.1149774204463337,
    "WER": 0.6795698924731183,
    "CER": 0.5279627163781625,
    "Cosine Dist.": 0.12173107611348644
  },
  "occ_eval_res": {
    "precision": 70.9924,
    "recall": 40.0,
    "f-score": 51.1692
  },
  "clean_eval": {
    "f-score": 23.99172699069286,
    "precision": 16.133518776077885,
    "recall": 46.774193548387096,
    "tp": 116,
    "fp": 603,
    "fn": 132
  },
  "jaccard": [
    0.5005580357142857
  ],
  "braycurtis": [
    0.3633457645178476
  ],
  "dice": [
    0.3338295496836621
  ],
  "cosinus": [
    0.43299840408356016
  ]
}