{
  "voc_eval_res": {
    "precision": 60.5634,
    "recall": 27.2152,
    "f-score": 37.5546
  },
  "KL_res": {
    "KL divergence": 2.4844244167293854,
    "Euclidean Dist.": 0.1779145661047845,
    "WER": 0.6583333333333333,
    "CER": 0.5277272727272727,
    "Cosine Dist.": 0.1999920012650136
  },
  "occ_eval_res": {
    "precision": 63.0573,
    "recall": 41.25,
    "f-score": 49.8741
  },
  "clean_eval": {
    "f-score": 43.18766066838046,
    "precision": 36.05150214592275,
    "recall": 53.84615384615385,
    "tp": 84,
    "fp": 149,
    "fn": 72
  },
  "jaccard": [
    0.5848375451263538
  ],
  "braycurtis": [
    0.29654255319148937
  ],
  "dice": [
    0.413265306122449
  ],
  "cosinus": [
    0.08964260268450563
  ]
}