{
  "voc_eval_res": {
    "precision": 26.9231,
    "recall": 43.2099,
    "f-score": 33.1754
  },
  "KL_res": {
    "KL divergence": 1.2628865479877844,
    "Euclidean Dist.": 0.11416252677007402,
    "WER": 1.7435897435897436,
    "CER": 1.5726256983240223,
    "Cosine Dist.": 0.05170992624998849
  },
  "occ_eval_res": {
    "precision": 28.877,
    "recall": 69.2308,
    "f-score": 40.7547
  },
  "clean_eval": {
    "f-score": 15.83011583011583,
    "precision": 26.973684210526315,
    "recall": 11.202185792349727,
    "tp": 41,
    "fp": 111,
    "fn": 325
  },
  "jaccard": [
    0.5751734772552043
  ],
  "braycurtis": [
    0.47671121911705144
  ],
  "dice": [
    0.4036796536796537
  ],
  "cosinus": [
    0.03292682086561172
  ]
}