{
  "voc_eval_res": {
    "precision": 37.5,
    "recall": 1.7964,
    "f-score": 3.4286
  },
  "KL_res": {
    "KL divergence": 4.291267773333583,
    "Euclidean Dist.": 0.18498686521905436,
    "WER": 0.9828415986608077,
    "CER": 0.9315395693561418,
    "Cosine Dist.": 0.9305526838341653
  },
  "occ_eval_res": {
    "precision": 37.4532,
    "recall": 2.0925,
    "f-score": 3.9635
  },
  "clean_eval": {
    "f-score": 1.2316840093438097,
    "precision": 0.6515389800044934,
    "recall": 11.24031007751938,
    "tp": 29,
    "fp": 4422,
    "fn": 229
  },
  "jaccard": [
    0.8397900072411296
  ],
  "braycurtis": [
    0.8730703259005146
  ],
  "dice": [
    0.7238258698704946
  ],
  "cosinus": [
    0.23520740531592899
  ]
}