{
  "voc_eval_res": {
    "precision": 39.8614,
    "recall": 29.7158,
    "f-score": 34.0489
  },
  "KL_res": {
    "KL divergence": 2.4892905089532644,
    "Euclidean Dist.": 0.1842896606609467,
    "WER": 0.7602659366445053,
    "CER": 0.6091973820186014,
    "Cosine Dist.": 0.43116397396964645
  },
  "occ_eval_res": {
    "precision": 45.9512,
    "recall": 36.84,
    "f-score": 40.8943
  },
  "clean_eval": {
    "f-score": 19.5461694001348,
    "precision": 17.052136417091337,
    "recall": 22.894736842105264,
    "tp": 435,
    "fp": 2116,
    "fn": 1465
  },
  "jaccard": [
    0.48877068557919623
  ],
  "braycurtis": [
    0.3727444183912733
  ],
  "dice": [
    0.3234258897145092
  ],
  "cosinus": [
    0.341250278358046
  ]
}