{
  "voc_eval_res": {
    "precision": 43.3206,
    "recall": 28.9541,
    "f-score": 34.7095
  },
  "KL_res": {
    "KL divergence": 1.8935919329717517,
    "Euclidean Dist.": 0.22506132196747228,
    "WER": 0.8395,
    "CER": 0.6098915289256198,
    "Cosine Dist.": 0.6065414672900624
  },
  "occ_eval_res": {
    "precision": 39.9712,
    "recall": 41.65,
    "f-score": 40.7933
  },
  "clean_eval": {
    "f-score": 25.369458128078815,
    "precision": 25.55831265508685,
    "recall": 25.183374083129586,
    "tp": 515,
    "fp": 1500,
    "fn": 1530
  },
  "jaccard": [
    0.48112058465286234
  ],
  "braycurtis": [
    0.2955899145140882
  ],
  "dice": [
    0.31676022453889335
  ],
  "cosinus": [
    0.20178165164570894
  ]
}