{
  "voc_eval_res": {
    "precision": 48.913,
    "recall": 37.8151,
    "f-score": 42.654
  },
  "KL_res": {
    "KL divergence": 1.5348031501240542,
    "Euclidean Dist.": 0.12070142687783597,
    "WER": 0.8242677824267782,
    "CER": 0.5723958333333333,
    "Cosine Dist.": 0.11015139720682454
  },
  "occ_eval_res": {
    "precision": 49.47,
    "recall": 58.5774,
    "f-score": 53.6398
  },
  "clean_eval": {
    "f-score": 12.658227848101264,
    "precision": 12.82051282051282,
    "recall": 12.5,
    "tp": 35,
    "fp": 238,
    "fn": 245
  },
  "jaccard": [
    0.5700692041522492
  ],
  "braycurtis": [
    0.2671280276816609
  ],
  "dice": [
    0.3986690865093769
  ],
  "cosinus": [
    0.0693699688937085
  ]
}