{
  "voc_eval_res": {
    "precision": 50.2674,
    "recall": 18.7251,
    "f-score": 27.2859
  },
  "KL_res": {
    "KL divergence": 2.1947408796343004,
    "Euclidean Dist.": 0.16545289598258303,
    "WER": 0.7585858585858586,
    "CER": 0.5949697636063771,
    "Cosine Dist.": 0.19403860869155365
  },
  "occ_eval_res": {
    "precision": 50.9194,
    "recall": 36.3636,
    "f-score": 42.4278
  },
  "clean_eval": {
    "f-score": 17.580872011251756,
    "precision": 15.92356687898089,
    "recall": 19.623233908948194,
    "tp": 125,
    "fp": 660,
    "fn": 512
  },
  "jaccard": [
    0.6400532268795742
  ],
  "braycurtis": [
    0.33129383674078494
  ],
  "dice": [
    0.4706457925636008
  ],
  "cosinus": [
    0.10731689639840591
  ]
}