{
  "voc_eval_res": {
    "precision": 23.8095,
    "recall": 3.4448,
    "f-score": 6.0187
  },
  "KL_res": {
    "KL divergence": 2.9942341364992875,
    "Euclidean Dist.": 0.09188748111984993,
    "WER": 0.9730569948186528,
    "CER": 0.8655915278415822,
    "Cosine Dist.": 0.7472476228905365
  },
  "occ_eval_res": {
    "precision": 28.7333,
    "recall": 4.8187,
    "f-score": 8.2532
  },
  "clean_eval": {
    "f-score": 2.249388753056235,
    "precision": 1.3223457263319278,
    "recall": 7.52453653217012,
    "tp": 69,
    "fp": 5149,
    "fn": 848
  },
  "jaccard": [
    0.7503182911302871
  ],
  "braycurtis": [
    0.7493998453838955
  ],
  "dice": [
    0.6004075164138556
  ],
  "cosinus": [
    0.20200861240427193
  ]
}