{
  "voc_eval_res": {
    "precision": 38.9908,
    "recall": 8.8727,
    "f-score": 14.4558
  },
  "KL_res": {
    "KL divergence": 3.22039673196395,
    "Euclidean Dist.": 0.18199474017328743,
    "WER": 0.9274310595065312,
    "CER": 0.7334030318870883,
    "Cosine Dist.": 0.35040382573613493
  },
  "occ_eval_res": {
    "precision": 34.7339,
    "recall": 17.9971,
    "f-score": 23.7094
  },
  "clean_eval": {
    "f-score": 7.422068283028203,
    "precision": 5.707762557077626,
    "recall": 10.608203677510609,
    "tp": 75,
    "fp": 1239,
    "fn": 632
  },
  "jaccard": [
    0.7015706806282722
  ],
  "braycurtis": [
    0.42490379329301814
  ],
  "dice": [
    0.5403225806451613
  ],
  "cosinus": [
    0.15828657966956938
  ]
}