{
  "voc_eval_res": {
    "precision": 60.181,
    "recall": 47.1631,
    "f-score": 52.8827
  },
  "KL_res": {
    "KL divergence": 0.5956611218705664,
    "Euclidean Dist.": 0.05249357912097022,
    "WER": 0.580168776371308,
    "CER": 0.4985932721712538,
    "Cosine Dist.": 0.025981626563811977
  },
  "occ_eval_res": {
    "precision": 79.8762,
    "recall": 54.4304,
    "f-score": 64.7428
  },
  "clean_eval": {
    "f-score": 29.21784098254686,
    "precision": 24.67248908296943,
    "recall": 35.8161648177496,
    "tp": 226,
    "fp": 690,
    "fn": 405
  },
  "jaccard": [
    0.37994480220791166
  ],
  "braycurtis": [
    0.23883074702273546
  ],
  "dice": [
    0.2345258375922771
  ],
  "cosinus": [
    0.014038378121986161
  ]
}