{
  "voc_eval_res": {
    "precision": 58.0645,
    "recall": 17.8218,
    "f-score": 27.2727
  },
  "KL_res": {
    "KL divergence": 3.3789049204638273,
    "Euclidean Dist.": 0.3583930914481813,
    "WER": 0.7947019867549668,
    "CER": 0.7912713472485768,
    "Cosine Dist.": 0.38908472566115504
  },
  "occ_eval_res": {
    "precision": 43.2203,
    "recall": 33.7748,
    "f-score": 37.9182
  },
  "clean_eval": {
    "f-score": 36.734693877551024,
    "precision": 35.43307086614173,
    "recall": 38.13559322033898,
    "tp": 45,
    "fp": 82,
    "fn": 73
  },
  "jaccard": [
    0.6318347509113001
  ],
  "braycurtis": [
    0.4205020920502092
  ],
  "dice": [
    0.46181172291296624
  ],
  "cosinus": [
    0.27699807491677864
  ]
}