{
  "voc_eval_res": {
    "precision": 40.1899,
    "recall": 4.019,
    "f-score": 7.3072
  },
  "KL_res": {
    "KL divergence": 2.9421666513641878,
    "Euclidean Dist.": 0.23522880944215513,
    "WER": 0.9292068900246072,
    "CER": 0.8163185173551123,
    "Cosine Dist.": 0.41435770144474593
  },
  "occ_eval_res": {
    "precision": 39.0929,
    "recall": 10.2783,
    "f-score": 16.277
  },
  "clean_eval": {
    "f-score": 1.127758981794748,
    "precision": 0.7222451506397028,
    "recall": 2.5716385011021305,
    "tp": 35,
    "fp": 4811,
    "fn": 1326
  },
  "jaccard": [
    0.7631089624395686
  ],
  "braycurtis": [
    0.6731600375822111
  ],
  "dice": [
    0.6169573060733614
  ],
  "cosinus": [
    0.30829792629764174
  ]
}