{
  "voc_eval_res": {
    "precision": 46.4789,
    "recall": 2.8363,
    "f-score": 5.3463
  },
  "KL_res": {
    "KL divergence": 3.5349412604282286,
    "Euclidean Dist.": 0.2874368145161658,
    "WER": 0.9304008908685969,
    "CER": 0.845001170686022,
    "Cosine Dist.": 0.33804114929249485
  },
  "occ_eval_res": {
    "precision": 44.0177,
    "recall": 8.2962,
    "f-score": 13.9611
  },
  "clean_eval": {
    "f-score": 1.8104098566758868,
    "precision": 1.0882708585247884,
    "recall": 5.381165919282512,
    "tp": 36,
    "fp": 3272,
    "fn": 633
  },
  "jaccard": [
    0.8225219439092272
  ],
  "braycurtis": [
    0.7287643528183716
  ],
  "dice": [
    0.6985454545454546
  ],
  "cosinus": [
    0.39379143457622423
  ]
}