{
  "voc_eval_res": {
    "precision": 61.8182,
    "recall": 33.3333,
    "f-score": 43.3121
  },
  "KL_res": {
    "KL divergence": 2.2813731319799273,
    "Euclidean Dist.": 0.19371138012943842,
    "WER": 0.6613272311212814,
    "CER": 0.5289751641450186,
    "Cosine Dist.": 0.2509820522536719
  },
  "occ_eval_res": {
    "precision": 72.0307,
    "recall": 43.0206,
    "f-score": 53.8682
  },
  "clean_eval": {
    "f-score": 30.014430014430012,
    "precision": 24.018475750577366,
    "recall": 40.0,
    "tp": 104,
    "fp": 329,
    "fn": 156
  },
  "jaccard": [
    0.5172413793103449
  ],
  "braycurtis": [
    0.3122195374525371
  ],
  "dice": [
    0.3488372093023256
  ],
  "cosinus": [
    0.2013443194341722
  ]
}