{
  "voc_eval_res": {
    "precision": 31.1927,
    "recall": 13.7652,
    "f-score": 19.1011
  },
  "KL_res": {
    "KL divergence": 3.457176506451846,
    "Euclidean Dist.": 0.2037060079080209,
    "WER": 0.8606965174129353,
    "CER": 0.6292335115864528,
    "Cosine Dist.": 0.7110934037094625
  },
  "occ_eval_res": {
    "precision": 28.7726,
    "recall": 17.7861,
    "f-score": 21.9831
  },
  "clean_eval": {
    "f-score": 11.92368839427663,
    "precision": 9.740259740259742,
    "recall": 15.368852459016393,
    "tp": 75,
    "fp": 695,
    "fn": 413
  },
  "jaccard": [
    0.6244757910789173
  ],
  "braycurtis": [
    0.38837183838826234
  ],
  "dice": [
    0.4539911308203991
  ],
  "cosinus": [
    0.16696844626753682
  ]
}