{
  "voc_eval_res": {
    "precision": 38.0952,
    "recall": 5.2632,
    "f-score": 9.2486
  },
  "KL_res": {
    "KL divergence": 4.993920047024863,
    "Euclidean Dist.": 0.34522909242579314,
    "WER": 0.9154013015184381,
    "CER": 0.7233400402414487,
    "Cosine Dist.": 0.5082730490105438
  },
  "occ_eval_res": {
    "precision": 35.9375,
    "recall": 9.9783,
    "f-score": 15.6197
  },
  "clean_eval": {
    "f-score": 11.578947368421053,
    "precision": 7.46606334841629,
    "recall": 25.78125,
    "tp": 33,
    "fp": 409,
    "fn": 95
  },
  "jaccard": [
    0.783410138248848
  ],
  "braycurtis": [
    0.5287410926365795
  ],
  "dice": [
    0.6439393939393939
  ],
  "cosinus": [
    0.23255485057216196
  ]
}