{
  "voc_eval_res": {
    "precision": 46.7391,
    "recall": 11.4667,
    "f-score": 18.4154
  },
  "KL_res": {
    "KL divergence": 3.399808634799082,
    "Euclidean Dist.": 0.213180086015382,
    "WER": 0.85828025477707,
    "CER": 0.6612565445026178,
    "Cosine Dist.": 0.40477338209676406
  },
  "occ_eval_res": {
    "precision": 43.8163,
    "recall": 19.7452,
    "f-score": 27.2228
  },
  "clean_eval": {
    "f-score": 3.8901601830663615,
    "precision": 2.861952861952862,
    "recall": 6.071428571428571,
    "tp": 17,
    "fp": 577,
    "fn": 263
  },
  "jaccard": [
    0.7140664961636829
  ],
  "braycurtis": [
    0.43640776699029127
  ],
  "dice": [
    0.5552903739061257
  ],
  "cosinus": [
    0.18170704940870785
  ]
}