{
  "voc_eval_res": {
    "precision": 57.7586,
    "recall": 22.2591,
    "f-score": 32.1343
  },
  "KL_res": {
    "KL divergence": 2.1636241155413063,
    "Euclidean Dist.": 0.17026052927196303,
    "WER": 0.7150635208711433,
    "CER": 0.5945880058508045,
    "Cosine Dist.": 0.23794892262317913
  },
  "occ_eval_res": {
    "precision": 64.1638,
    "recall": 34.1198,
    "f-score": 44.5498
  },
  "clean_eval": {
    "f-score": 20.19704433497537,
    "precision": 15.619047619047619,
    "recall": 28.57142857142857,
    "tp": 82,
    "fp": 443,
    "fn": 205
  },
  "jaccard": [
    0.5888888888888889
  ],
  "braycurtis": [
    0.35717574827321563
  ],
  "dice": [
    0.41732283464566927
  ],
  "cosinus": [
    0.10028034285730247
  ]
}