{
  "voc_eval_res": {
    "precision": 56.6038,
    "recall": 32.967,
    "f-score": 41.6667
  },
  "KL_res": {
    "KL divergence": 1.2252977417086106,
    "Euclidean Dist.": 0.18635035795767413,
    "WER": 0.7661064425770309,
    "CER": 0.5531837916063675,
    "Cosine Dist.": 0.209949130500795
  },
  "occ_eval_res": {
    "precision": 54.4757,
    "recall": 59.6639,
    "f-score": 56.9519
  },
  "clean_eval": {
    "f-score": 15.862068965517242,
    "precision": 16.76384839650146,
    "recall": 15.052356020942408,
    "tp": 115,
    "fp": 571,
    "fn": 649
  },
  "jaccard": [
    0.47821522309711284
  ],
  "braycurtis": [
    0.2351313969571231
  ],
  "dice": [
    0.31424629182476715
  ],
  "cosinus": [
    0.0844721543767315
  ]
}