{
  "voc_eval_res": {
    "precision": 63.0872,
    "recall": 28.3133,
    "f-score": 39.0852
  },
  "KL_res": {
    "KL divergence": 1.3845064449257904,
    "Euclidean Dist.": 0.15289815736595788,
    "WER": 0.6819787985865724,
    "CER": 0.4918595967139656,
    "Cosine Dist.": 0.11003688301066306
  },
  "occ_eval_res": {
    "precision": 59.2727,
    "recall": 57.5972,
    "f-score": 58.4229
  },
  "clean_eval": {
    "f-score": 21.88295165394402,
    "precision": 22.05128205128205,
    "recall": 21.71717171717172,
    "tp": 172,
    "fp": 608,
    "fn": 620
  },
  "jaccard": [
    0.5187648456057007
  ],
  "braycurtis": [
    0.23058514744480468
  ],
  "dice": [
    0.35022450288646567
  ],
  "cosinus": [
    0.05711670604909824
  ]
}