{
  "voc_eval_res": {
    "precision": 39.5973,
    "recall": 2.4655,
    "f-score": 4.642
  },
  "KL_res": {
    "KL divergence": 3.4478618955635443,
    "Euclidean Dist.": 0.2781788505165888,
    "WER": 0.9390492855059784,
    "CER": 0.81970825102568,
    "Cosine Dist.": 0.31578879240592084
  },
  "occ_eval_res": {
    "precision": 32.0,
    "recall": 7.699,
    "f-score": 12.4118
  },
  "clean_eval": {
    "f-score": 1.8371400198609735,
    "precision": 1.1433868974042027,
    "recall": 4.671717171717172,
    "tp": 37,
    "fp": 3199,
    "fn": 755
  },
  "jaccard": [
    0.7905278531191321
  ],
  "braycurtis": [
    0.6895213058629333
  ],
  "dice": [
    0.6536139382439192
  ],
  "cosinus": [
    0.30546750165606895
  ]
}