{
  "voc_eval_res": {
    "precision": 62.931,
    "recall": 24.0132,
    "f-score": 34.7619
  },
  "KL_res": {
    "KL divergence": 1.948614607512158,
    "Euclidean Dist.": 0.15209889136631674,
    "WER": 0.7226277372262774,
    "CER": 0.6034942975006067,
    "Cosine Dist.": 0.21450386483646844
  },
  "occ_eval_res": {
    "precision": 67.8322,
    "recall": 35.4015,
    "f-score": 46.5228
  },
  "clean_eval": {
    "f-score": 24.00990099009901,
    "precision": 18.30188679245283,
    "recall": 34.89208633093525,
    "tp": 97,
    "fp": 433,
    "fn": 181
  },
  "jaccard": [
    0.5792824074074074
  ],
  "braycurtis": [
    0.3625213476168297
  ],
  "dice": [
    0.4077393075356415
  ],
  "cosinus": [
    0.10703652831757604
  ]
}