{
  "voc_eval_res": {
    "precision": 68.254,
    "recall": 43.8776,
    "f-score": 53.4161
  },
  "KL_res": {
    "KL divergence": 2.546933333227256,
    "Euclidean Dist.": 0.12364869439160678,
    "WER": 0.6271186440677966,
    "CER": 0.4767580452920143,
    "Cosine Dist.": 0.28281138027601527
  },
  "occ_eval_res": {
    "precision": 69.863,
    "recall": 43.2203,
    "f-score": 53.4031
  },
  "clean_eval": {
    "f-score": 45.55555555555556,
    "precision": 36.283185840707965,
    "recall": 61.19402985074627,
    "tp": 41,
    "fp": 72,
    "fn": 26
  },
  "jaccard": [
    0.4718526100307062
  ],
  "braycurtis": [
    0.3127994524298426
  ],
  "dice": [
    0.30877427997320833
  ],
  "cosinus": [
    0.1014635170578786
  ]
}