{
  "voc_eval_res": {
    "precision": 66.9903,
    "recall": 31.2217,
    "f-score": 42.5926
  },
  "KL_res": {
    "KL divergence": 1.7719008661173183,
    "Euclidean Dist.": 0.17285372598132653,
    "WER": 0.6359102244389028,
    "CER": 0.4895259095920617,
    "Cosine Dist.": 0.10910027148069146
  },
  "occ_eval_res": {
    "precision": 72.619,
    "recall": 45.6359,
    "f-score": 56.049
  },
  "clean_eval": {
    "f-score": 24.34514637904469,
    "precision": 19.50617283950617,
    "recall": 32.37704918032787,
    "tp": 79,
    "fp": 326,
    "fn": 165
  },
  "jaccard": [
    0.5471576227390181
  ],
  "braycurtis": [
    0.27665471144440823
  ],
  "dice": [
    0.3766118274788795
  ],
  "cosinus": [
    0.06791114847485391
  ]
}