{
  "voc_eval_res": {
    "precision": 58.1034,
    "recall": 45.4791,
    "f-score": 51.022
  },
  "KL_res": {
    "KL divergence": 0.7280978910632133,
    "Euclidean Dist.": 0.044612767012265686,
    "WER": 0.5140234574196838,
    "CER": 0.38561778946739195,
    "Cosine Dist.": 0.030088180059128722
  },
  "occ_eval_res": {
    "precision": 70.6253,
    "recall": 68.5365,
    "f-score": 69.5652
  },
  "clean_eval": {
    "f-score": 46.945337620578776,
    "precision": 46.10526315789474,
    "recall": 47.81659388646288,
    "tp": 876,
    "fp": 1024,
    "fn": 956
  },
  "jaccard": [
    0.3969957081545064
  ],
  "braycurtis": [
    0.11359266380712912
  ],
  "dice": [
    0.24765729585006693
  ],
  "cosinus": [
    0.009139344500770807
  ]
}