{
  "voc_eval_res": {
    "precision": 49.0909,
    "recall": 27.0,
    "f-score": 34.8387
  },
  "KL_res": {
    "KL divergence": 2.7814171364457096,
    "Euclidean Dist.": 0.23953171262860892,
    "WER": 0.8260869565217391,
    "CER": 0.7138849929873773,
    "Cosine Dist.": 0.3309467752803503
  },
  "occ_eval_res": {
    "precision": 39.8936,
    "recall": 40.7609,
    "f-score": 40.3226
  },
  "clean_eval": {
    "f-score": 25.895316804407713,
    "precision": 26.55367231638418,
    "recall": 25.268817204301076,
    "tp": 47,
    "fp": 130,
    "fn": 139
  },
  "jaccard": [
    0.6292929292929293
  ],
  "braycurtis": [
    0.36606880329314906
  ],
  "dice": [
    0.4591009579955785
  ],
  "cosinus": [
    0.09578387705669122
  ]
}