{
  "voc_eval_res": {
    "precision": 88.4211,
    "recall": 49.1228,
    "f-score": 63.1579
  },
  "KL_res": {
    "KL divergence": 1.3908286939258374,
    "Euclidean Dist.": 0.14346279677399018,
    "WER": 0.5125786163522013,
    "CER": 0.40832190214906267,
    "Cosine Dist.": 0.11531056419142738
  },
  "occ_eval_res": {
    "precision": 88.601,
    "recall": 53.7736,
    "f-score": 66.9276
  },
  "clean_eval": {
    "f-score": 58.666666666666664,
    "precision": 45.16129032258064,
    "recall": 83.69565217391305,
    "tp": 154,
    "fp": 187,
    "fn": 30
  },
  "jaccard": [
    0.3877381938690969
  ],
  "braycurtis": [
    0.25790754257907544
  ],
  "dice": [
    0.24049331963001028
  ],
  "cosinus": [
    0.09516086143771285
  ]
}