{
  "voc_eval_res": {
    "precision": 37.5796,
    "recall": 27.6995,
    "f-score": 31.8919
  },
  "KL_res": {
    "KL divergence": 1.6387228920930688,
    "Euclidean Dist.": 0.06620829347690341,
    "WER": 0.6584362139917695,
    "CER": 0.5218079493492789,
    "Cosine Dist.": 0.10435842253169925
  },
  "occ_eval_res": {
    "precision": 56.1345,
    "recall": 45.8162,
    "f-score": 50.4532
  },
  "clean_eval": {
    "f-score": 26.70856245090338,
    "precision": 24.045261669024047,
    "recall": 30.03533568904594,
    "tp": 170,
    "fp": 537,
    "fn": 396
  },
  "jaccard": [
    0.5989159891598916
  ],
  "braycurtis": [
    0.2549953314659197
  ],
  "dice": [
    0.4274661508704062
  ],
  "cosinus": [
    0.054604543657431615
  ]
}