{
  "voc_eval_res": {
    "precision": 39.0374,
    "recall": 16.044,
    "f-score": 22.7414
  },
  "KL_res": {
    "KL divergence": 2.9570085083814908,
    "Euclidean Dist.": 0.17827889779544437,
    "WER": 0.8245243128964059,
    "CER": 0.6331580971919477,
    "Cosine Dist.": 0.26349237883471466
  },
  "occ_eval_res": {
    "precision": 38.7553,
    "recall": 28.9641,
    "f-score": 33.1518
  },
  "clean_eval": {
    "f-score": 10.850636302746148,
    "precision": 9.462616822429906,
    "recall": 12.71585557299843,
    "tp": 81,
    "fp": 775,
    "fn": 556
  },
  "jaccard": [
    0.6268048870788597
  ],
  "braycurtis": [
    0.39091236927515327
  ],
  "dice": [
    0.45645726610946347
  ],
  "cosinus": [
    0.17252904636097266
  ]
}