{
  "voc_eval_res": {
    "precision": 40.2439,
    "recall": 5.28,
    "f-score": 9.3352
  },
  "KL_res": {
    "KL divergence": 4.445622123467412,
    "Euclidean Dist.": 0.1754492160882507,
    "WER": 0.9662447257383966,
    "CER": 0.8599597585513078,
    "Cosine Dist.": 0.7643434265322593
  },
  "occ_eval_res": {
    "precision": 38.2353,
    "recall": 4.1139,
    "f-score": 7.4286
  },
  "clean_eval": {
    "f-score": 3.6363636363636362,
    "precision": 2.038369304556355,
    "recall": 16.831683168316832,
    "tp": 17,
    "fp": 817,
    "fn": 84
  },
  "jaccard": [
    0.7883079157588961
  ],
  "braycurtis": [
    0.7599390965995602
  ],
  "dice": [
    0.6505843572070722
  ],
  "cosinus": [
    0.27776942033360796
  ]
}