{
  "voc_eval_res": {
    "precision": 67.0732,
    "recall": 45.8333,
    "f-score": 54.4554
  },
  "KL_res": {
    "KL divergence": 2.2440740976935976,
    "Euclidean Dist.": 0.12041889297853935,
    "WER": 0.6282051282051282,
    "CER": 0.45602901178603805,
    "Cosine Dist.": 0.2471844931054864
  },
  "occ_eval_res": {
    "precision": 67.6471,
    "recall": 44.2308,
    "f-score": 53.4884
  },
  "clean_eval": {
    "f-score": 39.47368421052632,
    "precision": 29.55665024630542,
    "recall": 59.4059405940594,
    "tp": 60,
    "fp": 143,
    "fn": 41
  },
  "jaccard": [
    0.48068669527896996
  ],
  "braycurtis": [
    0.3186012627489072
  ],
  "dice": [
    0.3163841807909605
  ],
  "cosinus": [
    0.2919279000366034
  ]
}