{
  "voc_eval_res": {
    "precision": 63.6364,
    "recall": 33.0189,
    "f-score": 43.4783
  },
  "KL_res": {
    "KL divergence": 3.2494279717257366,
    "Euclidean Dist.": 0.14067445787710497,
    "WER": 0.72,
    "CER": 0.5687861271676301,
    "Cosine Dist.": 0.36273050746767577
  },
  "occ_eval_res": {
    "precision": 65.0794,
    "recall": 32.8,
    "f-score": 43.617
  },
  "clean_eval": {
    "f-score": 39.56043956043956,
    "precision": 29.508196721311474,
    "recall": 60.0,
    "tp": 36,
    "fp": 86,
    "fn": 24
  },
  "jaccard": [
    0.5387062566277837
  ],
  "braycurtis": [
    0.3642105263157895
  ],
  "dice": [
    0.3686502177068215
  ],
  "cosinus": [
    0.11820388687349981
  ]
}