{
  "voc_eval_res": {
    "precision": 43.3862,
    "recall": 4.9161,
    "f-score": 8.8314
  },
  "KL_res": {
    "KL divergence": 3.2971331043699075,
    "Euclidean Dist.": 0.20521320261586942,
    "WER": 0.9290474323794591,
    "CER": 0.8260869565217391,
    "Cosine Dist.": 0.4561974418700413
  },
  "occ_eval_res": {
    "precision": 43.3393,
    "recall": 9.5649,
    "f-score": 15.6712
  },
  "clean_eval": {
    "f-score": 2.850356294536817,
    "precision": 1.7456359102244388,
    "recall": 7.763401109057301,
    "tp": 42,
    "fp": 2364,
    "fn": 499
  },
  "jaccard": [
    0.7422020794454812
  ],
  "braycurtis": [
    0.6922162299885345
  ],
  "dice": [
    0.5900805426027977
  ],
  "cosinus": [
    0.24742697827209215
  ]
}