{
  "voc_eval_res": {
    "precision": 48.2759,
    "recall": 4.8866,
    "f-score": 8.8748
  },
  "KL_res": {
    "KL divergence": 3.6379566212605576,
    "Euclidean Dist.": 0.19116533111872486,
    "WER": 0.931360201511335,
    "CER": 0.8467775641561481,
    "Cosine Dist.": 0.5139647005334582
  },
  "occ_eval_res": {
    "precision": 47.2028,
    "recall": 8.5013,
    "f-score": 14.4077
  },
  "clean_eval": {
    "f-score": 4.252873563218391,
    "precision": 2.53077975376197,
    "recall": 13.309352517985612,
    "tp": 37,
    "fp": 1425,
    "fn": 241
  },
  "jaccard": [
    0.7817181290125343
  ],
  "braycurtis": [
    0.7264677171942546
  ],
  "dice": [
    0.6416562107904642
  ],
  "cosinus": [
    0.269802957030724
  ]
}