{
  "voc_eval_res": {
    "precision": 53.6913,
    "recall": 23.8806,
    "f-score": 33.0579
  },
  "KL_res": {
    "KL divergence": 1.541747772245869,
    "Euclidean Dist.": 0.16715183439391532,
    "WER": 0.7929292929292929,
    "CER": 0.5775220040622884,
    "Cosine Dist.": 0.14110821865591028
  },
  "occ_eval_res": {
    "precision": 51.5152,
    "recall": 53.6616,
    "f-score": 52.5665
  },
  "clean_eval": {
    "f-score": 15.673141326188883,
    "precision": 16.690442225392296,
    "recall": 14.772727272727273,
    "tp": 117,
    "fp": 584,
    "fn": 675
  },
  "jaccard": [
    0.5601469237832875
  ],
  "braycurtis": [
    0.2651086510865109
  ],
  "dice": [
    0.38903061224489793
  ],
  "cosinus": [
    0.06832615494323435
  ]
}