{
  "voc_eval_res": {
    "precision": 47.3684,
    "recall": 13.9896,
    "f-score": 21.6
  },
  "KL_res": {
    "KL divergence": 4.049002003193093,
    "Euclidean Dist.": 0.2900077880327592,
    "WER": 0.8280871670702179,
    "CER": 0.6043307086614174,
    "Cosine Dist.": 0.4742106276407583
  },
  "occ_eval_res": {
    "precision": 56.7901,
    "recall": 22.276,
    "f-score": 32.0
  },
  "clean_eval": {
    "f-score": 21.73913043478261,
    "precision": 15.384615384615385,
    "recall": 37.03703703703704,
    "tp": 60,
    "fp": 330,
    "fn": 102
  },
  "jaccard": [
    0.6753445635528331
  ],
  "braycurtis": [
    0.4234209055338178
  ],
  "dice": [
    0.5098265895953757
  ],
  "cosinus": [
    0.27437248064552333
  ]
}