{
  "voc_eval_res": {
    "precision": 49.9176,
    "recall": 26.0982,
    "f-score": 34.276
  },
  "KL_res": {
    "KL divergence": 2.1916535940768282,
    "Euclidean Dist.": 0.08691977245214352,
    "WER": 0.7569367369589345,
    "CER": 0.5685275956458081,
    "Cosine Dist.": 0.27024165768098285
  },
  "occ_eval_res": {
    "precision": 46.8085,
    "recall": 32.9634,
    "f-score": 38.6845
  },
  "clean_eval": {
    "f-score": 31.952662721893493,
    "precision": 27.97074954296161,
    "recall": 37.256493506493506,
    "tp": 459,
    "fp": 1182,
    "fn": 773
  },
  "jaccard": [
    0.5425383542538355
  ],
  "braycurtis": [
    0.24901143906227935
  ],
  "dice": [
    0.3722488038277512
  ],
  "cosinus": [
    0.05015557090402201
  ]
}