{
  "voc_eval_res": {
    "precision": 56.3218,
    "recall": 29.4294,
    "f-score": 38.6588
  },
  "KL_res": {
    "KL divergence": 1.7107633443735946,
    "Euclidean Dist.": 0.10910859967303035,
    "WER": 0.6440944881889764,
    "CER": 0.5033222591362126,
    "Cosine Dist.": 0.07846957511597041
  },
  "occ_eval_res": {
    "precision": 63.1027,
    "recall": 47.4016,
    "f-score": 54.1367
  },
  "clean_eval": {
    "f-score": 28.888888888888893,
    "precision": 25.49019607843137,
    "recall": 33.33333333333333,
    "tp": 156,
    "fp": 456,
    "fn": 312
  },
  "jaccard": [
    0.5549610894941635
  ],
  "braycurtis": [
    0.23573200992555832
  ],
  "dice": [
    0.3840457758330528
  ],
  "cosinus": [
    0.04765050268072535
  ]
}