{
  "voc_eval_res": {
    "precision": 43.2432,
    "recall": 21.3333,
    "f-score": 28.5714
  },
  "KL_res": {
    "KL divergence": 2.5459719938319125,
    "Euclidean Dist.": 0.6635079453709012,
    "WER": 0.9595588235294118,
    "CER": 0.6248421052631579,
    "Cosine Dist.": 0.7887406701565743
  },
  "occ_eval_res": {
    "precision": 29.8611,
    "recall": 31.6176,
    "f-score": 30.7143
  },
  "clean_eval": {
    "f-score": 4.324324324324325,
    "precision": 4.49438202247191,
    "recall": 4.166666666666666,
    "tp": 12,
    "fp": 255,
    "fn": 276
  },
  "jaccard": [
    0.6114494518879415
  ],
  "braycurtis": [
    0.42678681138644275
  ],
  "dice": [
    0.44035087719298244
  ],
  "cosinus": [
    0.4046298647593145
  ]
}