{
  "voc_eval_res": {
    "precision": 67.3684,
    "recall": 30.0469,
    "f-score": 41.5584
  },
  "KL_res": {
    "KL divergence": 3.5161405747351915,
    "Euclidean Dist.": 0.244686100287939,
    "WER": 0.7746741154562383,
    "CER": 0.6540993417115499,
    "Cosine Dist.": 0.46063673552937323
  },
  "occ_eval_res": {
    "precision": 70.1031,
    "recall": 25.3259,
    "f-score": 37.2093
  },
  "clean_eval": {
    "f-score": 39.8671096345515,
    "precision": 28.776978417266186,
    "recall": 64.86486486486487,
    "tp": 120,
    "fp": 297,
    "fn": 65
  },
  "jaccard": [
    0.5275297619047619
  ],
  "braycurtis": [
    0.48836242726517043
  ],
  "dice": [
    0.3582617483577564
  ],
  "cosinus": [
    0.3462235715324754
  ]
}