{
  "voc_eval_res": {
    "precision": 44.0959,
    "recall": 37.7567,
    "f-score": 40.6809
  },
  "KL_res": {
    "KL divergence": 1.5285167247021338,
    "Euclidean Dist.": 0.0503305139179297,
    "WER": 0.7175572519083969,
    "CER": 0.5241253144294534,
    "Cosine Dist.": 0.17969449931983283
  },
  "occ_eval_res": {
    "precision": 52.0291,
    "recall": 47.7099,
    "f-score": 49.776
  },
  "clean_eval": {
    "f-score": 38.868894601542415,
    "precision": 37.314906219151034,
    "recall": 40.557939914163086,
    "tp": 378,
    "fp": 635,
    "fn": 554
  },
  "jaccard": [
    0.4407630522088353
  ],
  "braycurtis": [
    0.17569360327623001
  ],
  "dice": [
    0.28267868641339344
  ],
  "cosinus": [
    0.030592620284685457
  ]
}