{
  "voc_eval_res": {
    "precision": 40.2174,
    "recall": 36.6337,
    "f-score": 38.342
  },
  "KL_res": {
    "KL divergence": 1.616284400582086,
    "Euclidean Dist.": 0.05224583954491611,
    "WER": 0.7773109243697479,
    "CER": 0.5886605783866058,
    "Cosine Dist.": 0.2160794491327087
  },
  "occ_eval_res": {
    "precision": 46.6737,
    "recall": 46.4286,
    "f-score": 46.5508
  },
  "clean_eval": {
    "f-score": 38.92248488180319,
    "precision": 38.943894389438945,
    "recall": 38.901098901098905,
    "tp": 354,
    "fp": 555,
    "fn": 556
  },
  "jaccard": [
    0.4567779960707269
  ],
  "braycurtis": [
    0.19673550142203536
  ],
  "dice": [
    0.29598981540420116
  ],
  "cosinus": [
    0.029968402346865375
  ]
}