{
  "voc_eval_res": {
    "precision": 72.2222,
    "recall": 36.8794,
    "f-score": 48.8263
  },
  "KL_res": {
    "KL divergence": 2.0342336454190044,
    "Euclidean Dist.": 0.11041566340985076,
    "WER": 0.6301369863013698,
    "CER": 0.485104942450914,
    "Cosine Dist.": 0.20548937098535536
  },
  "occ_eval_res": {
    "precision": 70.412,
    "recall": 42.9224,
    "f-score": 53.3333
  },
  "clean_eval": {
    "f-score": 38.235294117647065,
    "precision": 30.80568720379147,
    "recall": 50.3875968992248,
    "tp": 130,
    "fp": 292,
    "fn": 128
  },
  "jaccard": [
    0.4814398200224972
  ],
  "braycurtis": [
    0.26229190863337204
  ],
  "dice": [
    0.31703703703703706
  ],
  "cosinus": [
    0.06677007291462378
  ]
}