{
  "voc_eval_res": {
    "precision": 58.5106,
    "recall": 27.9898,
    "f-score": 37.8657
  },
  "KL_res": {
    "KL divergence": 2.186681379135165,
    "Euclidean Dist.": 0.13952720337373187,
    "WER": 0.6725082146768894,
    "CER": 0.4619364375461936,
    "Cosine Dist.": 0.18150892992208822
  },
  "occ_eval_res": {
    "precision": 61.9863,
    "recall": 39.6495,
    "f-score": 48.3634
  },
  "clean_eval": {
    "f-score": 27.553118574365996,
    "precision": 22.76330690826727,
    "recall": 34.89583333333333,
    "tp": 201,
    "fp": 682,
    "fn": 375
  },
  "jaccard": [
    0.5192394748755093
  ],
  "braycurtis": [
    0.2323076923076923
  ],
  "dice": [
    0.35065729134821155
  ],
  "cosinus": [
    0.05813808059194214
  ]
}