{
  "voc_eval_res": {
    "precision": 72.8571,
    "recall": 63.75,
    "f-score": 68.0
  },
  "KL_res": {
    "KL divergence": 1.184766517689564,
    "Euclidean Dist.": 0.09917618115398244,
    "WER": 0.4482758620689655,
    "CER": 0.39715048975957257,
    "Cosine Dist.": 0.12492151566930088
  },
  "occ_eval_res": {
    "precision": 74.0385,
    "recall": 66.3793,
    "f-score": 70.0
  },
  "clean_eval": {
    "f-score": 68.54460093896714,
    "precision": 65.76576576576578,
    "recall": 71.56862745098039,
    "tp": 73,
    "fp": 38,
    "fn": 29
  },
  "jaccard": [
    0.31614349775784756
  ],
  "braycurtis": [
    0.17614929449248976
  ],
  "dice": [
    0.1877496671105193
  ],
  "cosinus": [
    0.03921975251300269
  ]
}