{
  "voc_eval_res": {
    "precision": 77.2727,
    "recall": 62.963,
    "f-score": 69.3878
  },
  "KL_res": {
    "KL divergence": 1.0930131913960726,
    "Euclidean Dist.": 0.09093667656033026,
    "WER": 0.4358974358974359,
    "CER": 0.3890977443609023,
    "Cosine Dist.": 0.08784814374846883
  },
  "occ_eval_res": {
    "precision": 80.0,
    "recall": 68.3761,
    "f-score": 73.7327
  },
  "clean_eval": {
    "f-score": 69.52380952380952,
    "precision": 64.60176991150442,
    "recall": 75.25773195876289,
    "tp": 73,
    "fp": 40,
    "fn": 24
  },
  "jaccard": [
    0.3412887828162291
  ],
  "braycurtis": [
    0.16739446870451238
  ],
  "dice": [
    0.20575539568345325
  ],
  "cosinus": [
    0.03482269583103459
  ]
}