{
  "voc_eval_res": {
    "precision": 3.8462,
    "recall": 0.0602,
    "f-score": 0.1186
  },
  "KL_res": {
    "KL divergence": 4.3338825688411635,
    "Euclidean Dist.": 0.3328341086181685,
    "WER": 0.9985344406448461,
    "CER": 0.9393405792701439,
    "Cosine Dist.": 0.9891526461557559
  },
  "occ_eval_res": {
    "precision": 2.7273,
    "recall": 0.1466,
    "f-score": 0.2782
  },
  "clean_eval": {
    "f-score": 0.29985007496251875,
    "precision": 0.15864621893178213,
    "recall": 2.727272727272727,
    "tp": 3,
    "fp": 1888,
    "fn": 107
  },
  "jaccard": [
    0.9222017220172202
  ],
  "braycurtis": [
    0.9143630824777164
  ],
  "dice": [
    0.8556348074179744
  ],
  "cosinus": [
    0.5204869860086461
  ]
}