{
  "voc_eval_res": {
    "precision": 17.5532,
    "recall": 0.7301,
    "f-score": 1.4019
  },
  "KL_res": {
    "KL divergence": 3.9502440714705727,
    "Euclidean Dist.": 0.21829332993408004,
    "WER": 0.9879863481228669,
    "CER": 0.9055480898444999,
    "Cosine Dist.": 0.9087715231853823
  },
  "occ_eval_res": {
    "precision": 17.637,
    "recall": 1.4061,
    "f-score": 2.6046
  },
  "clean_eval": {
    "f-score": 0.1386001386001386,
    "precision": 0.07531254707034192,
    "recall": 0.8680555555555556,
    "tp": 5,
    "fp": 6634,
    "fn": 571
  },
  "jaccard": [
    0.8329427519250083
  ],
  "braycurtis": [
    0.830779115251611
  ],
  "dice": [
    0.7137119908204246
  ],
  "cosinus": [
    0.2734312217874023
  ]
}