{
  "voc_eval_res": {
    "precision": 72.5352,
    "recall": 23.2506,
    "f-score": 35.2137
  },
  "KL_res": {
    "KL divergence": 1.3036598028678648,
    "Euclidean Dist.": 0.14712183517405125,
    "WER": 0.539795918367347,
    "CER": 0.4436834094368341,
    "Cosine Dist.": 0.03395184628830883
  },
  "occ_eval_res": {
    "precision": 78.1388,
    "recall": 53.9796,
    "f-score": 63.8503
  },
  "clean_eval": {
    "f-score": 28.800988875154516,
    "precision": 24.552160168598526,
    "recall": 34.82810164424514,
    "tp": 233,
    "fp": 716,
    "fn": 436
  },
  "jaccard": [
    0.6076005302695537
  ],
  "braycurtis": [
    0.2431913407821229
  ],
  "dice": [
    0.4363694065376071
  ],
  "cosinus": [
    0.05392454022683679
  ]
}