{
  "voc_eval_res": {
    "precision": 68.2927,
    "recall": 28.2828,
    "f-score": 40.0
  },
  "KL_res": {
    "KL divergence": 1.6898755967130086,
    "Euclidean Dist.": 0.1754946851577272,
    "WER": 0.5459459459459459,
    "CER": 0.33565459610027853,
    "Cosine Dist.": 0.045950350342941926
  },
  "occ_eval_res": {
    "precision": 75.5906,
    "recall": 51.8919,
    "f-score": 61.5385
  },
  "clean_eval": {
    "f-score": 56.493506493506494,
    "precision": 48.06629834254144,
    "recall": 68.50393700787401,
    "tp": 87,
    "fp": 94,
    "fn": 40
  },
  "jaccard": [
    0.5471698113207547
  ],
  "braycurtis": [
    0.21104387291981846
  ],
  "dice": [
    0.37662337662337664
  ],
  "cosinus": [
    0.03714187436182481
  ]
}