{
  "voc_eval_res": {
    "precision": 21.2121,
    "recall": 1.3153,
    "f-score": 2.477
  },
  "KL_res": {
    "KL divergence": 3.818398586946484,
    "Euclidean Dist.": 0.17682346496604498,
    "WER": 0.9869617950272893,
    "CER": 0.9004257823317641,
    "Cosine Dist.": 0.8992243650505412
  },
  "occ_eval_res": {
    "precision": 21.9162,
    "recall": 1.8496,
    "f-score": 3.4113
  },
  "clean_eval": {
    "f-score": 0.1034340091021928,
    "precision": 0.05651633322030067,
    "recall": 0.6090133982947624,
    "tp": 5,
    "fp": 8842,
    "fn": 816
  },
  "jaccard": [
    0.8124028817629608
  ],
  "braycurtis": [
    0.8188277356118105
  ],
  "dice": [
    0.6840727964791246
  ],
  "cosinus": [
    0.22328484997768738
  ]
}