{
  "voc_eval_res": {
    "precision": 10.9091,
    "recall": 0.3076,
    "f-score": 0.5983
  },
  "KL_res": {
    "KL divergence": 3.499743526674032,
    "Euclidean Dist.": 0.2134259178654322,
    "WER": 0.9920354783238302,
    "CER": 0.9135943591471338,
    "Cosine Dist.": 0.9505057510474376
  },
  "occ_eval_res": {
    "precision": 9.6205,
    "recall": 0.9865,
    "f-score": 1.7895
  },
  "clean_eval": {
    "f-score": 0.08640801866413202,
    "precision": 0.047719030349303304,
    "recall": 0.45662100456621,
    "tp": 5,
    "fp": 10473,
    "fn": 1090
  },
  "jaccard": [
    0.8481733574107515
  ],
  "braycurtis": [
    0.8483181085437936
  ],
  "dice": [
    0.7363724071394114
  ],
  "cosinus": [
    0.3901787915267121
  ]
}