{
  "voc_eval_res": {
    "precision": 46.1538,
    "recall": 14.2433,
    "f-score": 21.7687
  },
  "KL_res": {
    "KL divergence": 3.9378944127760667,
    "Euclidean Dist.": 0.23096806112611107,
    "WER": 0.8683693516699411,
    "CER": 0.739454094292804,
    "Cosine Dist.": 0.4090250662508219
  },
  "occ_eval_res": {
    "precision": 43.7838,
    "recall": 15.9136,
    "f-score": 23.3429
  },
  "clean_eval": {
    "f-score": 20.03179650238474,
    "precision": 14.03118040089087,
    "recall": 35.0,
    "tp": 63,
    "fp": 386,
    "fn": 117
  },
  "jaccard": [
    0.6899441340782123
  ],
  "braycurtis": [
    0.560251798561151
  ],
  "dice": [
    0.5266524520255863
  ],
  "cosinus": [
    0.2428694551929984
  ]
}