{
  "voc_eval_res": {
    "precision": 20.0,
    "recall": 16.6667,
    "f-score": 18.1818
  },
  "KL_res": {
    "KL divergence": 5.657233804559915,
    "Euclidean Dist.": 0.2504205217438014,
    "WER": 0.9166666666666666,
    "CER": 0.734375,
    "Cosine Dist.": 0.6581182706210862
  },
  "occ_eval_res": {
    "precision": 18.1818,
    "recall": 16.6667,
    "f-score": 17.3913
  },
  "clean_eval": {
    "f-score": 9.67741935483871,
    "precision": 9.67741935483871,
    "recall": 9.67741935483871,
    "tp": 3,
    "fp": 28,
    "fn": 28
  },
  "jaccard": [
    0.7687188019966722
  ],
  "braycurtis": [
    0.6440366972477064
  ],
  "dice": [
    0.6243243243243243
  ],
  "cosinus": [
    0.4559089641921019
  ]
}