{
  "voc_eval_res": {
    "precision": 61.157,
    "recall": 58.2677,
    "f-score": 59.6774
  },
  "KL_res": {
    "KL divergence": 1.0578915855270112,
    "Euclidean Dist.": 0.05640777630089562,
    "WER": 0.535958904109589,
    "CER": 0.4167052290606201,
    "Cosine Dist.": 0.12960359146232914
  },
  "occ_eval_res": {
    "precision": 67.8119,
    "recall": 64.2123,
    "f-score": 65.9631
  },
  "clean_eval": {
    "f-score": 55.45454545454545,
    "precision": 53.88692579505301,
    "recall": 57.11610486891385,
    "tp": 305,
    "fp": 261,
    "fn": 229
  },
  "jaccard": [
    0.40276679841897234
  ],
  "braycurtis": [
    0.16780386261131028
  ],
  "dice": [
    0.25216530561742145
  ],
  "cosinus": [
    0.027821982725757977
  ]
}