{
  "voc_eval_res": {
    "precision": 48.9292,
    "recall": 19.695,
    "f-score": 28.0851
  },
  "KL_res": {
    "KL divergence": 2.4105451166555474,
    "Euclidean Dist.": 0.09352128999278876,
    "WER": 0.7951807228915663,
    "CER": 0.611053288925895,
    "Cosine Dist.": 0.3067095444561365
  },
  "occ_eval_res": {
    "precision": 44.5232,
    "recall": 26.1816,
    "f-score": 32.9734
  },
  "clean_eval": {
    "f-score": 27.33037412809131,
    "precision": 22.42455775234131,
    "recall": 34.98376623376623,
    "tp": 431,
    "fp": 1491,
    "fn": 801
  },
  "jaccard": [
    0.6015779092702169
  ],
  "braycurtis": [
    0.3192805123053742
  ],
  "dice": [
    0.4301833568406206
  ],
  "cosinus": [
    0.07444503182148776
  ]
}