{
  "voc_eval_res": {
    "precision": 67.7249,
    "recall": 48.6692,
    "f-score": 56.6372
  },
  "KL_res": {
    "KL divergence": 0.9442172475092804,
    "Euclidean Dist.": 0.09048215197961176,
    "WER": 0.5838509316770186,
    "CER": 0.4662510748065348,
    "Cosine Dist.": 0.07538935679255443
  },
  "occ_eval_res": {
    "precision": 70.6927,
    "recall": 61.8012,
    "f-score": 65.9486
  },
  "clean_eval": {
    "f-score": 26.247122026093628,
    "precision": 22.440944881889763,
    "recall": 31.608133086876155,
    "tp": 171,
    "fp": 591,
    "fn": 370
  },
  "jaccard": [
    0.45136612021857925
  ],
  "braycurtis": [
    0.21585233441910967
  ],
  "dice": [
    0.29146083274523643
  ],
  "cosinus": [
    0.10168657884769727
  ]
}