{
  "voc_eval_res": {
    "precision": 21.2389,
    "recall": 1.4068,
    "f-score": 2.6388
  },
  "KL_res": {
    "KL divergence": 4.782684604121287,
    "Euclidean Dist.": 0.31296786054034753,
    "WER": 0.9840027229407761,
    "CER": 0.8833004983196199,
    "Cosine Dist.": 0.9159930156017498
  },
  "occ_eval_res": {
    "precision": 20.3704,
    "recall": 2.2464,
    "f-score": 4.0466
  },
  "clean_eval": {
    "f-score": 0.19556714471968706,
    "precision": 0.10917030567685589,
    "recall": 0.9375,
    "tp": 3,
    "fp": 2745,
    "fn": 317
  },
  "jaccard": [
    0.8363725973385905
  ],
  "braycurtis": [
    0.8005058018446891
  ],
  "dice": [
    0.7187632359169843
  ],
  "cosinus": [
    0.3860567563554175
  ]
}