{
  "voc_eval_res": {
    "precision": 36.4138,
    "recall": 24.1537,
    "f-score": 29.0429
  },
  "KL_res": {
    "KL divergence": 1.9807568165617186,
    "Euclidean Dist.": 0.11945762488262228,
    "WER": 0.8451327433628318,
    "CER": 0.6204308338962696,
    "Cosine Dist.": 0.5912251110286763
  },
  "occ_eval_res": {
    "precision": 44.3732,
    "recall": 27.5664,
    "f-score": 34.0066
  },
  "clean_eval": {
    "f-score": 20.25959367945824,
    "precision": 16.50574712643678,
    "recall": 26.223520818115414,
    "tp": 359,
    "fp": 1816,
    "fn": 1010
  },
  "jaccard": [
    0.6039518900343642
  ],
  "braycurtis": [
    0.2681862458601208
  ],
  "dice": [
    0.4326153846153846
  ],
  "cosinus": [
    0.0892529827394456
  ]
}