{
  "voc_eval_res": {
    "precision": 57.1429,
    "recall": 24.2424,
    "f-score": 34.0426
  },
  "KL_res": {
    "KL divergence": 2.5808940582777544,
    "Euclidean Dist.": 0.30040845425124285,
    "WER": 0.6839378238341969,
    "CER": 0.49291975724882,
    "Cosine Dist.": 0.3079855225314272
  },
  "occ_eval_res": {
    "precision": 60.1562,
    "recall": 39.8964,
    "f-score": 47.9751
  },
  "clean_eval": {
    "f-score": 37.61755485893417,
    "precision": 31.413612565445025,
    "recall": 46.875,
    "tp": 60,
    "fp": 131,
    "fn": 68
  },
  "jaccard": [
    0.5938566552901023
  ],
  "braycurtis": [
    0.2856613560577992
  ],
  "dice": [
    0.4223300970873786
  ],
  "cosinus": [
    0.11880282918973706
  ]
}