{
  "voc_eval_res": {
    "precision": 49.0446,
    "recall": 20.7827,
    "f-score": 29.1943
  },
  "KL_res": {
    "KL divergence": 2.774531298424185,
    "Euclidean Dist.": 0.13653517902341814,
    "WER": 0.9290020093770931,
    "CER": 0.7074134524525384,
    "Cosine Dist.": 0.36932621680711564
  },
  "occ_eval_res": {
    "precision": 43.8827,
    "recall": 29.069,
    "f-score": 34.9718
  },
  "clean_eval": {
    "f-score": 11.950207468879668,
    "precision": 10.020876826722338,
    "recall": 14.799588900308326,
    "tp": 144,
    "fp": 1293,
    "fn": 829
  },
  "jaccard": [
    0.5903954802259888
  ],
  "braycurtis": [
    0.3187906435018927
  ],
  "dice": [
    0.4188376753507014
  ],
  "cosinus": [
    0.12052359099587573
  ]
}