{
  "voc_eval_res": {
    "precision": 51.3123,
    "recall": 28.1295,
    "f-score": 36.3383
  },
  "KL_res": {
    "KL divergence": 1.77873882887633,
    "Euclidean Dist.": 0.08434486111649786,
    "WER": 0.751297257227576,
    "CER": 0.5638972957141463,
    "Cosine Dist.": 0.13833749524327255
  },
  "occ_eval_res": {
    "precision": 54.955,
    "recall": 38.4359,
    "f-score": 45.2345
  },
  "clean_eval": {
    "f-score": 26.822024217500573,
    "precision": 23.293650793650794,
    "recall": 31.610123855681206,
    "tp": 587,
    "fp": 1933,
    "fn": 1270
  },
  "jaccard": [
    0.5306828003457217
  ],
  "braycurtis": [
    0.2491925064599483
  ],
  "dice": [
    0.3611764705882353
  ],
  "cosinus": [
    0.06394416791023982
  ]
}