{
  "voc_eval_res": {
    "precision": 86.3158,
    "recall": 50.3067,
    "f-score": 63.5659
  },
  "KL_res": {
    "KL divergence": 1.333161720243141,
    "Euclidean Dist.": 0.13928683183885432,
    "WER": 0.4984025559105431,
    "CER": 0.3874296435272045,
    "Cosine Dist.": 0.11471117492322125
  },
  "occ_eval_res": {
    "precision": 88.6598,
    "recall": 54.9521,
    "f-score": 67.8501
  },
  "clean_eval": {
    "f-score": 58.62068965517242,
    "precision": 45.40059347181009,
    "recall": 82.70270270270271,
    "tp": 153,
    "fp": 184,
    "fn": 32
  },
  "jaccard": [
    0.35996488147497807
  ],
  "braycurtis": [
    0.2504105090311987
  ],
  "dice": [
    0.21948608137044967
  ],
  "cosinus": [
    0.09558331885440463
  ]
}