{
  "voc_eval_res": {
    "precision": 54.5455,
    "recall": 33.3333,
    "f-score": 41.3793
  },
  "KL_res": {
    "KL divergence": 1.584256178104867,
    "Euclidean Dist.": 0.1703141046271638,
    "WER": 0.6121495327102804,
    "CER": 0.4631742738589212,
    "Cosine Dist.": 0.1463678360141344
  },
  "occ_eval_res": {
    "precision": 60.6383,
    "recall": 53.271,
    "f-score": 56.7164
  },
  "clean_eval": {
    "f-score": 45.965770171149146,
    "precision": 42.152466367713004,
    "recall": 50.53763440860215,
    "tp": 94,
    "fp": 129,
    "fn": 92
  },
  "jaccard": [
    0.48466257668711654
  ],
  "braycurtis": [
    0.2297576070139247
  ],
  "dice": [
    0.31983805668016196
  ],
  "cosinus": [
    0.057859430978060455
  ]
}