{
  "voc_eval_res": {
    "precision": 38.0435,
    "recall": 19.5531,
    "f-score": 25.8303
  },
  "KL_res": {
    "KL divergence": 3.688691493095418,
    "Euclidean Dist.": 0.19653535707523986,
    "WER": 0.9025974025974026,
    "CER": 0.7378752886836027,
    "Cosine Dist.": 0.326443463488861
  },
  "occ_eval_res": {
    "precision": 46.1538,
    "recall": 21.4286,
    "f-score": 29.2683
  },
  "clean_eval": {
    "f-score": 27.906976744186046,
    "precision": 20.33898305084746,
    "recall": 44.44444444444444,
    "tp": 60,
    "fp": 235,
    "fn": 75
  },
  "jaccard": [
    0.5679314565483476
  ],
  "braycurtis": [
    0.4395242914979757
  ],
  "dice": [
    0.39658119658119656
  ],
  "cosinus": [
    0.1703351395373831
  ]
}