{
  "voc_eval_res": {
    "precision": 39.6396,
    "recall": 20.7059,
    "f-score": 27.2025
  },
  "KL_res": {
    "KL divergence": 1.9965059236735785,
    "Euclidean Dist.": 0.12071680718465395,
    "WER": 0.6978672985781991,
    "CER": 0.52398753894081,
    "Cosine Dist.": 0.06226730189656515
  },
  "occ_eval_res": {
    "precision": 54.0501,
    "recall": 43.4834,
    "f-score": 48.1944
  },
  "clean_eval": {
    "f-score": 19.202163624070316,
    "precision": 17.574257425742573,
    "recall": 21.162444113263785,
    "tp": 142,
    "fp": 666,
    "fn": 529
  },
  "jaccard": [
    0.559190031152648
  ],
  "braycurtis": [
    0.2518589920132195
  ],
  "dice": [
    0.3881081081081081
  ],
  "cosinus": [
    0.05313575048797714
  ]
}