{
  "voc_eval_res": {
    "precision": 51.4286,
    "recall": 15.5172,
    "f-score": 23.8411
  },
  "KL_res": {
    "KL divergence": 2.3464788138336514,
    "Euclidean Dist.": 0.26107701003991973,
    "WER": 0.7272727272727273,
    "CER": 0.5162928480744816,
    "Cosine Dist.": 0.07824184703342552
  },
  "occ_eval_res": {
    "precision": 66.8639,
    "recall": 42.803,
    "f-score": 52.194
  },
  "clean_eval": {
    "f-score": 16.783216783216783,
    "precision": 13.793103448275861,
    "recall": 21.428571428571427,
    "tp": 36,
    "fp": 225,
    "fn": 132
  },
  "jaccard": [
    0.6770508826583593
  ],
  "braycurtis": [
    0.2758536585365854
  ],
  "dice": [
    0.5117739403453689
  ],
  "cosinus": [
    0.04173373949737069
  ]
}