{
  "voc_eval_res": {
    "precision": 25.9259,
    "recall": 4.0285,
    "f-score": 6.9734
  },
  "KL_res": {
    "KL divergence": 2.85476777795601,
    "Euclidean Dist.": 0.08890474982823432,
    "WER": 0.9694274596998332,
    "CER": 0.8584116359891878,
    "Cosine Dist.": 0.6784939730729194
  },
  "occ_eval_res": {
    "precision": 31.3079,
    "recall": 5.6328,
    "f-score": 9.5477
  },
  "clean_eval": {
    "f-score": 2.455048409405256,
    "precision": 1.4588041914937333,
    "recall": 7.742639040348964,
    "tp": 71,
    "fp": 4796,
    "fn": 846
  },
  "jaccard": [
    0.7410523313845715
  ],
  "braycurtis": [
    0.7329046087888531
  ],
  "dice": [
    0.5886283837354174
  ],
  "cosinus": [
    0.19195736235663985
  ]
}