{
  "voc_eval_res": {
    "precision": 24.9191,
    "recall": 2.4398,
    "f-score": 4.4444
  },
  "KL_res": {
    "KL divergence": 3.306911586754536,
    "Euclidean Dist.": 0.12523501487565664,
    "WER": 0.9763816721776098,
    "CER": 0.8866996626840263,
    "Cosine Dist.": 0.7324917817396088
  },
  "occ_eval_res": {
    "precision": 28.6713,
    "recall": 3.8734,
    "f-score": 6.8248
  },
  "clean_eval": {
    "f-score": 1.2637491223964425,
    "precision": 0.7250268528464017,
    "recall": 4.918032786885246,
    "tp": 27,
    "fp": 3697,
    "fn": 522
  },
  "jaccard": [
    0.7685611038107752
  ],
  "braycurtis": [
    0.7888570258090947
  ],
  "dice": [
    0.6241163131919435
  ],
  "cosinus": [
    0.2541040930153222
  ]
}