{
  "voc_eval_res": {
    "precision": 31.3131,
    "recall": 1.6004,
    "f-score": 3.0452
  },
  "KL_res": {
    "KL divergence": 4.51886485311374,
    "Euclidean Dist.": 0.17691975237854918,
    "WER": 0.9874541866365943,
    "CER": 0.9319535904672311,
    "Cosine Dist.": 0.9539909807837996
  },
  "occ_eval_res": {
    "precision": 32.2418,
    "recall": 1.8043,
    "f-score": 3.4174
  },
  "clean_eval": {
    "f-score": 0.4792782633211164,
    "precision": 0.2535421327367636,
    "recall": 4.370179948586118,
    "tp": 17,
    "fp": 6688,
    "fn": 372
  },
  "jaccard": [
    0.8324550526968382
  ],
  "braycurtis": [
    0.8705656759348035
  ],
  "dice": [
    0.7129961502721359
  ],
  "cosinus": [
    0.24498046237036242
  ]
}