{
  "voc_eval_res": {
    "precision": 42.5926,
    "recall": 17.6923,
    "f-score": 25.0
  },
  "KL_res": {
    "KL divergence": 4.608530168633582,
    "Euclidean Dist.": 0.2608320833815268,
    "WER": 0.8298755186721992,
    "CER": 0.6172839506172839,
    "Cosine Dist.": 0.6581067206062641
  },
  "occ_eval_res": {
    "precision": 39.8305,
    "recall": 19.5021,
    "f-score": 26.1838
  },
  "clean_eval": {
    "f-score": 25.076452599388375,
    "precision": 18.89400921658986,
    "recall": 37.27272727272727,
    "tp": 41,
    "fp": 176,
    "fn": 69
  },
  "jaccard": [
    0.6497418244406197
  ],
  "braycurtis": [
    0.46258907363420426
  ],
  "dice": [
    0.48119821542383684
  ],
  "cosinus": [
    0.2898506926838986
  ]
}