{
  "voc_eval_res": {
    "precision": 40.7407,
    "recall": 23.7581,
    "f-score": 30.0136
  },
  "KL_res": {
    "KL divergence": 2.313081816156743,
    "Euclidean Dist.": 0.2182597808217707,
    "WER": 0.960710944808232,
    "CER": 0.7467816854678169,
    "Cosine Dist.": 0.46187731463082815
  },
  "occ_eval_res": {
    "precision": 33.551,
    "recall": 38.4471,
    "f-score": 35.8326
  },
  "clean_eval": {
    "f-score": 15.930999492643327,
    "precision": 16.219008264462808,
    "recall": 15.653040877367896,
    "tp": 157,
    "fp": 811,
    "fn": 846
  },
  "jaccard": [
    0.5980042765502495
  ],
  "braycurtis": [
    0.390104662226451
  ],
  "dice": [
    0.42653787493645146
  ],
  "cosinus": [
    0.3066238213063751
  ]
}