{
  "voc_eval_res": {
    "precision": 48.4375,
    "recall": 11.7424,
    "f-score": 18.9024
  },
  "KL_res": {
    "KL divergence": 3.857844451256434,
    "Euclidean Dist.": 0.2820467422879572,
    "WER": 0.8163771712158809,
    "CER": 0.5763528539659006,
    "Cosine Dist.": 0.35109743219012424
  },
  "occ_eval_res": {
    "precision": 49.1525,
    "recall": 21.5881,
    "f-score": 30.0
  },
  "clean_eval": {
    "f-score": 26.122448979591837,
    "precision": 20.447284345047922,
    "recall": 36.15819209039548,
    "tp": 64,
    "fp": 249,
    "fn": 113
  },
  "jaccard": [
    0.7689277899343545
  ],
  "braycurtis": [
    0.42694700708002575
  ],
  "dice": [
    0.6246000710984714
  ],
  "cosinus": [
    0.13462417375537294
  ]
}