{
  "voc_eval_res": {
    "precision": 66.9291,
    "recall": 48.1132,
    "f-score": 55.9824
  },
  "KL_res": {
    "KL divergence": 0.984333119008701,
    "Euclidean Dist.": 0.09155281252984326,
    "WER": 0.6585117227319062,
    "CER": 0.48400203148806503,
    "Cosine Dist.": 0.14368231370973716
  },
  "occ_eval_res": {
    "precision": 61.0493,
    "recall": 58.7156,
    "f-score": 59.8597
  },
  "clean_eval": {
    "f-score": 39.911958914159946,
    "precision": 36.55913978494624,
    "recall": 43.94184168012924,
    "tp": 816,
    "fp": 1416,
    "fn": 1041
  },
  "jaccard": [
    0.393961179007908
  ],
  "braycurtis": [
    0.17931493585088357
  ],
  "dice": [
    0.24529991047448524
  ],
  "cosinus": [
    0.08063174624439196
  ]
}