{
  "voc_eval_res": {
    "precision": 34.8837,
    "recall": 16.2162,
    "f-score": 22.1402
  },
  "KL_res": {
    "KL divergence": 3.9789611413478916,
    "Euclidean Dist.": 0.6619241872457705,
    "WER": 1.125,
    "CER": 0.8850334448160535,
    "Cosine Dist.": 0.9314361098740284
  },
  "occ_eval_res": {
    "precision": 15.2542,
    "recall": 18.2432,
    "f-score": 16.6154
  },
  "clean_eval": {
    "f-score": 11.075949367088608,
    "precision": 12.280701754385964,
    "recall": 10.086455331412104,
    "tp": 35,
    "fp": 250,
    "fn": 312
  },
  "jaccard": [
    0.6004872107186358
  ],
  "braycurtis": [
    0.6186055323986358
  ],
  "dice": [
    0.4290687554395126
  ],
  "cosinus": [
    0.7560671997112642
  ]
}