{
  "voc_eval_res": {
    "precision": 27.5591,
    "recall": 56.4516,
    "f-score": 37.037
  },
  "KL_res": {
    "KL divergence": 1.0154876090349851,
    "Euclidean Dist.": 0.10356242273874716,
    "WER": 2.1,
    "CER": 1.8582739509105304,
    "Cosine Dist.": 0.0409376515616916
  },
  "occ_eval_res": {
    "precision": 27.1739,
    "recall": 76.9231,
    "f-score": 40.1606
  },
  "clean_eval": {
    "f-score": 16.016427104722794,
    "precision": 30.708661417322837,
    "recall": 10.833333333333334,
    "tp": 39,
    "fp": 88,
    "fn": 321
  },
  "jaccard": [
    0.56575682382134
  ],
  "braycurtis": [
    0.5149586250795671
  ],
  "dice": [
    0.3944636678200692
  ],
  "cosinus": [
    0.02855268121105059
  ]
}