{
  "voc_eval_res": {
    "precision": 53.2847,
    "recall": 41.7143,
    "f-score": 46.7949
  },
  "KL_res": {
    "KL divergence": 2.1560351820772476,
    "Euclidean Dist.": 0.1340421319407701,
    "WER": 0.6366906474820144,
    "CER": 0.4861218195836546,
    "Cosine Dist.": 0.10000014433586979
  },
  "occ_eval_res": {
    "precision": 60.8491,
    "recall": 46.4029,
    "f-score": 52.6531
  },
  "clean_eval": {
    "f-score": 35.34303534303534,
    "precision": 30.685920577617328,
    "recall": 41.66666666666667,
    "tp": 85,
    "fp": 192,
    "fn": 119
  },
  "jaccard": [
    0.47927807486631013
  ],
  "braycurtis": [
    0.2427807486631016
  ],
  "dice": [
    0.3151648351648352
  ],
  "cosinus": [
    0.05246924925634888
  ]
}