{
  "voc_eval_res": {
    "precision": 31.746,
    "recall": 12.6582,
    "f-score": 18.0995
  },
  "KL_res": {
    "KL divergence": 4.028816412414722,
    "Euclidean Dist.": 0.5647614242095309,
    "WER": 1.0833333333333333,
    "CER": 0.7795454545454545,
    "Cosine Dist.": 0.8339581117347805
  },
  "occ_eval_res": {
    "precision": 17.1329,
    "recall": 20.4167,
    "f-score": 18.6312
  },
  "clean_eval": {
    "f-score": 8.092485549132949,
    "precision": 9.012875536480687,
    "recall": 7.3426573426573425,
    "tp": 21,
    "fp": 212,
    "fn": 265
  },
  "jaccard": [
    0.6955617198335645
  ],
  "braycurtis": [
    0.5812177502579979
  ],
  "dice": [
    0.5332270069112174
  ],
  "cosinus": [
    0.46683554657463244
  ]
}