{
  "voc_eval_res": {
    "precision": 9.5745,
    "recall": 0.2739,
    "f-score": 0.5325
  },
  "KL_res": {
    "KL divergence": 3.904581192635126,
    "Euclidean Dist.": 0.28288308578553256,
    "WER": 0.9916247906197655,
    "CER": 0.9574933281888042,
    "Cosine Dist.": 0.8240713203271524
  },
  "occ_eval_res": {
    "precision": 22.1622,
    "recall": 0.9811,
    "f-score": 1.879
  },
  "clean_eval": {
    "f-score": 1.1981787682722262,
    "precision": 0.6257822277847309,
    "recall": 14.04494382022472,
    "tp": 25,
    "fp": 3970,
    "fn": 153
  },
  "jaccard": [
    0.8818506751389992
  ],
  "braycurtis": [
    0.9242567753368572
  ],
  "dice": [
    0.7886698632569703
  ],
  "cosinus": [
    0.3135804505434696
  ]
}