{
  "voc_eval_res": {
    "precision": 32.9149,
    "recall": 4.3964,
    "f-score": 7.7568
  },
  "KL_res": {
    "KL divergence": 2.792721462985326,
    "Euclidean Dist.": 0.10204249498723403,
    "WER": 0.9501193046244745,
    "CER": 0.7984209894332372,
    "Cosine Dist.": 0.7504192149322184
  },
  "occ_eval_res": {
    "precision": 26.6143,
    "recall": 6.931,
    "f-score": 10.9979
  },
  "clean_eval": {
    "f-score": 4.416527627833939,
    "precision": 2.8316133903850993,
    "recall": 10.031208203299153,
    "tp": 225,
    "fp": 7721,
    "fn": 2018
  },
  "jaccard": [
    0.7024620948671582
  ],
  "braycurtis": [
    0.6471702278457481
  ],
  "dice": [
    0.5413807890222985
  ],
  "cosinus": [
    0.24510295244449876
  ]
}