{
  "voc_eval_res": {
    "precision": 31.5615,
    "recall": 3.7233,
    "f-score": 6.6608
  },
  "KL_res": {
    "KL divergence": 3.020220135048859,
    "Euclidean Dist.": 0.11805117792921095,
    "WER": 0.9508135635324805,
    "CER": 0.8006963127077069,
    "Cosine Dist.": 0.8298382152690891
  },
  "occ_eval_res": {
    "precision": 23.4084,
    "recall": 5.9372,
    "f-score": 9.4719
  },
  "clean_eval": {
    "f-score": 5.139688632970782,
    "precision": 3.2731223685997555,
    "recall": 11.96029776674938,
    "tp": 241,
    "fp": 7122,
    "fn": 1774
  },
  "jaccard": [
    0.7191790934593237
  ],
  "braycurtis": [
    0.6581976435097611
  ],
  "dice": [
    0.5614985590778098
  ],
  "cosinus": [
    0.2745887862174603
  ]
}