{
  "voc_eval_res": {
    "precision": 37.766,
    "recall": 3.7114,
    "f-score": 6.7587
  },
  "KL_res": {
    "KL divergence": 4.639217550243348,
    "Euclidean Dist.": 0.2378962143803269,
    "WER": 0.9507109004739337,
    "CER": 0.81211247296323,
    "Cosine Dist.": 0.7860152467248569
  },
  "occ_eval_res": {
    "precision": 42.1233,
    "recall": 5.8294,
    "f-score": 10.2415
  },
  "clean_eval": {
    "f-score": 2.7934219418788016,
    "precision": 1.604970230390888,
    "recall": 10.76388888888889,
    "tp": 62,
    "fp": 3801,
    "fn": 514
  },
  "jaccard": [
    0.7793236301369864
  ],
  "braycurtis": [
    0.6609718631748529
  ],
  "dice": [
    0.638435910924075
  ],
  "cosinus": [
    0.2909689284063043
  ]
}