{
  "voc_eval_res": {
    "precision": 71.8085,
    "recall": 52.5292,
    "f-score": 60.6742
  },
  "KL_res": {
    "KL divergence": 1.0345275059267944,
    "Euclidean Dist.": 0.07375327581006826,
    "WER": 0.47737226277372263,
    "CER": 0.38683897296378167,
    "Cosine Dist.": 0.042606245639055684
  },
  "occ_eval_res": {
    "precision": 77.3973,
    "recall": 65.9854,
    "f-score": 71.2372
  },
  "clean_eval": {
    "f-score": 46.65605095541402,
    "precision": 43.08823529411765,
    "recall": 50.86805555555556,
    "tp": 293,
    "fp": 387,
    "fn": 283
  },
  "jaccard": [
    0.36187845303867405
  ],
  "braycurtis": [
    0.13970395024962776
  ],
  "dice": [
    0.2209106239460371
  ],
  "cosinus": [
    0.021267170868791263
  ]
}