{
  "voc_eval_res": {
    "precision": 68.3168,
    "recall": 55.2,
    "f-score": 61.0619
  },
  "KL_res": {
    "KL divergence": 0.8471257416320987,
    "Euclidean Dist.": 0.06874023567102984,
    "WER": 0.4702549575070821,
    "CER": 0.3764453254046911,
    "Cosine Dist.": 0.04354102895265255
  },
  "occ_eval_res": {
    "precision": 74.7352,
    "recall": 69.9717,
    "f-score": 72.2751
  },
  "clean_eval": {
    "f-score": 50.29585798816568,
    "precision": 48.71060171919771,
    "recall": 51.98776758409785,
    "tp": 340,
    "fp": 358,
    "fn": 314
  },
  "jaccard": [
    0.3539576365663322
  ],
  "braycurtis": [
    0.14099476874532924
  ],
  "dice": [
    0.21503555706061633
  ],
  "cosinus": [
    0.02327613968854525
  ]
}