{
  "voc_eval_res": {
    "precision": 60.7143,
    "recall": 18.5455,
    "f-score": 28.4123
  },
  "KL_res": {
    "KL divergence": 3.805159114299157,
    "Euclidean Dist.": 0.36761615715025836,
    "WER": 0.8,
    "CER": 0.6006076186024772,
    "Cosine Dist.": 0.6977567082547789
  },
  "occ_eval_res": {
    "precision": 47.0968,
    "recall": 23.7398,
    "f-score": 31.5676
  },
  "clean_eval": {
    "f-score": 9.713024282560706,
    "precision": 7.333333333333333,
    "recall": 14.37908496732026,
    "tp": 44,
    "fp": 556,
    "fn": 262
  },
  "jaccard": [
    0.596130592503023
  ],
  "braycurtis": [
    0.4646288209606987
  ],
  "dice": [
    0.42463393626184326
  ],
  "cosinus": [
    0.4571623833070434
  ]
}