{
  "voc_eval_res": {
    "precision": 54.321,
    "recall": 27.3292,
    "f-score": 36.3636
  },
  "KL_res": {
    "KL divergence": 4.153675832705556,
    "Euclidean Dist.": 0.4093277727819233,
    "WER": 0.7702702702702703,
    "CER": 0.5816385822196397,
    "Cosine Dist.": 0.7235727626000059
  },
  "occ_eval_res": {
    "precision": 48.6842,
    "recall": 28.5714,
    "f-score": 36.0097
  },
  "clean_eval": {
    "f-score": 9.313725490196079,
    "precision": 7.4074074074074066,
    "recall": 12.541254125412541,
    "tp": 38,
    "fp": 475,
    "fn": 265
  },
  "jaccard": [
    0.5286415711947627
  ],
  "braycurtis": [
    0.4203187250996016
  ],
  "dice": [
    0.3592880978865406
  ],
  "cosinus": [
    0.5392075652992645
  ]
}