{
  "voc_eval_res": {
    "precision": 3.3697,
    "recall": 10.828,
    "f-score": 5.1398
  },
  "KL_res": {
    "KL divergence": 2.825930344918151,
    "Euclidean Dist.": 0.227161481807697,
    "WER": 1.9865671641791045,
    "CER": 2.54490760636012,
    "Cosine Dist.": 0.5561907017555305
  },
  "occ_eval_res": {
    "precision": 12.9879,
    "recall": 27.3134,
    "f-score": 17.6046
  },
  "clean_eval": {
    "f-score": 0.7168458781362008,
    "precision": 0.8759124087591241,
    "recall": 0.6066734074823054,
    "tp": 6,
    "fp": 679,
    "fn": 983
  },
  "jaccard": [
    0.8780448973093457
  ],
  "braycurtis": [
    0.7382188498402555
  ],
  "dice": [
    0.7826025258975451
  ],
  "cosinus": [
    0.5074119954710943
  ]
}