{
  "voc_eval_res": {
    "precision": 76.5957,
    "recall": 61.0169,
    "f-score": 67.9245
  },
  "KL_res": {
    "KL divergence": 0.5511405499034893,
    "Euclidean Dist.": 0.05040428374408523,
    "WER": 0.35419847328244275,
    "CER": 0.29002240220575565,
    "Cosine Dist.": 0.019382635397335646
  },
  "occ_eval_res": {
    "precision": 84.589,
    "recall": 75.4198,
    "f-score": 79.7417
  },
  "clean_eval": {
    "f-score": 58.66013071895425,
    "precision": 55.401234567901234,
    "recall": 62.326388888888886,
    "tp": 359,
    "fp": 289,
    "fn": 217
  },
  "jaccard": [
    0.31326709526592633
  ],
  "braycurtis": [
    0.10512390863391834
  ],
  "dice": [
    0.18572418572418573
  ],
  "cosinus": [
    0.012680679251045768
  ]
}