{
  "voc_eval_res": {
    "precision": 30.0,
    "recall": 20.0,
    "f-score": 24.0
  },
  "KL_res": {
    "KL divergence": 2.9568692040482323,
    "Euclidean Dist.": 0.18869226327386343,
    "WER": 1.388586956521739,
    "CER": 1.1187954996690934,
    "Cosine Dist.": 0.25817584952366
  },
  "occ_eval_res": {
    "precision": 21.5722,
    "recall": 32.0652,
    "f-score": 25.7923
  },
  "clean_eval": {
    "f-score": 10.792192881745121,
    "precision": 12.876712328767123,
    "recall": 9.288537549407115,
    "tp": 47,
    "fp": 318,
    "fn": 459
  },
  "jaccard": [
    0.5928730512249443
  ],
  "braycurtis": [
    0.45
  ],
  "dice": [
    0.42133586578031024
  ],
  "cosinus": [
    0.15365899664203397
  ]
}