{
  "voc_eval_res": {
    "precision": 86.3158,
    "recall": 50.3067,
    "f-score": 63.5659
  },
  "KL_res": {
    "KL divergence": 1.3316113866462296,
    "Euclidean Dist.": 0.14001877100076998,
    "WER": 0.4952076677316294,
    "CER": 0.38649155722326456,
    "Cosine Dist.": 0.11428984286554111
  },
  "occ_eval_res": {
    "precision": 89.1192,
    "recall": 54.9521,
    "f-score": 67.9842
  },
  "clean_eval": {
    "f-score": 58.73320537428023,
    "precision": 45.40059347181009,
    "recall": 83.15217391304348,
    "tp": 153,
    "fp": 184,
    "fn": 31
  },
  "jaccard": [
    0.359402460456942
  ],
  "braycurtis": [
    0.2502738225629792
  ],
  "dice": [
    0.21906802356722013
  ],
  "cosinus": [
    0.09550215320877864
  ]
}