{
  "voc_eval_res": {
    "precision": 68.6667,
    "recall": 45.9821,
    "f-score": 55.0802
  },
  "KL_res": {
    "KL divergence": 1.5039508701494437,
    "Euclidean Dist.": 0.11293590661004312,
    "WER": 0.6231884057971014,
    "CER": 0.47894361170592437,
    "Cosine Dist.": 0.13268648850803544
  },
  "occ_eval_res": {
    "precision": 74.4275,
    "recall": 47.1014,
    "f-score": 57.6923
  },
  "clean_eval": {
    "f-score": 26.98072805139186,
    "precision": 18.367346938775512,
    "recall": 50.806451612903224,
    "tp": 126,
    "fp": 560,
    "fn": 122
  },
  "jaccard": [
    0.4478908188585608
  ],
  "braycurtis": [
    0.34679334916864607
  ],
  "dice": [
    0.2885691446842526
  ],
  "cosinus": [
    0.47725398474285696
  ]
}