{
  "voc_eval_res": {
    "precision": 88.2979,
    "recall": 49.7006,
    "f-score": 63.6015
  },
  "KL_res": {
    "KL divergence": 1.3686870257876511,
    "Euclidean Dist.": 0.1475676041113295,
    "WER": 0.5179153094462541,
    "CER": 0.4274455261937877,
    "Cosine Dist.": 0.11937677206212094
  },
  "occ_eval_res": {
    "precision": 87.5676,
    "recall": 52.7687,
    "f-score": 65.8537
  },
  "clean_eval": {
    "f-score": 60.924369747899156,
    "precision": 48.65771812080537,
    "recall": 81.46067415730337,
    "tp": 145,
    "fp": 153,
    "fn": 33
  },
  "jaccard": [
    0.39166666666666666
  ],
  "braycurtis": [
    0.2548476454293629
  ],
  "dice": [
    0.24352331606217617
  ],
  "cosinus": [
    0.07795985924532645
  ]
}