{
  "voc_eval_res": {
    "precision": 61.1752,
    "recall": 48.3016,
    "f-score": 53.9815
  },
  "KL_res": {
    "KL divergence": 0.6523778850674293,
    "Euclidean Dist.": 0.06561567507025408,
    "WER": 0.5925284512617516,
    "CER": 0.44103219746386263,
    "Cosine Dist.": 0.06586243441425443
  },
  "occ_eval_res": {
    "precision": 66.3763,
    "recall": 69.7427,
    "f-score": 68.0179
  },
  "clean_eval": {
    "f-score": 49.047619047619044,
    "precision": 49.9617053867756,
    "recall": 48.1663795225203,
    "tp": 1957,
    "fp": 1960,
    "fn": 2106
  },
  "jaccard": [
    0.3768781302170284
  ],
  "braycurtis": [
    0.12709565919440904
  ],
  "dice": [
    0.23219336590383133
  ],
  "cosinus": [
    0.022738634129216506
  ]
}