{
  "voc_eval_res": {
    "precision": 63.0851,
    "recall": 52.109,
    "f-score": 57.0741
  },
  "KL_res": {
    "KL divergence": 0.9895380733006488,
    "Euclidean Dist.": 0.22080115535493788,
    "WER": 0.49572479618214355,
    "CER": 0.3924345253632646,
    "Cosine Dist.": 0.2713849989972441
  },
  "occ_eval_res": {
    "precision": 74.6619,
    "recall": 65.858,
    "f-score": 69.9842
  },
  "clean_eval": {
    "f-score": 44.93276484093145,
    "precision": 42.19712525667351,
    "recall": 48.0476969838672,
    "tp": 2055,
    "fp": 2815,
    "fn": 2222
  },
  "jaccard": [
    0.35269799825935594
  ],
  "braycurtis": [
    0.15062676910634856
  ],
  "dice": [
    0.21410645885616167
  ],
  "cosinus": [
    0.1040564093719697
  ]
}