{
  "voc_eval_res": {
    "precision": 62.6694,
    "recall": 50.5467,
    "f-score": 55.959
  },
  "KL_res": {
    "KL divergence": 0.5336287994263447,
    "Euclidean Dist.": 0.06042841508051736,
    "WER": 0.47699018538713195,
    "CER": 0.37688079377649414,
    "Cosine Dist.": 0.023298445735953743
  },
  "occ_eval_res": {
    "precision": 76.2001,
    "recall": 74.0894,
    "f-score": 75.1299
  },
  "clean_eval": {
    "f-score": 51.68261114237479,
    "precision": 49.78317432784042,
    "recall": 53.732740463374675,
    "tp": 2296,
    "fp": 2316,
    "fn": 1977
  },
  "jaccard": [
    0.3633305298570227
  ],
  "braycurtis": [
    0.10395993586019381
  ],
  "dice": [
    0.22199383350462487
  ],
  "cosinus": [
    0.016135028949094465
  ]
}