{
  "voc_eval_res": {
    "precision": 49.4949,
    "recall": 17.7858,
    "f-score": 26.1682
  },
  "KL_res": {
    "KL divergence": 3.246430331505888,
    "Euclidean Dist.": 0.15517445461117324,
    "WER": 0.8293172690763052,
    "CER": 0.654090331942681,
    "Cosine Dist.": 0.5549617242269076
  },
  "occ_eval_res": {
    "precision": 56.1713,
    "recall": 22.3896,
    "f-score": 32.0172
  },
  "clean_eval": {
    "f-score": 14.60506706408346,
    "precision": 10.283315844700944,
    "recall": 25.19280205655527,
    "tp": 98,
    "fp": 855,
    "fn": 291
  },
  "jaccard": [
    0.6311111111111111
  ],
  "braycurtis": [
    0.4082888321337358
  ],
  "dice": [
    0.461038961038961
  ],
  "cosinus": [
    0.17055394692365344
  ]
}