{
  "voc_eval_res": {
    "precision": 73.0769,
    "recall": 21.3483,
    "f-score": 33.0435
  },
  "KL_res": {
    "KL divergence": 3.4494381209057865,
    "Euclidean Dist.": 0.35482715717225216,
    "WER": 0.6875,
    "CER": 0.5676595744680851,
    "Cosine Dist.": 0.32224833314867907
  },
  "occ_eval_res": {
    "precision": 49.0909,
    "recall": 33.75,
    "f-score": 40.0
  },
  "clean_eval": {
    "f-score": 37.4468085106383,
    "precision": 35.199999999999996,
    "recall": 40.0,
    "tp": 44,
    "fp": 81,
    "fn": 66
  },
  "jaccard": [
    0.6650426309378806
  ],
  "braycurtis": [
    0.37463738085370907
  ],
  "dice": [
    0.4981751824817518
  ],
  "cosinus": [
    0.13808173873483964
  ]
}