{
  "voc_eval_res": {
    "precision": 38.0235,
    "recall": 15.2965,
    "f-score": 21.8164
  },
  "KL_res": {
    "KL divergence": 2.6245127183747154,
    "Euclidean Dist.": 0.09942587556162578,
    "WER": 0.8372865275142315,
    "CER": 0.6428838651060873,
    "Cosine Dist.": 0.3291635401692895
  },
  "occ_eval_res": {
    "precision": 36.6099,
    "recall": 22.4383,
    "f-score": 27.8235
  },
  "clean_eval": {
    "f-score": 20.362710785873368,
    "precision": 16.96712619300106,
    "recall": 25.45743834526651,
    "tp": 320,
    "fp": 1566,
    "fn": 937
  },
  "jaccard": [
    0.6083672283556072
  ],
  "braycurtis": [
    0.3224678366325516
  ],
  "dice": [
    0.437160751565762
  ],
  "cosinus": [
    0.08132555139182918
  ]
}