{
  "voc_eval_res": {
    "precision": 61.9048,
    "recall": 30.2326,
    "f-score": 40.625
  },
  "KL_res": {
    "KL divergence": 1.5360892749242603,
    "Euclidean Dist.": 0.15882426505767108,
    "WER": 0.546448087431694,
    "CER": 0.35655737704918034,
    "Cosine Dist.": 0.041405254362612776
  },
  "occ_eval_res": {
    "precision": 76.5625,
    "recall": 53.5519,
    "f-score": 63.0225
  },
  "clean_eval": {
    "f-score": 51.61290322580646,
    "precision": 43.956043956043956,
    "recall": 62.5,
    "tp": 80,
    "fp": 102,
    "fn": 48
  },
  "jaccard": [
    0.5504358655043586
  ],
  "braycurtis": [
    0.19738317757009347
  ],
  "dice": [
    0.3797250859106529
  ],
  "cosinus": [
    0.03194747722078639
  ]
}