{
  "voc_eval_res": {
    "precision": 42.8571,
    "recall": 60.0,
    "f-score": 50.0
  },
  "KL_res": {
    "KL divergence": 1.9821726484000919,
    "Euclidean Dist.": 0.31180478223116176,
    "WER": 0.9166666666666666,
    "CER": 0.6571428571428571,
    "Cosine Dist.": 0.2500000000000001
  },
  "occ_eval_res": {
    "precision": 43.75,
    "recall": 58.3333,
    "f-score": 50.0
  },
  "clean_eval": {
    "f-score": 53.84615384615385,
    "precision": 53.84615384615385,
    "recall": 53.84615384615385,
    "tp": 7,
    "fp": 6,
    "fn": 6
  },
  "jaccard": [
    0.6388888888888888
  ],
  "braycurtis": [
    0.4369369369369369
  ],
  "dice": [
    0.46938775510204084
  ],
  "cosinus": [
    0.22528912044770077
  ]
}