{
  "voc_eval_res": {
    "precision": 72.5888,
    "recall": 58.8477,
    "f-score": 65.0
  },
  "KL_res": {
    "KL divergence": 0.8581621247845055,
    "Euclidean Dist.": 0.044551342094692296,
    "WER": 0.4525277435265105,
    "CER": 0.3435745477230193,
    "Cosine Dist.": 0.04836254367638981
  },
  "occ_eval_res": {
    "precision": 78.2222,
    "recall": 65.1048,
    "f-score": 71.0633
  },
  "clean_eval": {
    "f-score": 62.955326460481096,
    "precision": 57.82828282828283,
    "recall": 69.07993966817496,
    "tp": 458,
    "fp": 334,
    "fn": 205
  },
  "jaccard": [
    0.3491145645103
  ],
  "braycurtis": [
    0.1400178470025148
  ],
  "dice": [
    0.21147110332749564
  ],
  "cosinus": [
    0.015280696957713613
  ]
}