{
  "voc_eval_res": {
    "precision": 16.7785,
    "recall": 0.4762,
    "f-score": 0.9261
  },
  "KL_res": {
    "KL divergence": 3.2671170873505835,
    "Euclidean Dist.": 0.29820621003754966,
    "WER": 0.9828777882500785,
    "CER": 0.9050940763922929,
    "Cosine Dist.": 0.5659259216920178
  },
  "occ_eval_res": {
    "precision": 15.5152,
    "recall": 2.0107,
    "f-score": 3.56
  },
  "clean_eval": {
    "f-score": 0.29120559114735006,
    "precision": 0.16458196181698487,
    "recall": 1.2626262626262625,
    "tp": 10,
    "fp": 6066,
    "fn": 782
  },
  "jaccard": [
    0.8422441083362645
  ],
  "braycurtis": [
    0.8340671528921453
  ],
  "dice": [
    0.7274798723986025
  ],
  "cosinus": [
    0.3781730118125255
  ]
}