{
  "voc_eval_res": {
    "precision": 64.2442,
    "recall": 56.5217,
    "f-score": 60.1361
  },
  "KL_res": {
    "KL divergence": 1.0882344414444622,
    "Euclidean Dist.": 0.05478071665533569,
    "WER": 0.49473684210526314,
    "CER": 0.3820478123590437,
    "Cosine Dist.": 0.1113485302665761
  },
  "occ_eval_res": {
    "precision": 70.217,
    "recall": 62.4561,
    "f-score": 66.1096
  },
  "clean_eval": {
    "f-score": 57.0334928229665,
    "precision": 53.8878842676311,
    "recall": 60.56910569105691,
    "tp": 298,
    "fp": 255,
    "fn": 194
  },
  "jaccard": [
    0.3931144915932746
  ],
  "braycurtis": [
    0.1649629890729644
  ],
  "dice": [
    0.24464374688589935
  ],
  "cosinus": [
    0.023789121749097752
  ]
}