{
  "voc_eval_res": {
    "precision": 56.5926,
    "recall": 63.773,
    "f-score": 59.9686
  },
  "KL_res": {
    "KL divergence": 0.9352108750261607,
    "Euclidean Dist.": 0.11493740463621913,
    "WER": 0.9012208657047724,
    "CER": 0.650720637841153,
    "Cosine Dist.": 0.30400154580366456
  },
  "occ_eval_res": {
    "precision": 48.1308,
    "recall": 68.5905,
    "f-score": 56.5675
  },
  "clean_eval": {
    "f-score": 47.19817767653759,
    "precision": 55.34188034188035,
    "recall": 41.14376489277204,
    "tp": 518,
    "fp": 418,
    "fn": 741
  },
  "jaccard": [
    0.41865822055859486
  ],
  "braycurtis": [
    0.241684566816377
  ],
  "dice": [
    0.26474872541879096
  ],
  "cosinus": [
    0.08460634576151493
  ]
}