{
  "voc_eval_res": {
    "precision": 54.7619,
    "recall": 24.7312,
    "f-score": 34.0741
  },
  "KL_res": {
    "KL divergence": 2.199790090439143,
    "Euclidean Dist.": 0.2704014501139769,
    "WER": 0.676678445229682,
    "CER": 0.5546218487394958,
    "Cosine Dist.": 0.18172288035830242
  },
  "occ_eval_res": {
    "precision": 59.3607,
    "recall": 45.9364,
    "f-score": 51.7928
  },
  "clean_eval": {
    "f-score": 14.859437751004018,
    "precision": 13.237924865831843,
    "recall": 16.933638443935926,
    "tp": 74,
    "fp": 485,
    "fn": 363
  },
  "jaccard": [
    0.5350609756097561
  ],
  "braycurtis": [
    0.35479041916167664
  ],
  "dice": [
    0.36524453694068676
  ],
  "cosinus": [
    0.22817023437348405
  ]
}