{
  "voc_eval_res": {
    "precision": 61.1111,
    "recall": 27.3756,
    "f-score": 37.8125
  },
  "KL_res": {
    "KL divergence": 2.3447022178594685,
    "Euclidean Dist.": 0.10420840136950756,
    "WER": 0.7243243243243244,
    "CER": 0.5842071474427563,
    "Cosine Dist.": 0.21385710764936539
  },
  "occ_eval_res": {
    "precision": 64.2317,
    "recall": 34.4595,
    "f-score": 44.8549
  },
  "clean_eval": {
    "f-score": 19.900497512437816,
    "precision": 13.7524557956778,
    "recall": 35.98971722365039,
    "tp": 140,
    "fp": 878,
    "fn": 249
  },
  "jaccard": [
    0.5528554070473876
  ],
  "braycurtis": [
    0.3703261259108828
  ],
  "dice": [
    0.382031905961377
  ],
  "cosinus": [
    0.36965435456242046
  ]
}