{
  "voc_eval_res": {
    "precision": 74.4186,
    "recall": 29.6296,
    "f-score": 42.3841
  },
  "KL_res": {
    "KL divergence": 2.1740949227801165,
    "Euclidean Dist.": 0.2340784694299006,
    "WER": 0.6432432432432432,
    "CER": 0.4856779121578612,
    "Cosine Dist.": 0.15286329362571005
  },
  "occ_eval_res": {
    "precision": 72.381,
    "recall": 41.0811,
    "f-score": 52.4138
  },
  "clean_eval": {
    "f-score": 42.95774647887324,
    "precision": 33.88888888888889,
    "recall": 58.65384615384615,
    "tp": 61,
    "fp": 119,
    "fn": 43
  },
  "jaccard": [
    0.5630965005302226
  ],
  "braycurtis": [
    0.2937168811506434
  ],
  "dice": [
    0.3918819188191882
  ],
  "cosinus": [
    0.10981506321429624
  ]
}