{
  "voc_eval_res": {
    "precision": 34.0,
    "recall": 2.3384,
    "f-score": 4.3758
  },
  "KL_res": {
    "KL divergence": 4.688852055534152,
    "Euclidean Dist.": 0.2280167668499128,
    "WER": 0.9787528868360277,
    "CER": 0.9241364960466084,
    "Cosine Dist.": 0.8465381138304339
  },
  "occ_eval_res": {
    "precision": 45.0382,
    "recall": 2.7252,
    "f-score": 5.1394
  },
  "clean_eval": {
    "f-score": 1.518637827887713,
    "precision": 0.8052708638360175,
    "recall": 13.306451612903224,
    "tp": 33,
    "fp": 4065,
    "fn": 215
  },
  "jaccard": [
    0.827844008890685
  ],
  "braycurtis": [
    0.8612170891096589
  ],
  "dice": [
    0.7062575418031374
  ],
  "cosinus": [
    0.3082535953130584
  ]
}