{
  "voc_eval_res": {
    "precision": 69.5122,
    "recall": 46.7213,
    "f-score": 55.8824
  },
  "KL_res": {
    "KL divergence": 2.129890178173531,
    "Euclidean Dist.": 0.11194454909881951,
    "WER": 0.609271523178808,
    "CER": 0.44710211591536336,
    "Cosine Dist.": 0.20455518445473397
  },
  "occ_eval_res": {
    "precision": 69.6078,
    "recall": 47.0199,
    "f-score": 56.1265
  },
  "clean_eval": {
    "f-score": 39.73063973063973,
    "precision": 30.102040816326532,
    "recall": 58.415841584158414,
    "tp": 59,
    "fp": 137,
    "fn": 42
  },
  "jaccard": [
    0.47038327526132406
  ],
  "braycurtis": [
    0.31599607458292445
  ],
  "dice": [
    0.30751708428246016
  ],
  "cosinus": [
    0.2916211591582253
  ]
}