{
  "voc_eval_res": {
    "precision": 55.1724,
    "recall": 21.1921,
    "f-score": 30.622
  },
  "KL_res": {
    "KL divergence": 2.3253762421413757,
    "Euclidean Dist.": 0.18093174275431437,
    "WER": 0.7443181818181818,
    "CER": 0.6108094129816395,
    "Cosine Dist.": 0.2732711269211422
  },
  "occ_eval_res": {
    "precision": 58.3618,
    "recall": 32.3864,
    "f-score": 41.6565
  },
  "clean_eval": {
    "f-score": 18.504435994930297,
    "precision": 14.54183266932271,
    "recall": 25.435540069686414,
    "tp": 73,
    "fp": 429,
    "fn": 214
  },
  "jaccard": [
    0.6053935057787562
  ],
  "braycurtis": [
    0.3611022618668366
  ],
  "dice": [
    0.4340962904498816
  ],
  "cosinus": [
    0.10957703099727945
  ]
}