{
  "voc_eval_res": {
    "precision": 19.3939,
    "recall": 24.0602,
    "f-score": 21.4765
  },
  "KL_res": {
    "KL divergence": 2.427497698217434,
    "Euclidean Dist.": 0.2507500714408,
    "WER": 0.8825,
    "CER": 0.6500162179695103,
    "Cosine Dist.": 0.3311383681540363
  },
  "occ_eval_res": {
    "precision": 38.9706,
    "recall": 39.75,
    "f-score": 39.3564
  },
  "clean_eval": {
    "f-score": 3.4696406443618337,
    "precision": 3.4229828850855744,
    "recall": 3.5175879396984926,
    "tp": 14,
    "fp": 395,
    "fn": 384
  },
  "jaccard": [
    0.7229254571026723
  ],
  "braycurtis": [
    0.3352131365068834
  ],
  "dice": [
    0.566079295154185
  ],
  "cosinus": [
    0.16283370732437574
  ]
}