{
  "voc_eval_res": {
    "precision": 33.157,
    "recall": 38.2892,
    "f-score": 35.5388
  },
  "KL_res": {
    "KL divergence": 1.3853039669711864,
    "Euclidean Dist.": 0.05351730727587336,
    "WER": 0.8291215403128761,
    "CER": 0.6046476306196841,
    "Cosine Dist.": 0.1440324720318349
  },
  "occ_eval_res": {
    "precision": 46.6529,
    "recall": 54.5126,
    "f-score": 50.2775
  },
  "clean_eval": {
    "f-score": 32.879695155144255,
    "precision": 32.826086956521735,
    "recall": 32.93347873500545,
    "tp": 302,
    "fp": 618,
    "fn": 615
  },
  "jaccard": [
    0.6059462010382256
  ],
  "braycurtis": [
    0.24517562126891573
  ],
  "dice": [
    0.4346648612051456
  ],
  "cosinus": [
    0.06836488324064816
  ]
}