{
  "voc_eval_res": {
    "precision": 6.2992,
    "recall": 24.2424,
    "f-score": 10.0
  },
  "KL_res": {
    "KL divergence": 4.495098750382244,
    "Euclidean Dist.": 0.28465097263751354,
    "WER": 9.916666666666666,
    "CER": 9.557575757575757,
    "Cosine Dist.": 0.42047471862708696
  },
  "occ_eval_res": {
    "precision": 2.9891,
    "recall": 30.5556,
    "f-score": 5.4455
  },
  "clean_eval": {
    "f-score": 3.03030303030303,
    "precision": 16.666666666666664,
    "recall": 1.6666666666666667,
    "tp": 6,
    "fp": 30,
    "fn": 354
  },
  "jaccard": [
    0.770940170940171
  ],
  "braycurtis": [
    0.8625429553264605
  ],
  "dice": [
    0.627260083449235
  ],
  "cosinus": [
    0.20881551932234255
  ]
}