{
  "voc_eval_res": {
    "precision": 71.9023,
    "recall": 56.3611,
    "f-score": 63.1902
  },
  "KL_res": {
    "KL divergence": 0.9376051753550627,
    "Euclidean Dist.": 0.04204012941564329,
    "WER": 0.46709470304975925,
    "CER": 0.3376968317207361,
    "Cosine Dist.": 0.06717803360431585
  },
  "occ_eval_res": {
    "precision": 71.3518,
    "recall": 63.9647,
    "f-score": 67.4566
  },
  "clean_eval": {
    "f-score": 61.639058413251966,
    "precision": 58.18930041152264,
    "recall": 65.52363299351252,
    "tp": 707,
    "fp": 508,
    "fn": 372
  },
  "jaccard": [
    0.3105348460291734
  ],
  "braycurtis": [
    0.11794027745121091
  ],
  "dice": [
    0.18380660015349193
  ],
  "cosinus": [
    0.013224376964687479
  ]
}