{
  "voc_eval_res": {
    "precision": 73.6842,
    "recall": 21.875,
    "f-score": 33.7349
  },
  "KL_res": {
    "KL divergence": 2.5650026087981947,
    "Euclidean Dist.": 0.22040852417842757,
    "WER": 0.6971608832807571,
    "CER": 0.5074411905904945,
    "Cosine Dist.": 0.12584548704401255
  },
  "occ_eval_res": {
    "precision": 70.9877,
    "recall": 36.2776,
    "f-score": 48.0167
  },
  "clean_eval": {
    "f-score": 40.816326530612244,
    "precision": 30.48780487804878,
    "recall": 61.72839506172839,
    "tp": 100,
    "fp": 228,
    "fn": 62
  },
  "jaccard": [
    0.6250950570342205
  ],
  "braycurtis": [
    0.31049971925884334
  ],
  "dice": [
    0.45464601769911506
  ],
  "cosinus": [
    0.08604544743737252
  ]
}