{
  "voc_eval_res": {
    "precision": 23.622,
    "recall": 58.8235,
    "f-score": 33.7079
  },
  "KL_res": {
    "KL divergence": 0.9019522166527287,
    "Euclidean Dist.": 0.11546611771386038,
    "WER": 2.237704918032787,
    "CER": 1.984924623115578,
    "Cosine Dist.": 0.04229436362686767
  },
  "occ_eval_res": {
    "precision": 26.6304,
    "recall": 80.3279,
    "f-score": 40.0
  },
  "clean_eval": {
    "f-score": 13.807531380753135,
    "precision": 27.966101694915253,
    "recall": 9.166666666666666,
    "tp": 33,
    "fp": 85,
    "fn": 327
  },
  "jaccard": [
    0.5976430976430976
  ],
  "braycurtis": [
    0.5295004306632214
  ],
  "dice": [
    0.4261704681872749
  ],
  "cosinus": [
    0.0334531565044911
  ]
}