{
  "voc_eval_res": {
    "precision": 27.1739,
    "recall": 1.3179,
    "f-score": 2.5138
  },
  "KL_res": {
    "KL divergence": 3.967733433602196,
    "Euclidean Dist.": 0.23303250910839027,
    "WER": 0.9835423197492164,
    "CER": 0.894253128114273,
    "Cosine Dist.": 0.8105079681036467
  },
  "occ_eval_res": {
    "precision": 21.2014,
    "recall": 2.3511,
    "f-score": 4.2328
  },
  "clean_eval": {
    "f-score": 1.2323305545487497,
    "precision": 0.6857603872529245,
    "recall": 6.071428571428571,
    "tp": 17,
    "fp": 2462,
    "fn": 263
  },
  "jaccard": [
    0.8610278866098179
  ],
  "braycurtis": [
    0.8177766895200783
  ],
  "dice": [
    0.7559692432213678
  ],
  "cosinus": [
    0.34084500175349286
  ]
}