{
  "voc_eval_res": {
    "precision": 25.3968,
    "recall": 2.6101,
    "f-score": 4.7337
  },
  "KL_res": {
    "KL divergence": 4.929425396727361,
    "Euclidean Dist.": 0.7671067042676085,
    "WER": 0.9540229885057471,
    "CER": 0.731609380019274,
    "Cosine Dist.": 0.63800279807269
  },
  "occ_eval_res": {
    "precision": 14.6853,
    "recall": 5.364,
    "f-score": 7.8578
  },
  "clean_eval": {
    "f-score": 2.5974025974025974,
    "precision": 1.8181818181818181,
    "recall": 4.545454545454546,
    "tp": 13,
    "fp": 702,
    "fn": 273
  },
  "jaccard": [
    0.835530881332408
  ],
  "braycurtis": [
    0.6586322869955157
  ],
  "dice": [
    0.7175208581644815
  ],
  "cosinus": [
    0.3786325774074676
  ]
}