{
  "voc_eval_res": {
    "precision": 54.321,
    "recall": 16.0,
    "f-score": 24.7191
  },
  "KL_res": {
    "KL divergence": 3.7862988220336034,
    "Euclidean Dist.": 0.38901839732991267,
    "WER": 0.7741935483870968,
    "CER": 0.6366022429014555,
    "Cosine Dist.": 0.5306645875233229
  },
  "occ_eval_res": {
    "precision": 57.8947,
    "recall": 28.3871,
    "f-score": 38.0952
  },
  "clean_eval": {
    "f-score": 11.44114411441144,
    "precision": 8.58085808580858,
    "recall": 17.16171617161716,
    "tp": 52,
    "fp": 554,
    "fn": 251
  },
  "jaccard": [
    0.6533110740122426
  ],
  "braycurtis": [
    0.4182167109536463
  ],
  "dice": [
    0.48512396694214877
  ],
  "cosinus": [
    0.4566136121967418
  ]
}