{
  "voc_eval_res": {
    "precision": 58.3333,
    "recall": 7.7165,
    "f-score": 13.63
  },
  "KL_res": {
    "KL divergence": 3.605574525424222,
    "Euclidean Dist.": 0.3952393188447052,
    "WER": 0.8438978240302744,
    "CER": 0.746017355264862,
    "Cosine Dist.": 0.338582189064236
  },
  "occ_eval_res": {
    "precision": 59.6774,
    "recall": 17.5024,
    "f-score": 27.0666
  },
  "clean_eval": {
    "f-score": 5.663189269746647,
    "precision": 3.667953667953668,
    "recall": 12.418300653594772,
    "tp": 38,
    "fp": 998,
    "fn": 268
  },
  "jaccard": [
    0.7535726734053677
  ],
  "braycurtis": [
    0.5802887876732241
  ],
  "dice": [
    0.604586129753915
  ],
  "cosinus": [
    0.3640023924324304
  ]
}