{
  "voc_eval_res": {
    "precision": 31.5697,
    "recall": 35.7285,
    "f-score": 33.5206
  },
  "KL_res": {
    "KL divergence": 1.6565047442513414,
    "Euclidean Dist.": 0.06045892608795961,
    "WER": 0.850412249705536,
    "CER": 0.6093030167929856,
    "Cosine Dist.": 0.19686424144810466
  },
  "occ_eval_res": {
    "precision": 42.7394,
    "recall": 48.881,
    "f-score": 45.6044
  },
  "clean_eval": {
    "f-score": 30.312837108953616,
    "precision": 29.989327641408753,
    "recall": 30.643402399127588,
    "tp": 281,
    "fp": 656,
    "fn": 636
  },
  "jaccard": [
    0.6048803378695448
  ],
  "braycurtis": [
    0.2520107238605898
  ],
  "dice": [
    0.4335687857383115
  ],
  "cosinus": [
    0.06845813398837197
  ]
}