{
  "voc_eval_res": {
    "precision": 28.2946,
    "recall": 17.5904,
    "f-score": 21.6939
  },
  "KL_res": {
    "KL divergence": 1.7222744691145564,
    "Euclidean Dist.": 0.07153171576805202,
    "WER": 0.9142857142857143,
    "CER": 0.6879135924545524,
    "Cosine Dist.": 0.09234157967682133
  },
  "occ_eval_res": {
    "precision": 35.4608,
    "recall": 37.746,
    "f-score": 36.5677
  },
  "clean_eval": {
    "f-score": 11.348205625606209,
    "precision": 11.692205196535642,
    "recall": 11.023869346733669,
    "tp": 351,
    "fp": 2651,
    "fn": 2833
  },
  "jaccard": [
    0.5713119771475209
  ],
  "braycurtis": [
    0.2159082892416226
  ],
  "dice": [
    0.3998857469294487
  ],
  "cosinus": [
    0.028583205121742616
  ]
}