{
  "voc_eval_res": {
    "precision": 29.727,
    "recall": 19.4444,
    "f-score": 23.5106
  },
  "KL_res": {
    "KL divergence": 1.6546475410130614,
    "Euclidean Dist.": 0.08568972936087592,
    "WER": 0.9838653104173974,
    "CER": 0.7632619723153641,
    "Cosine Dist.": 0.15531382224456247
  },
  "occ_eval_res": {
    "precision": 33.4015,
    "recall": 40.0912,
    "f-score": 36.4419
  },
  "clean_eval": {
    "f-score": 14.890413250794712,
    "precision": 16.45101663585952,
    "recall": 13.600244498777506,
    "tp": 445,
    "fp": 2260,
    "fn": 2827
  },
  "jaccard": [
    0.5585313174946004
  ],
  "braycurtis": [
    0.25131046877340124
  ],
  "dice": [
    0.3874737788432724
  ],
  "cosinus": [
    0.048939389711992076
  ]
}