{
  "voc_eval_res": {
    "precision": 29.2172,
    "recall": 22.344,
    "f-score": 25.3225
  },
  "KL_res": {
    "KL divergence": 1.5844996062885974,
    "Euclidean Dist.": 0.07874188864716856,
    "WER": 1.0556506849315068,
    "CER": 0.8268571428571428,
    "Cosine Dist.": 0.11834421651167315
  },
  "occ_eval_res": {
    "precision": 33.7126,
    "recall": 44.3921,
    "f-score": 38.3222
  },
  "clean_eval": {
    "f-score": 13.399314807765512,
    "precision": 15.575221238938052,
    "recall": 11.75684702738811,
    "tp": 352,
    "fp": 1908,
    "fn": 2642
  },
  "jaccard": [
    0.5311491685281707
  ],
  "braycurtis": [
    0.2682551883166795
  ],
  "dice": [
    0.36160865157147687
  ],
  "cosinus": [
    0.03289113975114921
  ]
}