{
  "voc_eval_res": {
    "precision": 34.8624,
    "recall": 12.0444,
    "f-score": 17.9034
  },
  "KL_res": {
    "KL divergence": 3.547435676360051,
    "Euclidean Dist.": 0.2205545361566434,
    "WER": 0.8951434878587197,
    "CER": 0.6623027861698556,
    "Cosine Dist.": 0.8430970593624441
  },
  "occ_eval_res": {
    "precision": 26.1569,
    "recall": 14.3488,
    "f-score": 18.5317
  },
  "clean_eval": {
    "f-score": 10.441176470588234,
    "precision": 8.142201834862385,
    "recall": 14.549180327868852,
    "tp": 71,
    "fp": 801,
    "fn": 417
  },
  "jaccard": [
    0.6391541609822646
  ],
  "braycurtis": [
    0.41971383147853736
  ],
  "dice": [
    0.46967418546365913
  ],
  "cosinus": [
    0.20596331909215437
  ]
}