{
  "voc_eval_res": {
    "precision": 36.3057,
    "recall": 4.6683,
    "f-score": 8.2729
  },
  "KL_res": {
    "KL divergence": 3.3829218503292804,
    "Euclidean Dist.": 0.15782678323857058,
    "WER": 0.9571315162741466,
    "CER": 0.8002295387705329,
    "Cosine Dist.": 0.5809498687740552
  },
  "occ_eval_res": {
    "precision": 31.0729,
    "recall": 8.1238,
    "f-score": 12.8802
  },
  "clean_eval": {
    "f-score": 3.819918144611187,
    "precision": 2.4518388791593697,
    "recall": 8.641975308641975,
    "tp": 84,
    "fp": 3342,
    "fn": 888
  },
  "jaccard": [
    0.713183145598665
  ],
  "braycurtis": [
    0.602083446367533
  ],
  "dice": [
    0.5542227265359053
  ],
  "cosinus": [
    0.21329726038622654
  ]
}