{
  "voc_eval_res": {
    "precision": 37.5796,
    "recall": 31.0526,
    "f-score": 34.0058
  },
  "KL_res": {
    "KL divergence": 1.5038779723109699,
    "Euclidean Dist.": 0.06108372409106742,
    "WER": 0.6443452380952381,
    "CER": 0.49831964152352504,
    "Cosine Dist.": 0.09151518042027496
  },
  "occ_eval_res": {
    "precision": 57.1429,
    "recall": 50.5952,
    "f-score": 53.6701
  },
  "clean_eval": {
    "f-score": 27.563576702214927,
    "precision": 25.727411944869832,
    "recall": 29.681978798586574,
    "tp": 168,
    "fp": 485,
    "fn": 398
  },
  "jaccard": [
    0.596378146101903
  ],
  "braycurtis": [
    0.23788885678512953
  ],
  "dice": [
    0.4248851957139733
  ],
  "cosinus": [
    0.051114542465258705
  ]
}