{
  "voc_eval_res": {
    "precision": 44.6602,
    "recall": 23.1156,
    "f-score": 30.4636
  },
  "KL_res": {
    "KL divergence": 2.652666563527771,
    "Euclidean Dist.": 0.20239594879021838,
    "WER": 0.7972508591065293,
    "CER": 0.5884257385673817,
    "Cosine Dist.": 0.2665117518517033
  },
  "occ_eval_res": {
    "precision": 39.6825,
    "recall": 34.3643,
    "f-score": 36.8324
  },
  "clean_eval": {
    "f-score": 20.754716981132077,
    "precision": 19.230769230769234,
    "recall": 22.540983606557376,
    "tp": 55,
    "fp": 231,
    "fn": 189
  },
  "jaccard": [
    0.5578871201157742
  ],
  "braycurtis": [
    0.3217943465792708
  ],
  "dice": [
    0.3868539889613648
  ],
  "cosinus": [
    0.109325717687912
  ]
}