{
  "voc_eval_res": {
    "precision": 52.6316,
    "recall": 13.2159,
    "f-score": 21.1268
  },
  "KL_res": {
    "KL divergence": 3.9353311424172066,
    "Euclidean Dist.": 0.27953312766088695,
    "WER": 0.8195991091314031,
    "CER": 0.6223358908780904,
    "Cosine Dist.": 0.41571191335725965
  },
  "occ_eval_res": {
    "precision": 61.1111,
    "recall": 22.049,
    "f-score": 32.4059
  },
  "clean_eval": {
    "f-score": 23.711340206185568,
    "precision": 16.428571428571427,
    "recall": 42.592592592592595,
    "tp": 69,
    "fp": 351,
    "fn": 93
  },
  "jaccard": [
    0.7144837144837145
  ],
  "braycurtis": [
    0.4469244744355048
  ],
  "dice": [
    0.5557951482479785
  ],
  "cosinus": [
    0.2701675719130465
  ]
}