{
  "voc_eval_res": {
    "precision": 32.7869,
    "recall": 2.939,
    "f-score": 5.3945
  },
  "KL_res": {
    "KL divergence": 3.9779521757551404,
    "Euclidean Dist.": 0.2826340960508284,
    "WER": 0.9434806939003917,
    "CER": 0.797091025333653,
    "Cosine Dist.": 0.5572605837101058
  },
  "occ_eval_res": {
    "precision": 30.6122,
    "recall": 6.7152,
    "f-score": 11.0142
  },
  "clean_eval": {
    "f-score": 4.651162790697675,
    "precision": 2.8799019607843137,
    "recall": 12.082262210796916,
    "tp": 47,
    "fp": 1585,
    "fn": 342
  },
  "jaccard": [
    0.8041480703596745
  ],
  "braycurtis": [
    0.6682635475642381
  ],
  "dice": [
    0.6724478594950604
  ],
  "cosinus": [
    0.37099525746683293
  ]
}