{
  "voc_eval_res": {
    "precision": 38.0952,
    "recall": 3.5242,
    "f-score": 6.4516
  },
  "KL_res": {
    "KL divergence": 4.87627209489499,
    "Euclidean Dist.": 0.3286790557772595,
    "WER": 0.9469578783151326,
    "CER": 0.7861186315530396,
    "Cosine Dist.": 0.5325419500198693
  },
  "occ_eval_res": {
    "precision": 35.1562,
    "recall": 7.0203,
    "f-score": 11.7035
  },
  "clean_eval": {
    "f-score": 6.191117092866756,
    "precision": 3.7398373983739837,
    "recall": 17.96875,
    "tp": 23,
    "fp": 592,
    "fn": 105
  },
  "jaccard": [
    0.814176245210728
  ],
  "braycurtis": [
    0.6431268882175226
  ],
  "dice": [
    0.6865912762520194
  ],
  "cosinus": [
    0.3053449517578495
  ]
}