{
  "voc_eval_res": {
    "precision": 43.4783,
    "recall": 8.8889,
    "f-score": 14.7601
  },
  "KL_res": {
    "KL divergence": 3.523478922759547,
    "Euclidean Dist.": 0.2130080704359079,
    "WER": 0.8969210174029452,
    "CER": 0.7030172413793103,
    "Cosine Dist.": 0.48120375033053187
  },
  "occ_eval_res": {
    "precision": 40.2827,
    "recall": 15.261,
    "f-score": 22.1359
  },
  "clean_eval": {
    "f-score": 1.8163471241170535,
    "precision": 1.2658227848101267,
    "recall": 3.214285714285714,
    "tp": 9,
    "fp": 702,
    "fn": 271
  },
  "jaccard": [
    0.7417007730786721
  ],
  "braycurtis": [
    0.49864305099271533
  ],
  "dice": [
    0.5894470545717383
  ],
  "cosinus": [
    0.2017012934682776
  ]
}