{
  "voc_eval_res": {
    "precision": 62.4339,
    "recall": 44.3609,
    "f-score": 51.8681
  },
  "KL_res": {
    "KL divergence": 1.2139357535644104,
    "Euclidean Dist.": 0.10480376741158452,
    "WER": 0.6317460317460317,
    "CER": 0.47995570321151715,
    "Cosine Dist.": 0.10658102686781079
  },
  "occ_eval_res": {
    "precision": 64.476,
    "recall": 57.619,
    "f-score": 60.855
  },
  "clean_eval": {
    "f-score": 21.345707656612532,
    "precision": 18.351063829787233,
    "recall": 25.508317929759706,
    "tp": 138,
    "fp": 614,
    "fn": 403
  },
  "jaccard": [
    0.4614964500273075
  ],
  "braycurtis": [
    0.22992178032389557
  ],
  "dice": [
    0.2999645012424565
  ],
  "cosinus": [
    0.11549208862732985
  ]
}