{
  "voc_eval_res": {
    "precision": 52.6786,
    "recall": 20.1365,
    "f-score": 29.1358
  },
  "KL_res": {
    "KL divergence": 2.657529057977802,
    "Euclidean Dist.": 0.1952341911881299,
    "WER": 0.7564102564102564,
    "CER": 0.5565264882577826,
    "Cosine Dist.": 0.134366061235902
  },
  "occ_eval_res": {
    "precision": 65.6347,
    "recall": 33.9744,
    "f-score": 44.773
  },
  "clean_eval": {
    "f-score": 7.669616519174041,
    "precision": 5.587392550143266,
    "recall": 12.225705329153605,
    "tp": 39,
    "fp": 659,
    "fn": 280
  },
  "jaccard": [
    0.6721748400852878
  ],
  "braycurtis": [
    0.34998472349526427
  ],
  "dice": [
    0.5062224006423123
  ],
  "cosinus": [
    0.165290093139965
  ]
}