{
  "voc_eval_res": {
    "precision": 65.7576,
    "recall": 58.9674,
    "f-score": 62.1777
  },
  "KL_res": {
    "KL divergence": 0.7079940928092421,
    "Euclidean Dist.": 0.06541323838771601,
    "WER": 0.5506024096385542,
    "CER": 0.4167607223476298,
    "Cosine Dist.": 0.06961213158290358
  },
  "occ_eval_res": {
    "precision": 70.2994,
    "recall": 70.7229,
    "f-score": 70.5105
  },
  "clean_eval": {
    "f-score": 47.47774480712167,
    "precision": 46.2962962962963,
    "recall": 48.721071863581,
    "tp": 400,
    "fp": 464,
    "fn": 421
  },
  "jaccard": [
    0.3797313797313797
  ],
  "braycurtis": [
    0.14841013666643774
  ],
  "dice": [
    0.2343632253202713
  ],
  "cosinus": [
    0.02438117862243039
  ]
}