{
  "voc_eval_res": {
    "precision": 56.7164,
    "recall": 34.8624,
    "f-score": 43.1818
  },
  "KL_res": {
    "KL divergence": 2.35003778101841,
    "Euclidean Dist.": 0.136351056849546,
    "WER": 0.703030303030303,
    "CER": 0.4972677595628415,
    "Cosine Dist.": 0.24072273497219954
  },
  "occ_eval_res": {
    "precision": 63.2653,
    "recall": 37.5758,
    "f-score": 47.1483
  },
  "clean_eval": {
    "f-score": 42.91497975708502,
    "precision": 34.868421052631575,
    "recall": 55.78947368421052,
    "tp": 53,
    "fp": 99,
    "fn": 42
  },
  "jaccard": [
    0.5115830115830116
  ],
  "braycurtis": [
    0.305724197745013
  ],
  "dice": [
    0.3437094682230869
  ],
  "cosinus": [
    0.08447575598209811
  ]
}