{
  "voc_eval_res": {
    "precision": 60.0,
    "recall": 42.4242,
    "f-score": 49.7041
  },
  "KL_res": {
    "KL divergence": 2.3262562613218716,
    "Euclidean Dist.": 0.12589163938309014,
    "WER": 0.6285714285714286,
    "CER": 0.4441602728047741,
    "Cosine Dist.": 0.22505740351378056
  },
  "occ_eval_res": {
    "precision": 61.5385,
    "recall": 45.7143,
    "f-score": 52.459
  },
  "clean_eval": {
    "f-score": 50.42735042735044,
    "precision": 44.696969696969695,
    "recall": 57.84313725490197,
    "tp": 59,
    "fp": 73,
    "fn": 43
  },
  "jaccard": [
    0.474
  ],
  "braycurtis": [
    0.23063223508459482
  ],
  "dice": [
    0.3106159895150721
  ],
  "cosinus": [
    0.05654550217024046
  ]
}