{
  "voc_eval_res": {
    "precision": 71.2121,
    "recall": 48.4536,
    "f-score": 57.6687
  },
  "KL_res": {
    "KL divergence": 2.012708866114661,
    "Euclidean Dist.": 0.12680450934478144,
    "WER": 0.564625850340136,
    "CER": 0.42640874684608915,
    "Cosine Dist.": 0.18666338329422805
  },
  "occ_eval_res": {
    "precision": 73.0,
    "recall": 49.6599,
    "f-score": 59.1093
  },
  "clean_eval": {
    "f-score": 53.846153846153854,
    "precision": 45.98540145985402,
    "recall": 64.94845360824742,
    "tp": 63,
    "fp": 74,
    "fn": 34
  },
  "jaccard": [
    0.44490644490644493
  ],
  "braycurtis": [
    0.22561531449407474
  ],
  "dice": [
    0.28609625668449196
  ],
  "cosinus": [
    0.05882150387486862
  ]
}