{
  "voc_eval_res": {
    "precision": 18.3333,
    "recall": 4.2718,
    "f-score": 6.9291
  },
  "KL_res": {
    "KL divergence": 5.086318121408106,
    "Euclidean Dist.": 0.22389397655588092,
    "WER": 0.9819121447028424,
    "CER": 0.8376567228707307,
    "Cosine Dist.": 0.9298005833719863
  },
  "occ_eval_res": {
    "precision": 15.528,
    "recall": 3.23,
    "f-score": 5.3476
  },
  "clean_eval": {
    "f-score": 1.3620885357548238,
    "precision": 0.8253094910591471,
    "recall": 3.896103896103896,
    "tp": 6,
    "fp": 721,
    "fn": 148
  },
  "jaccard": [
    0.7951763858891289
  ],
  "braycurtis": [
    0.7116812964213369
  ],
  "dice": [
    0.6599940244995518
  ],
  "cosinus": [
    0.3115667648697831
  ]
}