{
  "voc_eval_res": {
    "precision": 13.6752,
    "recall": 5.7762,
    "f-score": 8.1218
  },
  "KL_res": {
    "KL divergence": 4.08699543577438,
    "Euclidean Dist.": 0.16219096821838627,
    "WER": 0.9676258992805755,
    "CER": 0.7796108291032149,
    "Cosine Dist.": 0.6440361652810742
  },
  "occ_eval_res": {
    "precision": 19.1223,
    "recall": 7.3141,
    "f-score": 10.5811
  },
  "clean_eval": {
    "f-score": 0.5591798695246971,
    "precision": 0.38809831824062097,
    "recall": 1.0,
    "tp": 3,
    "fp": 770,
    "fn": 297
  },
  "jaccard": [
    0.7572932330827068
  ],
  "braycurtis": [
    0.6079521162890124
  ],
  "dice": [
    0.6093901258470474
  ],
  "cosinus": [
    0.2550322114352399
  ]
}