{
  "voc_eval_res": {
    "precision": 56.6038,
    "recall": 28.2132,
    "f-score": 37.6569
  },
  "KL_res": {
    "KL divergence": 1.3432732020624318,
    "Euclidean Dist.": 0.18289688801232726,
    "WER": 0.743455497382199,
    "CER": 0.5375107296137339,
    "Cosine Dist.": 0.20536467534401703
  },
  "occ_eval_res": {
    "precision": 54.2199,
    "recall": 55.4974,
    "f-score": 54.8512
  },
  "clean_eval": {
    "f-score": 15.240641711229946,
    "precision": 15.573770491803279,
    "recall": 14.921465968586386,
    "tp": 114,
    "fp": 618,
    "fn": 650
  },
  "jaccard": [
    0.4942643391521197
  ],
  "braycurtis": [
    0.239993258616331
  ],
  "dice": [
    0.3282543888704869
  ],
  "cosinus": [
    0.08220562444139379
  ]
}