{
  "voc_eval_res": {
    "precision": 62.0642,
    "recall": 55.6946,
    "f-score": 58.7071
  },
  "KL_res": {
    "KL divergence": 0.5584225670220598,
    "Euclidean Dist.": 0.040766024669700585,
    "WER": 0.48601558917927556,
    "CER": 0.35235895743978884,
    "Cosine Dist.": 0.04855324122061999
  },
  "occ_eval_res": {
    "precision": 71.2042,
    "recall": 74.8281,
    "f-score": 72.9712
  },
  "clean_eval": {
    "f-score": 59.8069328652918,
    "precision": 58.8768898488121,
    "recall": 60.76683013820776,
    "tp": 1363,
    "fp": 952,
    "fn": 880
  },
  "jaccard": [
    0.3865256946151955
  ],
  "braycurtis": [
    0.11893819334389857
  ],
  "dice": [
    0.2395611094178604
  ],
  "cosinus": [
    0.025895176689577304
  ]
}