{
  "voc_eval_res": {
    "precision": 28.2686,
    "recall": 26.7559,
    "f-score": 27.4914
  },
  "KL_res": {
    "KL divergence": 1.8251421515419042,
    "Euclidean Dist.": 0.15314218569115698,
    "WER": 0.8829113924050633,
    "CER": 0.7164084729687006,
    "Cosine Dist.": 0.3985539791297551
  },
  "occ_eval_res": {
    "precision": 37.6923,
    "recall": 31.0127,
    "f-score": 34.0278
  },
  "clean_eval": {
    "f-score": 4.159132007233274,
    "precision": 3.814262023217247,
    "recall": 4.572564612326044,
    "tp": 23,
    "fp": 580,
    "fn": 480
  },
  "jaccard": [
    0.6892680736416704
  ],
  "braycurtis": [
    0.3578632209265679
  ],
  "dice": [
    0.5258650222679
  ],
  "cosinus": [
    0.12181053057514579
  ]
}