{
  "voc_eval_res": {
    "precision": 19.6429,
    "recall": 18.8571,
    "f-score": 19.242
  },
  "KL_res": {
    "KL divergence": 2.5340461162128305,
    "Euclidean Dist.": 0.28130772120666975,
    "WER": 0.9234449760765551,
    "CER": 0.8223374175306315,
    "Cosine Dist.": 0.5763999705853986
  },
  "occ_eval_res": {
    "precision": 27.7008,
    "recall": 23.9234,
    "f-score": 25.6739
  },
  "clean_eval": {
    "f-score": 4.318488529014845,
    "precision": 3.9800995024875623,
    "recall": 4.71976401179941,
    "tp": 16,
    "fp": 386,
    "fn": 323
  },
  "jaccard": [
    0.7278250303766707
  ],
  "braycurtis": [
    0.4545651233232367
  ],
  "dice": [
    0.5721107927411653
  ],
  "cosinus": [
    0.3194296016060717
  ]
}