{
  "voc_eval_res": {
    "precision": 42.5926,
    "recall": 17.6923,
    "f-score": 25.0
  },
  "KL_res": {
    "KL divergence": 4.592597675114013,
    "Euclidean Dist.": 0.2646430843515614,
    "WER": 0.8266129032258065,
    "CER": 0.6331065759637188,
    "Cosine Dist.": 0.661448674272681
  },
  "occ_eval_res": {
    "precision": 41.5254,
    "recall": 19.7581,
    "f-score": 26.776
  },
  "clean_eval": {
    "f-score": 25.149700598802394,
    "precision": 18.75,
    "recall": 38.18181818181819,
    "tp": 42,
    "fp": 182,
    "fn": 68
  },
  "jaccard": [
    0.6555269922879178
  ],
  "braycurtis": [
    0.48904267589388695
  ],
  "dice": [
    0.4875717017208413
  ],
  "cosinus": [
    0.32920116127015564
  ]
}