{
  "voc_eval_res": {
    "precision": 36.25,
    "recall": 32.493,
    "f-score": 34.2688
  },
  "KL_res": {
    "KL divergence": 1.8085780673986687,
    "Euclidean Dist.": 0.1033320228884853,
    "WER": 0.8060897435897436,
    "CER": 0.592896174863388,
    "Cosine Dist.": 0.21100926004816212
  },
  "occ_eval_res": {
    "precision": 48.6815,
    "recall": 38.4615,
    "f-score": 42.9722
  },
  "clean_eval": {
    "f-score": 21.73112338858195,
    "precision": 19.43986820428336,
    "recall": 24.63465553235908,
    "tp": 118,
    "fp": 489,
    "fn": 361
  },
  "jaccard": [
    0.576530612244898
  ],
  "braycurtis": [
    0.2709521094640821
  ],
  "dice": [
    0.4050179211469534
  ],
  "cosinus": [
    0.050347825890145415
  ]
}