{
  "voc_eval_res": {
    "precision": 36.5591,
    "recall": 28.5235,
    "f-score": 32.0452
  },
  "KL_res": {
    "KL divergence": 2.0594488167985716,
    "Euclidean Dist.": 0.08448699117392311,
    "WER": 0.837160751565762,
    "CER": 0.6458550121401319,
    "Cosine Dist.": 0.33834936346631916
  },
  "occ_eval_res": {
    "precision": 45.8824,
    "recall": 32.5678,
    "f-score": 38.0952
  },
  "clean_eval": {
    "f-score": 17.792068595927113,
    "precision": 13.879598662207357,
    "recall": 24.776119402985074,
    "tp": 166,
    "fp": 1030,
    "fn": 504
  },
  "jaccard": [
    0.6248244875035103
  ],
  "braycurtis": [
    0.39333271254306734
  ],
  "dice": [
    0.4543598121298754
  ],
  "cosinus": [
    0.30682484798620413
  ]
}