{
  "voc_eval_res": {
    "precision": 41.6667,
    "recall": 2.2305,
    "f-score": 4.2343
  },
  "KL_res": {
    "KL divergence": 4.300607492621026,
    "Euclidean Dist.": 0.18344788196290693,
    "WER": 0.9807868252516011,
    "CER": 0.9274898297423535,
    "Cosine Dist.": 0.917347192585566
  },
  "occ_eval_res": {
    "precision": 41.573,
    "recall": 2.5389,
    "f-score": 4.7855
  },
  "clean_eval": {
    "f-score": 1.0747663551401867,
    "precision": 0.5718547986076579,
    "recall": 8.914728682170542,
    "tp": 23,
    "fp": 3999,
    "fn": 235
  },
  "jaccard": [
    0.8315217391304348
  ],
  "braycurtis": [
    0.8613659882718179
  ],
  "dice": [
    0.7116279069767442
  ],
  "cosinus": [
    0.22281841493325538
  ]
}