{
  "voc_eval_res": {
    "precision": 63.4921,
    "recall": 40.0,
    "f-score": 49.0798
  },
  "KL_res": {
    "KL divergence": 2.667496721938688,
    "Euclidean Dist.": 0.12180640432057566,
    "WER": 0.6410256410256411,
    "CER": 0.49480968858131485,
    "Cosine Dist.": 0.27973510641633126
  },
  "occ_eval_res": {
    "precision": 65.7534,
    "recall": 41.0256,
    "f-score": 50.5263
  },
  "clean_eval": {
    "f-score": 42.69662921348314,
    "precision": 34.234234234234236,
    "recall": 56.71641791044776,
    "tp": 38,
    "fp": 73,
    "fn": 29
  },
  "jaccard": [
    0.4870734229576008
  ],
  "braycurtis": [
    0.3288318703578663
  ],
  "dice": [
    0.3219412166780588
  ],
  "cosinus": [
    0.09130872530246947
  ]
}