{
  "voc_eval_res": {
    "precision": 23.4908,
    "recall": 2.1499,
    "f-score": 3.9393
  },
  "KL_res": {
    "KL divergence": 2.7835101815338534,
    "Euclidean Dist.": 0.15343535209676612,
    "WER": 0.9816421052631579,
    "CER": 0.8712024236217785,
    "Cosine Dist.": 0.8240907031780773
  },
  "occ_eval_res": {
    "precision": 20.0318,
    "recall": 3.1832,
    "f-score": 5.4934
  },
  "clean_eval": {
    "f-score": 0.9538192512518877,
    "precision": 0.5594927265945543,
    "recall": 3.231017770597738,
    "tp": 60,
    "fp": 10664,
    "fn": 1797
  },
  "jaccard": [
    0.7366534374599923
  ],
  "braycurtis": [
    0.7570020934093699
  ],
  "dice": [
    0.5830968788001621
  ],
  "cosinus": [
    0.20499599883634367
  ]
}