{
  "voc_eval_res": {
    "precision": 22.2772,
    "recall": 28.481,
    "f-score": 25.0
  },
  "KL_res": {
    "KL divergence": 2.2639793598353966,
    "Euclidean Dist.": 0.21266289172188535,
    "WER": 2.448559670781893,
    "CER": 2.1543550165380374,
    "Cosine Dist.": 0.13979733048544452
  },
  "occ_eval_res": {
    "precision": 18.0685,
    "recall": 47.7366,
    "f-score": 26.2147
  },
  "clean_eval": {
    "f-score": 10.120481927710843,
    "precision": 17.872340425531917,
    "recall": 7.0588235294117645,
    "tp": 42,
    "fp": 193,
    "fn": 553
  },
  "jaccard": [
    0.6170534813319879
  ],
  "braycurtis": [
    0.5732808857808858
  ],
  "dice": [
    0.4461875228018971
  ],
  "cosinus": [
    0.1338790221762386
  ]
}