{
  "voc_eval_res": {
    "precision": 52.8205,
    "recall": 39.4636,
    "f-score": 45.1754
  },
  "KL_res": {
    "KL divergence": 1.6071841818364192,
    "Euclidean Dist.": 0.22593034784718644,
    "WER": 0.7556521739130435,
    "CER": 0.5875087392216266,
    "Cosine Dist.": 0.5462721069689604
  },
  "occ_eval_res": {
    "precision": 52.6316,
    "recall": 49.5652,
    "f-score": 51.0524
  },
  "clean_eval": {
    "f-score": 31.42437591776799,
    "precision": 30.283018867924525,
    "recall": 32.65513733468973,
    "tp": 321,
    "fp": 739,
    "fn": 662
  },
  "jaccard": [
    0.45062388591800356
  ],
  "braycurtis": [
    0.2816778834996519
  ],
  "dice": [
    0.2908421537045559
  ],
  "cosinus": [
    0.24389331614969834
  ]
}