{
  "voc_eval_res": {
    "precision": 19.3069,
    "recall": 39.3939,
    "f-score": 25.9136
  },
  "KL_res": {
    "KL divergence": 1.8592312567395848,
    "Euclidean Dist.": 0.17540690231475045,
    "WER": 3.3705882352941177,
    "CER": 3.0344053851907256,
    "Cosine Dist.": 0.12315338088244787
  },
  "occ_eval_res": {
    "precision": 15.8879,
    "recall": 60.0,
    "f-score": 25.1232
  },
  "clean_eval": {
    "f-score": 12.384716732542818,
    "precision": 28.65853658536585,
    "recall": 7.899159663865546,
    "tp": 47,
    "fp": 117,
    "fn": 548
  },
  "jaccard": [
    0.6407386681589256
  ],
  "braycurtis": [
    0.6344439230408259
  ],
  "dice": [
    0.4713874022231371
  ],
  "cosinus": [
    0.10760021207038672
  ]
}