{
  "voc_eval_res": {
    "precision": 68.1818,
    "recall": 31.6456,
    "f-score": 43.2277
  },
  "KL_res": {
    "KL divergence": 0.9660624751853338,
    "Euclidean Dist.": 0.0794508422649326,
    "WER": 0.5010141987829615,
    "CER": 0.3664988558352403,
    "Cosine Dist.": 0.032536128944457565
  },
  "occ_eval_res": {
    "precision": 80.9356,
    "recall": 62.0014,
    "f-score": 70.2144
  },
  "clean_eval": {
    "f-score": 31.74101855507303,
    "precision": 27.955493741307368,
    "recall": 36.71232876712329,
    "tp": 402,
    "fp": 1036,
    "fn": 693
  },
  "jaccard": [
    0.48633879781420764
  ],
  "braycurtis": [
    0.14569308633482383
  ],
  "dice": [
    0.3212996389891697
  ],
  "cosinus": [
    0.014217906729839247
  ]
}