{
  "voc_eval_res": {
    "precision": 50.0,
    "recall": 4.3278,
    "f-score": 7.9661
  },
  "KL_res": {
    "KL divergence": 4.731227655219749,
    "Euclidean Dist.": 0.28179636079789777,
    "WER": 0.9528301886792453,
    "CER": 0.8849395382924148,
    "Cosine Dist.": 0.6980667547351446
  },
  "occ_eval_res": {
    "precision": 54.5946,
    "recall": 5.2935,
    "f-score": 9.6512
  },
  "clean_eval": {
    "f-score": 3.991811668372569,
    "precision": 2.195945945945946,
    "recall": 21.910112359550563,
    "tp": 39,
    "fp": 1737,
    "fn": 139
  },
  "jaccard": [
    0.803030303030303
  ],
  "braycurtis": [
    0.7965367965367965
  ],
  "dice": [
    0.6708860759493671
  ],
  "cosinus": [
    0.2773673999686962
  ]
}