{
  "voc_eval_res": {
    "precision": 73.4568,
    "recall": 25.8696,
    "f-score": 38.2637
  },
  "KL_res": {
    "KL divergence": 1.4321469836381082,
    "Euclidean Dist.": 0.1423414734909357,
    "WER": 0.5838445807770961,
    "CER": 0.4664783707447599,
    "Cosine Dist.": 0.08321475233635278
  },
  "occ_eval_res": {
    "precision": 71.4685,
    "recall": 52.2495,
    "f-score": 60.3662
  },
  "clean_eval": {
    "f-score": 24.969696969696972,
    "precision": 21.707060063224446,
    "recall": 29.386590584878746,
    "tp": 206,
    "fp": 743,
    "fn": 495
  },
  "jaccard": [
    0.56477821695213
  ],
  "braycurtis": [
    0.25313240772096174
  ],
  "dice": [
    0.3935128518971848
  ],
  "cosinus": [
    0.07387806820427434
  ]
}