{
  "voc_eval_res": {
    "precision": 52.8889,
    "recall": 35.6643,
    "f-score": 42.6014
  },
  "KL_res": {
    "KL divergence": 1.5922565244750424,
    "Euclidean Dist.": 0.12307898784434165,
    "WER": 0.7456683168316832,
    "CER": 0.5518542983863357,
    "Cosine Dist.": 0.40240377740890765
  },
  "occ_eval_res": {
    "precision": 52.4143,
    "recall": 41.646,
    "f-score": 46.4138
  },
  "clean_eval": {
    "f-score": 34.95906016375935,
    "precision": 31.677419354838708,
    "recall": 38.99920571882446,
    "tp": 491,
    "fp": 1059,
    "fn": 768
  },
  "jaccard": [
    0.5459446214163195
  ],
  "braycurtis": [
    0.29683937823834194
  ],
  "dice": [
    0.3754634310751601
  ],
  "cosinus": [
    0.10417188680898715
  ]
}