{
  "voc_eval_res": {
    "precision": 37.6552,
    "recall": 23.1356,
    "f-score": 28.6614
  },
  "KL_res": {
    "KL divergence": 2.0467963292137554,
    "Euclidean Dist.": 0.12235311572167117,
    "WER": 0.8564614050303556,
    "CER": 0.6332971407889975,
    "Cosine Dist.": 0.6248250655495862
  },
  "occ_eval_res": {
    "precision": 41.8091,
    "recall": 25.4553,
    "f-score": 31.6442
  },
  "clean_eval": {
    "f-score": 16.907675194660733,
    "precision": 13.650651100134711,
    "recall": 22.20598977355734,
    "tp": 304,
    "fp": 1923,
    "fn": 1065
  },
  "jaccard": [
    0.5970833333333333
  ],
  "braycurtis": [
    0.29266146311600855
  ],
  "dice": [
    0.4256014256014256
  ],
  "cosinus": [
    0.11347560243541932
  ]
}