{
  "voc_eval_res": {
    "precision": 28.4615,
    "recall": 10.0181,
    "f-score": 14.8198
  },
  "KL_res": {
    "KL divergence": 2.5215612579861246,
    "Euclidean Dist.": 0.21444726708091277,
    "WER": 0.8322295805739515,
    "CER": 0.638432079297139,
    "Cosine Dist.": 0.19386758310219265
  },
  "occ_eval_res": {
    "precision": 39.3352,
    "recall": 23.5099,
    "f-score": 29.4301
  },
  "clean_eval": {
    "f-score": 7.6667895318835235,
    "precision": 6.011560693641618,
    "recall": 10.579857578840285,
    "tp": 104,
    "fp": 1626,
    "fn": 879
  },
  "jaccard": [
    0.6377820451272204
  ],
  "braycurtis": [
    0.37715037901139303
  ],
  "dice": [
    0.46819383259911895
  ],
  "cosinus": [
    0.14678129192364375
  ]
}