{
  "voc_eval_res": {
    "precision": 28.7671,
    "recall": 8.0769,
    "f-score": 12.6126
  },
  "KL_res": {
    "KL divergence": 4.953343668341258,
    "Euclidean Dist.": 0.24831228417641954,
    "WER": 0.921875,
    "CER": 0.6728016359918201,
    "Cosine Dist.": 0.7700517966472784
  },
  "occ_eval_res": {
    "precision": 22.7273,
    "recall": 9.375,
    "f-score": 13.2743
  },
  "clean_eval": {
    "f-score": 12.121212121212121,
    "precision": 8.633093525179856,
    "recall": 20.33898305084746,
    "tp": 24,
    "fp": 254,
    "fn": 94
  },
  "jaccard": [
    0.719954648526077
  ],
  "braycurtis": [
    0.5287112992855253
  ],
  "dice": [
    0.562444641275465
  ],
  "cosinus": [
    0.269378245587657
  ]
}