{
  "voc_eval_res": {
    "precision": 32.9114,
    "recall": 8.3067,
    "f-score": 13.2653
  },
  "KL_res": {
    "KL divergence": 4.731681800846192,
    "Euclidean Dist.": 0.22622431458969763,
    "WER": 0.917312661498708,
    "CER": 0.6980864635010631,
    "Cosine Dist.": 0.7369323187487853
  },
  "occ_eval_res": {
    "precision": 25.8278,
    "recall": 10.0775,
    "f-score": 14.4981
  },
  "clean_eval": {
    "f-score": 9.623430962343097,
    "precision": 6.824925816023739,
    "recall": 16.312056737588655,
    "tp": 23,
    "fp": 314,
    "fn": 118
  },
  "jaccard": [
    0.7283444387493593
  ],
  "braycurtis": [
    0.541386505912358
  ],
  "dice": [
    0.5727529222087868
  ],
  "cosinus": [
    0.25916966258122265
  ]
}