{
  "voc_eval_res": {
    "precision": 47.1154,
    "recall": 29.3413,
    "f-score": 36.1624
  },
  "KL_res": {
    "KL divergence": 2.820189919445003,
    "Euclidean Dist.": 0.1772728836092471,
    "WER": 0.8776758409785933,
    "CER": 0.7168241965973535,
    "Cosine Dist.": 0.3573427091696606
  },
  "occ_eval_res": {
    "precision": 43.8356,
    "recall": 39.1437,
    "f-score": 41.357
  },
  "clean_eval": {
    "f-score": 16.33333333333333,
    "precision": 15.755627009646304,
    "recall": 16.955017301038062,
    "tp": 49,
    "fp": 262,
    "fn": 240
  },
  "jaccard": [
    0.5448275862068965
  ],
  "braycurtis": [
    0.3390677025527192
  ],
  "dice": [
    0.3744075829383886
  ],
  "cosinus": [
    0.14067704176741724
  ]
}