{
  "voc_eval_res": {
    "precision": 73.0769,
    "recall": 28.7879,
    "f-score": 41.3043
  },
  "KL_res": {
    "KL divergence": 1.9613376474106525,
    "Euclidean Dist.": 0.21873175023960817,
    "WER": 0.5620915032679739,
    "CER": 0.4269583627381793,
    "Cosine Dist.": 0.07545585566769775
  },
  "occ_eval_res": {
    "precision": 74.5455,
    "recall": 53.5948,
    "f-score": 62.3574
  },
  "clean_eval": {
    "f-score": 45.559845559845556,
    "precision": 39.59731543624161,
    "recall": 53.63636363636364,
    "tp": 59,
    "fp": 90,
    "fn": 51
  },
  "jaccard": [
    0.574468085106383
  ],
  "braycurtis": [
    0.2287878787878788
  ],
  "dice": [
    0.40298507462686567
  ],
  "cosinus": [
    0.0565743040516129
  ]
}