{
  "voc_eval_res": {
    "precision": 73.2463,
    "recall": 58.5398,
    "f-score": 65.0725
  },
  "KL_res": {
    "KL divergence": 0.428850076809725,
    "Euclidean Dist.": 0.02637247709945287,
    "WER": 0.3549471661863593,
    "CER": 0.2737215661178661,
    "Cosine Dist.": 0.014269082981412051
  },
  "occ_eval_res": {
    "precision": 79.9211,
    "recall": 77.8098,
    "f-score": 78.8513
  },
  "clean_eval": {
    "f-score": 72.29330708661416,
    "precision": 71.48418491484185,
    "recall": 73.1209556993529,
    "tp": 1469,
    "fp": 586,
    "fn": 540
  },
  "jaccard": [
    0.3281944856211088
  ],
  "braycurtis": [
    0.08159530587346772
  ],
  "dice": [
    0.19631140273098066
  ],
  "cosinus": [
    0.004872428835182463
  ]
}