{
  "voc_eval_res": {
    "precision": 58.0645,
    "recall": 27.6923,
    "f-score": 37.5
  },
  "KL_res": {
    "KL divergence": 1.7915119165266737,
    "Euclidean Dist.": 0.1829467904653231,
    "WER": 0.5374149659863946,
    "CER": 0.39278420694349897,
    "Cosine Dist.": 0.049542678856276945
  },
  "occ_eval_res": {
    "precision": 69.4915,
    "recall": 55.7823,
    "f-score": 61.8868
  },
  "clean_eval": {
    "f-score": 59.09090909090909,
    "precision": 53.42465753424658,
    "recall": 66.10169491525424,
    "tp": 78,
    "fp": 68,
    "fn": 40
  },
  "jaccard": [
    0.5305232558139535
  ],
  "braycurtis": [
    0.20630372492836677
  ],
  "dice": [
    0.361028684470821
  ],
  "cosinus": [
    0.03682732079074813
  ]
}