{
  "voc_eval_res": {
    "precision": 67.2727,
    "recall": 38.5417,
    "f-score": 49.0066
  },
  "KL_res": {
    "KL divergence": 2.9214528308995518,
    "Euclidean Dist.": 0.13588195434664874,
    "WER": 0.6754385964912281,
    "CER": 0.5207253886010362,
    "Cosine Dist.": 0.3259230865220294
  },
  "occ_eval_res": {
    "precision": 68.254,
    "recall": 37.7193,
    "f-score": 48.5876
  },
  "clean_eval": {
    "f-score": 42.285714285714285,
    "precision": 32.17391304347826,
    "recall": 61.66666666666667,
    "tp": 37,
    "fp": 78,
    "fn": 23
  },
  "jaccard": [
    0.5345572354211663
  ],
  "braycurtis": [
    0.3553903345724907
  ],
  "dice": [
    0.3647752394988946
  ],
  "cosinus": [
    0.15604896355146192
  ]
}