{
  "voc_eval_res": {
    "precision": 47.4465,
    "recall": 19.407,
    "f-score": 27.5466
  },
  "KL_res": {
    "KL divergence": 2.410938371807328,
    "Euclidean Dist.": 0.0930279242147872,
    "WER": 0.7983870967741935,
    "CER": 0.6178183955961734,
    "Cosine Dist.": 0.3014590517409156
  },
  "occ_eval_res": {
    "precision": 43.4988,
    "recall": 26.186,
    "f-score": 32.6917
  },
  "clean_eval": {
    "f-score": 26.491340602950615,
    "precision": 21.898197242841995,
    "recall": 33.52272727272727,
    "tp": 413,
    "fp": 1473,
    "fn": 819
  },
  "jaccard": [
    0.5963808025177026
  ],
  "braycurtis": [
    0.3089697819711845
  ],
  "dice": [
    0.4248878923766816
  ],
  "cosinus": [
    0.072107038163709
  ]
}