{
  "voc_eval_res": {
    "precision": 26.4516,
    "recall": 3.5652,
    "f-score": 6.2835
  },
  "KL_res": {
    "KL divergence": 2.5375942693894453,
    "Euclidean Dist.": 0.0997662897997801,
    "WER": 0.980840963038318,
    "CER": 0.8994867534933396,
    "Cosine Dist.": 0.5695620750671797
  },
  "occ_eval_res": {
    "precision": 33.9706,
    "recall": 3.9166,
    "f-score": 7.0234
  },
  "clean_eval": {
    "f-score": 1.803252294316535,
    "precision": 1.0106478974914275,
    "recall": 8.358208955223882,
    "tp": 56,
    "fp": 5485,
    "fn": 614
  },
  "jaccard": [
    0.7698412698412699
  ],
  "braycurtis": [
    0.8111105339704966
  ],
  "dice": [
    0.6258064516129033
  ],
  "cosinus": [
    0.2098902415677809
  ]
}