{
  "voc_eval_res": {
    "precision": 75.8065,
    "recall": 33.0986,
    "f-score": 46.0784
  },
  "KL_res": {
    "KL divergence": 1.574719514780608,
    "Euclidean Dist.": 0.1282626083853734,
    "WER": 0.5431578947368421,
    "CER": 0.4647852147852148,
    "Cosine Dist.": 0.060702992445734294
  },
  "occ_eval_res": {
    "precision": 73.5119,
    "recall": 52.0,
    "f-score": 60.9125
  },
  "clean_eval": {
    "f-score": 36.855670103092784,
    "precision": 31.63716814159292,
    "recall": 44.135802469135804,
    "tp": 143,
    "fp": 309,
    "fn": 181
  },
  "jaccard": [
    0.5325288562434418
  ],
  "braycurtis": [
    0.2517246440628211
  ],
  "dice": [
    0.3628888094386843
  ],
  "cosinus": [
    0.05463549562298575
  ]
}