{
  "voc_eval_res": {
    "precision": 0.6928,
    "recall": 7.3171,
    "f-score": 1.2658
  },
  "KL_res": {
    "KL divergence": 6.13598384104562,
    "Euclidean Dist.": 0.17928837579599757,
    "WER": 43.473118279569896,
    "CER": 58.246130030959755,
    "Cosine Dist.": 0.9470128109696637
  },
  "occ_eval_res": {
    "precision": 0.1975,
    "recall": 8.6022,
    "f-score": 0.3861
  },
  "clean_eval": {
    "f-score": 0.10256410256410256,
    "precision": 2.5,
    "recall": 0.052356020942408384,
    "tp": 2,
    "fp": 78,
    "fn": 3818
  },
  "jaccard": [
    0.8575724439584472
  ],
  "braycurtis": [
    0.9741917331696337
  ],
  "dice": [
    0.7506580521655899
  ],
  "cosinus": [
    0.37529432699739396
  ]
}