{
  "voc_eval_res": {
    "precision": 62.8319,
    "recall": 25.9124,
    "f-score": 36.6925
  },
  "KL_res": {
    "KL divergence": 2.2484305033261367,
    "Euclidean Dist.": 0.16952751463088062,
    "WER": 0.70995670995671,
    "CER": 0.5914507772020725,
    "Cosine Dist.": 0.2636955305340041
  },
  "occ_eval_res": {
    "precision": 58.2192,
    "recall": 36.7965,
    "f-score": 45.0928
  },
  "clean_eval": {
    "f-score": 16.044260027662517,
    "precision": 13.18181818181818,
    "recall": 20.49469964664311,
    "tp": 58,
    "fp": 382,
    "fn": 225
  },
  "jaccard": [
    0.5846547314578006
  ],
  "braycurtis": [
    0.3420468948035488
  ],
  "dice": [
    0.4130827611131189
  ],
  "cosinus": [
    0.09198016717421564
  ]
}