{
  "voc_eval_res": {
    "precision": 26.8551,
    "recall": 31.5353,
    "f-score": 29.0076
  },
  "KL_res": {
    "KL divergence": 1.9523098894347315,
    "Euclidean Dist.": 0.11205610323438744,
    "WER": 1.1218905472636815,
    "CER": 0.7669584245076586,
    "Cosine Dist.": 0.18137224560146759
  },
  "occ_eval_res": {
    "precision": 35.9615,
    "recall": 46.5174,
    "f-score": 40.564
  },
  "clean_eval": {
    "f-score": 7.743153918791313,
    "precision": 7.374100719424461,
    "recall": 8.151093439363818,
    "tp": 41,
    "fp": 515,
    "fn": 462
  },
  "jaccard": [
    0.6906507791017416
  ],
  "braycurtis": [
    0.35132545512615776
  ],
  "dice": [
    0.527476373818691
  ],
  "cosinus": [
    0.25973894157118393
  ]
}