{
  "voc_eval_res": {
    "precision": 39.899,
    "recall": 2.4107,
    "f-score": 4.5468
  },
  "KL_res": {
    "KL divergence": 4.636301417611137,
    "Euclidean Dist.": 0.17785513677644763,
    "WER": 0.9838124054462934,
    "CER": 0.9252830622449566,
    "Cosine Dist.": 0.950050845210841
  },
  "occ_eval_res": {
    "precision": 37.7834,
    "recall": 2.2693,
    "f-score": 4.2814
  },
  "clean_eval": {
    "f-score": 1.062215477996965,
    "precision": 0.5644250927269795,
    "recall": 8.997429305912597,
    "tp": 35,
    "fp": 6166,
    "fn": 354
  },
  "jaccard": [
    0.8122932265366534
  ],
  "braycurtis": [
    0.8582185155167456
  ],
  "dice": [
    0.6839173141768069
  ],
  "cosinus": [
    0.21963532681886733
  ]
}