{
  "voc_eval_res": {
    "precision": 42.3611,
    "recall": 2.6603,
    "f-score": 5.0062
  },
  "KL_res": {
    "KL divergence": 4.501543674562779,
    "Euclidean Dist.": 0.184405249646917,
    "WER": 0.9766252739225713,
    "CER": 0.9186901027117624,
    "Cosine Dist.": 0.9152408610593887
  },
  "occ_eval_res": {
    "precision": 43.0712,
    "recall": 2.8001,
    "f-score": 5.2583
  },
  "clean_eval": {
    "f-score": 1.3906133598212067,
    "precision": 0.74290262669143,
    "recall": 10.852713178294573,
    "tp": 28,
    "fp": 3741,
    "fn": 230
  },
  "jaccard": [
    0.8155746284278836
  ],
  "braycurtis": [
    0.8484046692607004
  ],
  "dice": [
    0.688582537999293
  ],
  "cosinus": [
    0.2180360795463141
  ]
}