{
  "voc_eval_res": {
    "precision": 51.3636,
    "recall": 10.9284,
    "f-score": 18.0223
  },
  "KL_res": {
    "KL divergence": 4.732128439200304,
    "Euclidean Dist.": 0.33477873508972517,
    "WER": 0.8689000263782644,
    "CER": 0.6443935119887165,
    "Cosine Dist.": 0.8236561757297094
  },
  "occ_eval_res": {
    "precision": 56.752,
    "recall": 16.9612,
    "f-score": 26.117
  },
  "clean_eval": {
    "f-score": 6.863157894736843,
    "precision": 4.459644322845417,
    "recall": 14.885844748858448,
    "tp": 163,
    "fp": 3492,
    "fn": 932
  },
  "jaccard": [
    0.687202538339503
  ],
  "braycurtis": [
    0.42860877684407095
  ],
  "dice": [
    0.5234642497482377
  ],
  "cosinus": [
    0.4359255996381616
  ]
}