{
  "voc_eval_res": {
    "precision": 73.1481,
    "recall": 30.4432,
    "f-score": 42.9932
  },
  "KL_res": {
    "KL divergence": 1.3465013760055295,
    "Euclidean Dist.": 0.10615189517120847,
    "WER": 0.6151785714285715,
    "CER": 0.509009009009009,
    "Cosine Dist.": 0.0678171410735926
  },
  "occ_eval_res": {
    "precision": 77.2538,
    "recall": 49.7321,
    "f-score": 60.5106
  },
  "clean_eval": {
    "f-score": 36.85368536853685,
    "precision": 30.316742081447963,
    "recall": 46.984572230014024,
    "tp": 335,
    "fp": 770,
    "fn": 378
  },
  "jaccard": [
    0.4985349518627041
  ],
  "braycurtis": [
    0.22079087354995833
  ],
  "dice": [
    0.3320323390019515
  ],
  "cosinus": [
    0.034524171363625844
  ]
}