{
  "voc_eval_res": {
    "precision": 44.0,
    "recall": 12.0219,
    "f-score": 18.8841
  },
  "KL_res": {
    "KL divergence": 2.783266854746608,
    "Euclidean Dist.": 0.3624698217002233,
    "WER": 0.8459530026109661,
    "CER": 0.690268247036806,
    "Cosine Dist.": 0.5540334449987908
  },
  "occ_eval_res": {
    "precision": 55.0725,
    "recall": 19.8433,
    "f-score": 29.1747
  },
  "clean_eval": {
    "f-score": 11.023622047244091,
    "precision": 7.506702412868632,
    "recall": 20.74074074074074,
    "tp": 28,
    "fp": 345,
    "fn": 107
  },
  "jaccard": [
    0.6790874524714829
  ],
  "braycurtis": [
    0.47895310796074153
  ],
  "dice": [
    0.514104778353483
  ],
  "cosinus": [
    0.18728244876094524
  ]
}