{
  "voc_eval_res": {
    "precision": 86.1702,
    "recall": 37.5,
    "f-score": 52.2581
  },
  "KL_res": {
    "KL divergence": 1.8607190671964167,
    "Euclidean Dist.": 0.17310337439480186,
    "WER": 0.6028169014084507,
    "CER": 0.4894845360824742,
    "Cosine Dist.": 0.16128581478177995
  },
  "occ_eval_res": {
    "precision": 83.2432,
    "recall": 43.3803,
    "f-score": 57.037
  },
  "clean_eval": {
    "f-score": 52.20729366602688,
    "precision": 39.650145772594755,
    "recall": 76.40449438202246,
    "tp": 136,
    "fp": 207,
    "fn": 42
  },
  "jaccard": [
    0.49965823650034175
  ],
  "braycurtis": [
    0.31539649845520085
  ],
  "dice": [
    0.33302961275626425
  ],
  "cosinus": [
    0.10878780351284478
  ]
}