{
  "voc_eval_res": {
    "precision": 37.8378,
    "recall": 12.4444,
    "f-score": 18.7291
  },
  "KL_res": {
    "KL divergence": 3.639861269597553,
    "Euclidean Dist.": 0.2535752424123553,
    "WER": 0.8408304498269896,
    "CER": 0.6186198448346264,
    "Cosine Dist.": 0.20745185084693085
  },
  "occ_eval_res": {
    "precision": 29.4372,
    "recall": 23.5294,
    "f-score": 26.1538
  },
  "clean_eval": {
    "f-score": 6.967213114754099,
    "precision": 6.614785992217899,
    "recall": 7.35930735930736,
    "tp": 17,
    "fp": 240,
    "fn": 214
  },
  "jaccard": [
    0.6954976303317536
  ],
  "braycurtis": [
    0.4097408400357462
  ],
  "dice": [
    0.5331516802906449
  ],
  "cosinus": [
    0.1816664184619048
  ]
}