{
  "voc_eval_res": {
    "precision": 46.6207,
    "recall": 45.614,
    "f-score": 46.1119
  },
  "KL_res": {
    "KL divergence": 1.268991802201778,
    "Euclidean Dist.": 0.0504313402136834,
    "WER": 0.7941888619854721,
    "CER": 0.5548757530120482,
    "Cosine Dist.": 0.17718911731872278
  },
  "occ_eval_res": {
    "precision": 49.0028,
    "recall": 55.5287,
    "f-score": 52.0621
  },
  "clean_eval": {
    "f-score": 41.53550863723608,
    "precision": 43.77022653721683,
    "recall": 39.51789627465303,
    "tp": 541,
    "fp": 695,
    "fn": 828
  },
  "jaccard": [
    0.44372171945701355
  ],
  "braycurtis": [
    0.20351108185209568
  ],
  "dice": [
    0.28511720879520264
  ],
  "cosinus": [
    0.04459988364046352
  ]
}