{
  "voc_eval_res": {
    "precision": 48.7319,
    "recall": 36.5489,
    "f-score": 41.7702
  },
  "KL_res": {
    "KL divergence": 1.8012222810625182,
    "Euclidean Dist.": 0.06245282571585086,
    "WER": 0.7283185840707964,
    "CER": 0.5365215571368773,
    "Cosine Dist.": 0.3375165049548261
  },
  "occ_eval_res": {
    "precision": 50.3696,
    "recall": 42.2124,
    "f-score": 45.9316
  },
  "clean_eval": {
    "f-score": 36.75513269904857,
    "precision": 33.762649494020245,
    "recall": 40.32967032967033,
    "tp": 367,
    "fp": 720,
    "fn": 543
  },
  "jaccard": [
    0.44368600682593856
  ],
  "braycurtis": [
    0.2272472539789285
  ],
  "dice": [
    0.2850877192982456
  ],
  "cosinus": [
    0.07342712808536966
  ]
}