{
  "voc_eval_res": {
    "precision": 73.2759,
    "recall": 36.4807,
    "f-score": 48.7106
  },
  "KL_res": {
    "KL divergence": 1.4664343318917534,
    "Euclidean Dist.": 0.13730689739013588,
    "WER": 0.58719646799117,
    "CER": 0.47944794479447944,
    "Cosine Dist.": 0.11853652590791064
  },
  "occ_eval_res": {
    "precision": 77.1331,
    "recall": 49.8896,
    "f-score": 60.5898
  },
  "clean_eval": {
    "f-score": 31.636863823933975,
    "precision": 26.136363636363637,
    "recall": 40.069686411149824,
    "tp": 115,
    "fp": 325,
    "fn": 172
  },
  "jaccard": [
    0.489589905362776
  ],
  "braycurtis": [
    0.2471655328798186
  ],
  "dice": [
    0.3241436925647452
  ],
  "cosinus": [
    0.0503106510558754
  ]
}