{
  "voc_eval_res": {
    "precision": 10.6457,
    "recall": 0.7164,
    "f-score": 1.3424
  },
  "KL_res": {
    "KL divergence": 2.8499756127692124,
    "Euclidean Dist.": 0.10186853503602104,
    "WER": 0.9909373855730501,
    "CER": 0.9047228249260829,
    "Cosine Dist.": 0.7975688667774721
  },
  "occ_eval_res": {
    "precision": 12.0859,
    "recall": 1.2358,
    "f-score": 2.2423
  },
  "clean_eval": {
    "f-score": 0.3265898575705343,
    "precision": 0.18101367658889783,
    "recall": 1.6682113067655238,
    "tp": 18,
    "fp": 9926,
    "fn": 1061
  },
  "jaccard": [
    0.7699183832102604
  ],
  "braycurtis": [
    0.8171320784846005
  ],
  "dice": [
    0.6259083728278041
  ],
  "cosinus": [
    0.19921891935478264
  ]
}