{
  "voc_eval_res": {
    "precision": 15.6168,
    "recall": 1.3418,
    "f-score": 2.4712
  },
  "KL_res": {
    "KL divergence": 2.7479682205778375,
    "Euclidean Dist.": 0.14587178728383465,
    "WER": 0.9878833458678031,
    "CER": 0.8749960919995414,
    "Cosine Dist.": 0.846280118287851
  },
  "occ_eval_res": {
    "precision": 14.4144,
    "recall": 2.2729,
    "f-score": 3.9267
  },
  "clean_eval": {
    "f-score": 0.14257425742574256,
    "precision": 0.08358098068350668,
    "recall": 0.48465266558966075,
    "tp": 9,
    "fp": 10759,
    "fn": 1848
  },
  "jaccard": [
    0.7523843586075346
  ],
  "braycurtis": [
    0.7654283869940842
  ],
  "dice": [
    0.603057811753464
  ],
  "cosinus": [
    0.22405090249406956
  ]
}