{
  "voc_eval_res": {
    "precision": 13.6752,
    "recall": 5.1864,
    "f-score": 7.5206
  },
  "KL_res": {
    "KL divergence": 4.1314429986297165,
    "Euclidean Dist.": 0.15931271860931567,
    "WER": 0.971815107102593,
    "CER": 0.7933218192285549,
    "Cosine Dist.": 0.6658631802033832
  },
  "occ_eval_res": {
    "precision": 18.4953,
    "recall": 6.6516,
    "f-score": 9.7844
  },
  "clean_eval": {
    "f-score": 0.709849157054126,
    "precision": 0.48367593712212814,
    "recall": 1.3333333333333335,
    "tp": 4,
    "fp": 823,
    "fn": 296
  },
  "jaccard": [
    0.7688370770543076
  ],
  "braycurtis": [
    0.6334134615384616
  ],
  "dice": [
    0.6244803695150115
  ],
  "cosinus": [
    0.27266874305976263
  ]
}