{
  "voc_eval_res": {
    "precision": 32.8767,
    "recall": 11.0092,
    "f-score": 16.4948
  },
  "KL_res": {
    "KL divergence": 4.601140092093813,
    "Euclidean Dist.": 0.2443309618950185,
    "WER": 0.8861209964412812,
    "CER": 0.6645476772616137,
    "Cosine Dist.": 0.7095504322362177
  },
  "occ_eval_res": {
    "precision": 28.7879,
    "recall": 13.5231,
    "f-score": 18.4019
  },
  "clean_eval": {
    "f-score": 17.464788732394368,
    "precision": 13.080168776371309,
    "recall": 26.27118644067797,
    "tp": 31,
    "fp": 206,
    "fn": 87
  },
  "jaccard": [
    0.6765983860955928
  ],
  "braycurtis": [
    0.5084594835262689
  ],
  "dice": [
    0.5112570356472795
  ],
  "cosinus": [
    0.338501379224488
  ]
}