{
  "voc_eval_res": {
    "precision": 18.7879,
    "recall": 20.5298,
    "f-score": 19.6203
  },
  "KL_res": {
    "KL divergence": 1.5565029493592737,
    "Euclidean Dist.": 0.18738418353973935,
    "WER": 0.9762611275964391,
    "CER": 0.6855491329479769,
    "Cosine Dist.": 0.1898069761074499
  },
  "occ_eval_res": {
    "precision": 39.951,
    "recall": 48.368,
    "f-score": 43.7584
  },
  "clean_eval": {
    "f-score": 2.9569892473118276,
    "precision": 3.1791907514450863,
    "recall": 2.763819095477387,
    "tp": 11,
    "fp": 335,
    "fn": 387
  },
  "jaccard": [
    0.7348387096774194
  ],
  "braycurtis": [
    0.2701678397401191
  ],
  "dice": [
    0.5808261091279959
  ],
  "cosinus": [
    0.03633927673401227
  ]
}