{
  "voc_eval_res": {
    "precision": 30.1136,
    "recall": 11.6484,
    "f-score": 16.7987
  },
  "KL_res": {
    "KL divergence": 3.725802046627053,
    "Euclidean Dist.": 0.15809617616528263,
    "WER": 0.8798151001540832,
    "CER": 0.6893077066616906,
    "Cosine Dist.": 0.6230093697117061
  },
  "occ_eval_res": {
    "precision": 28.6127,
    "recall": 15.2542,
    "f-score": 19.8995
  },
  "clean_eval": {
    "f-score": 10.158730158730158,
    "precision": 7.894736842105263,
    "recall": 14.243323442136498,
    "tp": 48,
    "fp": 560,
    "fn": 289
  },
  "jaccard": [
    0.6471935853379153
  ],
  "braycurtis": [
    0.4521147301895965
  ],
  "dice": [
    0.47840812870448773
  ],
  "cosinus": [
    0.14651422625870347
  ]
}