{
  "voc_eval_res": {
    "precision": 42.9245,
    "recall": 3.6532,
    "f-score": 6.7333
  },
  "KL_res": {
    "KL divergence": 3.213316779070364,
    "Euclidean Dist.": 0.24355567051412097,
    "WER": 0.9293893129770993,
    "CER": 0.8042147322291681,
    "Cosine Dist.": 0.5094491051287544
  },
  "occ_eval_res": {
    "precision": 35.0497,
    "recall": 9.2557,
    "f-score": 14.6443
  },
  "clean_eval": {
    "f-score": 1.4943457189014537,
    "precision": 0.94147582697201,
    "recall": 3.6203522504892365,
    "tp": 37,
    "fp": 3893,
    "fn": 985
  },
  "jaccard": [
    0.7445735584301688
  ],
  "braycurtis": [
    0.6698708935191103
  ],
  "dice": [
    0.5930841774362556
  ],
  "cosinus": [
    0.27796294038090164
  ]
}