{
  "voc_eval_res": {
    "precision": 7.6923,
    "recall": 8.4034,
    "f-score": 8.0321
  },
  "KL_res": {
    "KL divergence": 5.722393631263826,
    "Euclidean Dist.": 0.3372716749662323,
    "WER": 2.943548387096774,
    "CER": 3.084763948497854,
    "Cosine Dist.": 0.7773979118200649
  },
  "occ_eval_res": {
    "precision": 3.2086,
    "recall": 9.6774,
    "f-score": 4.8193
  },
  "clean_eval": {
    "f-score": 2.4489795918367347,
    "precision": 4.838709677419355,
    "recall": 1.639344262295082,
    "tp": 6,
    "fp": 118,
    "fn": 360
  },
  "jaccard": [
    0.7273291925465839
  ],
  "braycurtis": [
    0.7549638989169675
  ],
  "dice": [
    0.5714982918496828
  ],
  "cosinus": [
    0.3990664107639338
  ]
}