{
  "voc_eval_res": {
    "precision": 2.4691,
    "recall": 6.7797,
    "f-score": 3.6199
  },
  "KL_res": {
    "KL divergence": 6.536611585010708,
    "Euclidean Dist.": 0.2228417257546127,
    "WER": 6.033898305084746,
    "CER": 6.688372093023256,
    "Cosine Dist.": 0.8976196364257045
  },
  "occ_eval_res": {
    "precision": 1.1142,
    "recall": 6.7797,
    "f-score": 1.9139
  },
  "clean_eval": {
    "f-score": 1.4888337468982633,
    "precision": 5.357142857142857,
    "recall": 0.8645533141210375,
    "tp": 3,
    "fp": 53,
    "fn": 344
  },
  "jaccard": [
    0.801819363222872
  ],
  "braycurtis": [
    0.8498908296943232
  ],
  "dice": [
    0.6691973969631236
  ],
  "cosinus": [
    0.4127890164313913
  ]
}