{
  "voc_eval_res": {
    "precision": 68.5484,
    "recall": 37.6106,
    "f-score": 48.5714
  },
  "KL_res": {
    "KL divergence": 1.2999386487386717,
    "Euclidean Dist.": 0.10395038068122356,
    "WER": 0.5896860986547086,
    "CER": 0.4633514023096865,
    "Cosine Dist.": 0.10065445600317935
  },
  "occ_eval_res": {
    "precision": 72.8097,
    "recall": 54.0359,
    "f-score": 62.0335
  },
  "clean_eval": {
    "f-score": 35.43307086614173,
    "precision": 31.105990783410135,
    "recall": 41.15853658536585,
    "tp": 135,
    "fp": 299,
    "fn": 193
  },
  "jaccard": [
    0.48683440608543005
  ],
  "braycurtis": [
    0.2313124583610926
  ],
  "dice": [
    0.3217324052590874
  ],
  "cosinus": [
    0.0679719438441001
  ]
}