{
  "voc_eval_res": {
    "precision": 42.5,
    "recall": 9.7143,
    "f-score": 15.814
  },
  "KL_res": {
    "KL divergence": 4.917608842927753,
    "Euclidean Dist.": 0.36904701121885203,
    "WER": 0.9015748031496063,
    "CER": 0.7281455280444669,
    "Cosine Dist.": 0.6969427732635731
  },
  "occ_eval_res": {
    "precision": 30.8411,
    "recall": 12.9921,
    "f-score": 18.2825
  },
  "clean_eval": {
    "f-score": 14.237288135593218,
    "precision": 10.880829015544041,
    "recall": 20.588235294117645,
    "tp": 21,
    "fp": 172,
    "fn": 81
  },
  "jaccard": [
    0.7791164658634538
  ],
  "braycurtis": [
    0.5636762860727729
  ],
  "dice": [
    0.6381578947368421
  ],
  "cosinus": [
    0.3616582544231842
  ]
}