{
  "voc_eval_res": {
    "precision": 37.5,
    "recall": 12.6984,
    "f-score": 18.9723
  },
  "KL_res": {
    "KL divergence": 3.879320405273374,
    "Euclidean Dist.": 0.26343770949354317,
    "WER": 0.841897233201581,
    "CER": 0.6100422336931018,
    "Cosine Dist.": 0.340217376451032
  },
  "occ_eval_res": {
    "precision": 31.6384,
    "recall": 22.1344,
    "f-score": 26.0465
  },
  "clean_eval": {
    "f-score": 23.20987654320988,
    "precision": 20.614035087719298,
    "recall": 26.55367231638418,
    "tp": 47,
    "fp": 181,
    "fn": 130
  },
  "jaccard": [
    0.6862361382909328
  ],
  "braycurtis": [
    0.41788743253662297
  ],
  "dice": [
    0.522343594836147
  ],
  "cosinus": [
    0.18365526903866836
  ]
}