{
  "voc_eval_res": {
    "precision": 33.6283,
    "recall": 2.9389,
    "f-score": 5.4054
  },
  "KL_res": {
    "KL divergence": 4.377981048676999,
    "Euclidean Dist.": 0.301616131984069,
    "WER": 0.9619516562220233,
    "CER": 0.8394821458791674,
    "Cosine Dist.": 0.7183325125251652
  },
  "occ_eval_res": {
    "precision": 36.1111,
    "recall": 5.2372,
    "f-score": 9.1478
  },
  "clean_eval": {
    "f-score": 0.24660912453760786,
    "precision": 0.14197823000473261,
    "recall": 0.9375,
    "tp": 3,
    "fp": 2110,
    "fn": 317
  },
  "jaccard": [
    0.811554332874828
  ],
  "braycurtis": [
    0.7159426257635029
  ],
  "dice": [
    0.6828703703703703
  ],
  "cosinus": [
    0.3554607749697972
  ]
}