{
  "voc_eval_res": {
    "precision": 64.5833,
    "recall": 35.6322,
    "f-score": 45.9259
  },
  "KL_res": {
    "KL divergence": 2.2944122219881806,
    "Euclidean Dist.": 0.11793406776805188,
    "WER": 0.6524822695035462,
    "CER": 0.48996939816388985,
    "Cosine Dist.": 0.25695523156895694
  },
  "occ_eval_res": {
    "precision": 62.9213,
    "recall": 39.7163,
    "f-score": 48.6957
  },
  "clean_eval": {
    "f-score": 30.630630630630627,
    "precision": 25.0,
    "recall": 39.53488372093023,
    "tp": 102,
    "fp": 306,
    "fn": 156
  },
  "jaccard": [
    0.48755066589461493
  ],
  "braycurtis": [
    0.2728155339805825
  ],
  "dice": [
    0.3223583460949464
  ],
  "cosinus": [
    0.07015854985872494
  ]
}