{
  "voc_eval_res": {
    "precision": 35.8974,
    "recall": 29.7872,
    "f-score": 32.5581
  },
  "KL_res": {
    "KL divergence": 3.8477866538656906,
    "Euclidean Dist.": 0.19189618350168558,
    "WER": 0.8979591836734694,
    "CER": 0.6976190476190476,
    "Cosine Dist.": 0.4273265560466253
  },
  "occ_eval_res": {
    "precision": 36.3636,
    "recall": 32.6531,
    "f-score": 34.4086
  },
  "clean_eval": {
    "f-score": 18.823529411764707,
    "precision": 17.02127659574468,
    "recall": 21.052631578947366,
    "tp": 8,
    "fp": 39,
    "fn": 30
  },
  "jaccard": [
    0.6742209631728046
  ],
  "braycurtis": [
    0.5186206896551724
  ],
  "dice": [
    0.5085470085470085
  ],
  "cosinus": [
    0.2986061731519529
  ]
}