{
  "voc_eval_res": {
    "precision": 45.2381,
    "recall": 21.1111,
    "f-score": 28.7879
  },
  "KL_res": {
    "KL divergence": 2.6480412283781907,
    "Euclidean Dist.": 0.2975786595870577,
    "WER": 0.7208029197080292,
    "CER": 0.5880547686496695,
    "Cosine Dist.": 0.23972189237856334
  },
  "occ_eval_res": {
    "precision": 52.968,
    "recall": 42.3358,
    "f-score": 47.0588
  },
  "clean_eval": {
    "f-score": 9.979633401221998,
    "precision": 8.990825688073395,
    "recall": 11.212814645308924,
    "tp": 49,
    "fp": 496,
    "fn": 388
  },
  "jaccard": [
    0.5347003154574133
  ],
  "braycurtis": [
    0.4086506567599841
  ],
  "dice": [
    0.36490850376749195
  ],
  "cosinus": [
    0.33616032771943594
  ]
}