{
  "voc_eval_res": {
    "precision": 59.697,
    "recall": 44.6206,
    "f-score": 51.0693
  },
  "KL_res": {
    "KL divergence": 0.6003975640291314,
    "Euclidean Dist.": 0.0691147009618119,
    "WER": 0.46733282090699463,
    "CER": 0.34923205033308663,
    "Cosine Dist.": 0.008167197531432802
  },
  "occ_eval_res": {
    "precision": 72.8414,
    "recall": 71.3297,
    "f-score": 72.0777
  },
  "clean_eval": {
    "f-score": 44.62279293739968,
    "precision": 44.24990051730999,
    "recall": 45.00202347227843,
    "tp": 1112,
    "fp": 1401,
    "fn": 1359
  },
  "jaccard": [
    0.41187785525366677
  ],
  "braycurtis": [
    0.10339953031304863
  ],
  "dice": [
    0.25934897804693413
  ],
  "cosinus": [
    0.005284297253693393
  ]
}