{
  "voc_eval_res": {
    "precision": 64.32,
    "recall": 46.0481,
    "f-score": 53.6716
  },
  "KL_res": {
    "KL divergence": 0.7739336197258069,
    "Euclidean Dist.": 0.056687346883824256,
    "WER": 0.4860914662894861,
    "CER": 0.34146609517529397,
    "Cosine Dist.": 0.06178257723895497
  },
  "occ_eval_res": {
    "precision": 71.3851,
    "recall": 66.3366,
    "f-score": 68.7683
  },
  "clean_eval": {
    "f-score": 52.29499742135122,
    "precision": 50.34756703078451,
    "recall": 54.39914163090128,
    "tp": 1014,
    "fp": 1000,
    "fn": 850
  },
  "jaccard": [
    0.39483486466352125
  ],
  "braycurtis": [
    0.11130358272154857
  ],
  "dice": [
    0.24597772277227722
  ],
  "cosinus": [
    0.011682194953962055
  ]
}