{
  "voc_eval_res": {
    "precision": 54.5455,
    "recall": 19.7674,
    "f-score": 29.0185
  },
  "KL_res": {
    "KL divergence": 2.1009730880026103,
    "Euclidean Dist.": 0.1666562466406931,
    "WER": 0.7497467071935157,
    "CER": 0.5766703176341731,
    "Cosine Dist.": 0.1964827758163762
  },
  "occ_eval_res": {
    "precision": 50.7779,
    "recall": 36.3728,
    "f-score": 42.3849
  },
  "clean_eval": {
    "f-score": 17.847025495750707,
    "precision": 16.258064516129032,
    "recall": 19.78021978021978,
    "tp": 126,
    "fp": 649,
    "fn": 511
  },
  "jaccard": [
    0.6408018105399289
  ],
  "braycurtis": [
    0.33345713861239046
  ],
  "dice": [
    0.4714557564224548
  ],
  "cosinus": [
    0.10949267012126074
  ]
}