{
  "voc_eval_res": {
    "precision": 57.4074,
    "recall": 20.4216,
    "f-score": 30.1263
  },
  "KL_res": {
    "KL divergence": 2.903996311683388,
    "Euclidean Dist.": 0.4258456355929321,
    "WER": 0.851685393258427,
    "CER": 0.6615952466690673,
    "Cosine Dist.": 0.8425992830447065
  },
  "occ_eval_res": {
    "precision": 39.9184,
    "recall": 21.9775,
    "f-score": 28.3478
  },
  "clean_eval": {
    "f-score": 10.445370073694328,
    "precision": 7.69593956562795,
    "recall": 16.25124626121635,
    "tp": 163,
    "fp": 1955,
    "fn": 840
  },
  "jaccard": [
    0.6114935648009578
  ],
  "braycurtis": [
    0.49164854485726184
  ],
  "dice": [
    0.44039663720629446
  ],
  "cosinus": [
    0.6092938233392193
  ]
}