{
  "voc_eval_res": {
    "precision": 32.4786,
    "recall": 20.8219,
    "f-score": 25.3756
  },
  "KL_res": {
    "KL divergence": 2.952201580670691,
    "Euclidean Dist.": 0.10179627471494415,
    "WER": 0.8731501057082452,
    "CER": 0.6782246879334258,
    "Cosine Dist.": 0.2536479200822471
  },
  "occ_eval_res": {
    "precision": 38.2445,
    "recall": 25.7928,
    "f-score": 30.8081
  },
  "clean_eval": {
    "f-score": 4.717948717948718,
    "precision": 3.4074074074074074,
    "recall": 7.666666666666666,
    "tp": 23,
    "fp": 652,
    "fn": 277
  },
  "jaccard": [
    0.6678953188352378
  ],
  "braycurtis": [
    0.4534150297350874
  ],
  "dice": [
    0.5013835085777532
  ],
  "cosinus": [
    0.45486926578716924
  ]
}