{
  "voc_eval_res": {
    "precision": 53.3333,
    "recall": 19.3548,
    "f-score": 28.4024
  },
  "KL_res": {
    "KL divergence": 2.9448348814004772,
    "Euclidean Dist.": 0.4296338559023783,
    "WER": 0.8524444444444444,
    "CER": 0.6629213483146067,
    "Cosine Dist.": 0.8433856504764008
  },
  "occ_eval_res": {
    "precision": 39.9184,
    "recall": 21.7333,
    "f-score": 28.1439
  },
  "clean_eval": {
    "f-score": 10.241730279898217,
    "precision": 7.51985053713218,
    "recall": 16.051844466600198,
    "tp": 161,
    "fp": 1980,
    "fn": 842
  },
  "jaccard": [
    0.6258423674186933
  ],
  "braycurtis": [
    0.49078479375490786
  ],
  "dice": [
    0.4554371002132196
  ],
  "cosinus": [
    0.6142907828460589
  ]
}