{
  "voc_eval_res": {
    "precision": 56.0,
    "recall": 26.9231,
    "f-score": 36.3636
  },
  "KL_res": {
    "KL divergence": 3.1269114484462364,
    "Euclidean Dist.": 0.16043049684647329,
    "WER": 0.7767441860465116,
    "CER": 0.6604161902584038,
    "Cosine Dist.": 0.3003791070839481
  },
  "occ_eval_res": {
    "precision": 62.9771,
    "recall": 25.5814,
    "f-score": 36.3837
  },
  "clean_eval": {
    "f-score": 27.480916030534345,
    "precision": 20.074349442379184,
    "recall": 43.54838709677419,
    "tp": 108,
    "fp": 430,
    "fn": 140
  },
  "jaccard": [
    0.5788643533123028
  ],
  "braycurtis": [
    0.47142196887998766
  ],
  "dice": [
    0.40732519422863483
  ],
  "cosinus": [
    0.2731016347743913
  ]
}