{
  "voc_eval_res": {
    "precision": 63.0573,
    "recall": 28.5714,
    "f-score": 39.3247
  },
  "KL_res": {
    "KL divergence": 1.795707402843017,
    "Euclidean Dist.": 0.11557653847357587,
    "WER": 0.7339622641509433,
    "CER": 0.6134259259259259,
    "Cosine Dist.": 0.18554609596731864
  },
  "occ_eval_res": {
    "precision": 68.7247,
    "recall": 42.7044,
    "f-score": 52.6765
  },
  "clean_eval": {
    "f-score": 29.504417979254704,
    "precision": 23.543838136112814,
    "recall": 39.50617283950617,
    "tp": 384,
    "fp": 1247,
    "fn": 588
  },
  "jaccard": [
    0.5108695652173914
  ],
  "braycurtis": [
    0.26474061960570544
  ],
  "dice": [
    0.34306569343065696
  ],
  "cosinus": [
    0.068338596660514
  ]
}