{
  "voc_eval_res": {
    "precision": 68.7664,
    "recall": 51.5748,
    "f-score": 58.9426
  },
  "KL_res": {
    "KL divergence": 0.854455518828238,
    "Euclidean Dist.": 0.07277658385744325,
    "WER": 0.6427813163481954,
    "CER": 0.48080078765999346,
    "Cosine Dist.": 0.09026922201215781
  },
  "occ_eval_res": {
    "precision": 63.5207,
    "recall": 63.5881,
    "f-score": 63.5544
  },
  "clean_eval": {
    "f-score": 42.16867469879518,
    "precision": 39.473684210526315,
    "recall": 45.258620689655174,
    "tp": 840,
    "fp": 1288,
    "fn": 1016
  },
  "jaccard": [
    0.3761693746922698
  ],
  "braycurtis": [
    0.16604995374653098
  ],
  "dice": [
    0.23165554881746514
  ],
  "cosinus": [
    0.060950930477983056
  ]
}