{
  "voc_eval_res": {
    "precision": 68.6207,
    "recall": 69.338,
    "f-score": 68.9775
  },
  "KL_res": {
    "KL divergence": 0.3263555343028558,
    "Euclidean Dist.": 0.028816185247453042,
    "WER": 0.3388829215896885,
    "CER": 0.2738357223576994,
    "Cosine Dist.": 0.013772589496047316
  },
  "occ_eval_res": {
    "precision": 81.8707,
    "recall": 83.6735,
    "f-score": 82.7623
  },
  "clean_eval": {
    "f-score": 68.17305042711492,
    "precision": 68.83695047301057,
    "recall": 67.52183406113537,
    "tp": 1237,
    "fp": 560,
    "fn": 595
  },
  "jaccard": [
    0.2638546798029557
  ],
  "braycurtis": [
    0.07471366158932578
  ],
  "dice": [
    0.15197730093988296
  ],
  "cosinus": [
    0.005494859925373685
  ]
}