{
  "voc_eval_res": {
    "precision": 82.9787,
    "recall": 43.3333,
    "f-score": 56.9343
  },
  "KL_res": {
    "KL divergence": 1.6598547929466347,
    "Euclidean Dist.": 0.15691197809298404,
    "WER": 0.5822784810126582,
    "CER": 0.4761688606445756,
    "Cosine Dist.": 0.13311628804163522
  },
  "occ_eval_res": {
    "precision": 81.6216,
    "recall": 47.7848,
    "f-score": 60.2794
  },
  "clean_eval": {
    "f-score": 56.7287784679089,
    "precision": 44.91803278688525,
    "recall": 76.96629213483146,
    "tp": 137,
    "fp": 168,
    "fn": 41
  },
  "jaccard": [
    0.4565548780487805
  ],
  "braycurtis": [
    0.28446628446628447
  ],
  "dice": [
    0.2958024691358025
  ],
  "cosinus": [
    0.08262960285963672
  ]
}