{
  "voc_eval_res": {
    "precision": 86.1702,
    "recall": 39.7059,
    "f-score": 54.3624
  },
  "KL_res": {
    "KL divergence": 1.7567587297065268,
    "Euclidean Dist.": 0.17132743330867842,
    "WER": 0.5872093023255814,
    "CER": 0.4761502743773744,
    "Cosine Dist.": 0.16462259785699607
  },
  "occ_eval_res": {
    "precision": 83.7838,
    "recall": 45.0581,
    "f-score": 58.6011
  },
  "clean_eval": {
    "f-score": 54.223968565815326,
    "precision": 41.69184290030212,
    "recall": 77.52808988764045,
    "tp": 138,
    "fp": 193,
    "fn": 40
  },
  "jaccard": [
    0.46397058823529413
  ],
  "braycurtis": [
    0.3004449097095001
  ],
  "dice": [
    0.30205840114887506
  ],
  "cosinus": [
    0.10390893842287074
  ]
}