{
  "voc_eval_res": {
    "precision": 80.0905,
    "recall": 58.4158,
    "f-score": 67.5573
  },
  "KL_res": {
    "KL divergence": 0.41488907552529253,
    "Euclidean Dist.": 0.04578624794955201,
    "WER": 0.5157790927021696,
    "CER": 0.4691839779639619,
    "Cosine Dist.": 0.019519464166501965
  },
  "occ_eval_res": {
    "precision": 90.0929,
    "recall": 57.3964,
    "f-score": 70.1205
  },
  "clean_eval": {
    "f-score": 43.60716491661519,
    "precision": 35.72874493927126,
    "recall": 55.942947702060216,
    "tp": 353,
    "fp": 635,
    "fn": 278
  },
  "jaccard": [
    0.3102636534839925
  ],
  "braycurtis": [
    0.24608858911063208
  ],
  "dice": [
    0.18361660629701868
  ],
  "cosinus": [
    0.011231897580142092
  ]
}