{
  "voc_eval_res": {
    "precision": 72.7969,
    "recall": 53.3708,
    "f-score": 61.5883
  },
  "KL_res": {
    "KL divergence": 0.41000088991324857,
    "Euclidean Dist.": 0.04616854402170874,
    "WER": 0.5305367057371992,
    "CER": 0.4824169017961599,
    "Cosine Dist.": 0.006241939691758569
  },
  "occ_eval_res": {
    "precision": 89.4632,
    "recall": 55.5213,
    "f-score": 68.5192
  },
  "clean_eval": {
    "f-score": 33.12645461598137,
    "precision": 26.787954830614808,
    "recall": 43.394308943089435,
    "tp": 427,
    "fp": 1167,
    "fn": 557
  },
  "jaccard": [
    0.32753371030882994
  ],
  "braycurtis": [
    0.25216805590637364
  ],
  "dice": [
    0.19583875162548764
  ],
  "cosinus": [
    0.005343766040743603
  ]
}