{
  "voc_eval_res": {
    "precision": 40.3509,
    "recall": 2.1179,
    "f-score": 4.0245
  },
  "KL_res": {
    "KL divergence": 4.922648494556874,
    "Euclidean Dist.": 0.311077386348336,
    "WER": 0.9720044792833147,
    "CER": 0.8767340887429842,
    "Cosine Dist.": 0.8274955697879358
  },
  "occ_eval_res": {
    "precision": 37.037,
    "recall": 3.3595,
    "f-score": 6.1602
  },
  "clean_eval": {
    "f-score": 4.756756756756757,
    "precision": 2.6066350710900474,
    "recall": 27.160493827160494,
    "tp": 44,
    "fp": 1644,
    "fn": 118
  },
  "jaccard": [
    0.8619641228336881
  ],
  "braycurtis": [
    0.7885927408350769
  ],
  "dice": [
    0.757413839166444
  ],
  "cosinus": [
    0.4160773912914355
  ]
}