{
  "voc_eval_res": {
    "precision": 42.4107,
    "recall": 29.2308,
    "f-score": 34.6084
  },
  "KL_res": {
    "KL divergence": 1.370634069276778,
    "Euclidean Dist.": 0.07238735236747591,
    "WER": 0.7705722070844687,
    "CER": 0.6116288659793815,
    "Cosine Dist.": 0.11354919506107763
  },
  "occ_eval_res": {
    "precision": 53.2086,
    "recall": 54.2234,
    "f-score": 53.7112
  },
  "clean_eval": {
    "f-score": 24.913892078071182,
    "precision": 26.05042016806723,
    "recall": 23.87238723872387,
    "tp": 434,
    "fp": 1232,
    "fn": 1384
  },
  "jaccard": [
    0.6386669710111846
  ],
  "braycurtis": [
    0.2503571297754661
  ],
  "dice": [
    0.4691482226693494
  ],
  "cosinus": [
    0.029899841099179092
  ]
}