{
  "voc_eval_res": {
    "precision": 51.049,
    "recall": 12.8521,
    "f-score": 20.5345
  },
  "KL_res": {
    "KL divergence": 4.405374844608108,
    "Euclidean Dist.": 0.19158410094275444,
    "WER": 0.8802816901408451,
    "CER": 0.7006683081252199,
    "Cosine Dist.": 0.7322806343533079
  },
  "occ_eval_res": {
    "precision": 49.1103,
    "recall": 13.8833,
    "f-score": 21.6471
  },
  "clean_eval": {
    "f-score": 12.91390728476821,
    "precision": 8.342245989304812,
    "recall": 28.57142857142857,
    "tp": 78,
    "fp": 857,
    "fn": 195
  },
  "jaccard": [
    0.6658959537572254
  ],
  "braycurtis": [
    0.49858426689646684
  ],
  "dice": [
    0.49913344887348354
  ],
  "cosinus": [
    0.20780334408381196
  ]
}