{
  "voc_eval_res": {
    "precision": 56.0345,
    "recall": 23.4657,
    "f-score": 33.0789
  },
  "KL_res": {
    "KL divergence": 3.1521197129152645,
    "Euclidean Dist.": 0.19614646701799857,
    "WER": 0.7438162544169611,
    "CER": 0.5159143518518519,
    "Cosine Dist.": 0.4023539838761072
  },
  "occ_eval_res": {
    "precision": 59.322,
    "recall": 30.9187,
    "f-score": 40.6504
  },
  "clean_eval": {
    "f-score": 15.329341317365271,
    "precision": 11.829944547134936,
    "recall": 21.768707482993197,
    "tp": 64,
    "fp": 477,
    "fn": 230
  },
  "jaccard": [
    0.6203703703703703
  ],
  "braycurtis": [
    0.3294536049143227
  ],
  "dice": [
    0.44966442953020136
  ],
  "cosinus": [
    0.18283866494554413
  ]
}