{
  "voc_eval_res": {
    "precision": 39.0135,
    "recall": 9.2553,
    "f-score": 14.9613
  },
  "KL_res": {
    "KL divergence": 2.729229961584147,
    "Euclidean Dist.": 0.16309015140902497,
    "WER": 0.8340451494813911,
    "CER": 0.6244009021708486,
    "Cosine Dist.": 0.2627347861545052
  },
  "occ_eval_res": {
    "precision": 38.6258,
    "recall": 25.3813,
    "f-score": 30.6333
  },
  "clean_eval": {
    "f-score": 7.677087455480808,
    "precision": 6.369008535784635,
    "recall": 9.661354581673306,
    "tp": 97,
    "fp": 1426,
    "fn": 907
  },
  "jaccard": [
    0.6942517343904856
  ],
  "braycurtis": [
    0.3788042574422085
  ],
  "dice": [
    0.5316888045540797
  ],
  "cosinus": [
    0.138794872299277
  ]
}