{
  "voc_eval_res": {
    "precision": 69.1358,
    "recall": 67.4699,
    "f-score": 68.2927
  },
  "KL_res": {
    "KL divergence": 1.5534681473053014,
    "Euclidean Dist.": 0.3037845136853948,
    "WER": 0.531055900621118,
    "CER": 0.3679280629449232,
    "Cosine Dist.": 0.411979825295115
  },
  "occ_eval_res": {
    "precision": 63.1579,
    "recall": 59.6273,
    "f-score": 61.3419
  },
  "clean_eval": {
    "f-score": 32.47588424437299,
    "precision": 31.661442006269592,
    "recall": 33.33333333333333,
    "tp": 101,
    "fp": 218,
    "fn": 202
  },
  "jaccard": [
    0.2965050732807215
  ],
  "braycurtis": [
    0.23587786259541985
  ],
  "dice": [
    0.17405691594970218
  ],
  "cosinus": [
    0.22386845051785265
  ]
}