{
  "voc_eval_res": {
    "precision": 71.6418,
    "recall": 57.1429,
    "f-score": 63.5762
  },
  "KL_res": {
    "KL divergence": 1.3051882869967275,
    "Euclidean Dist.": 0.09155480560615038,
    "WER": 0.4956521739130435,
    "CER": 0.4538878842676311,
    "Cosine Dist.": 0.0968790660194464
  },
  "occ_eval_res": {
    "precision": 75.5102,
    "recall": 64.3478,
    "f-score": 69.4836
  },
  "clean_eval": {
    "f-score": 65.07177033492823,
    "precision": 59.64912280701754,
    "recall": 71.57894736842105,
    "tp": 68,
    "fp": 46,
    "fn": 27
  },
  "jaccard": [
    0.33104238258877433
  ],
  "braycurtis": [
    0.20318352059925093
  ],
  "dice": [
    0.19835277968428278
  ],
  "cosinus": [
    0.052300594000972866
  ]
}