{
  "voc_eval_res": {
    "precision": 27.8481,
    "recall": 33.5878,
    "f-score": 30.4498
  },
  "KL_res": {
    "KL divergence": 0.9291938485100576,
    "Euclidean Dist.": 0.28979563890384535,
    "WER": 3.2883116883116883,
    "CER": 3.049618320610687,
    "Cosine Dist.": 0.01054810811141671
  },
  "occ_eval_res": {
    "precision": 19.0349,
    "recall": 73.7662,
    "f-score": 30.2611
  },
  "clean_eval": {
    "f-score": 9.748083242059145,
    "precision": 23.544973544973544,
    "recall": 6.1464088397790055,
    "tp": 89,
    "fp": 289,
    "fn": 1359
  },
  "jaccard": [
    0.574468085106383
  ],
  "braycurtis": [
    0.630870091926174
  ],
  "dice": [
    0.40298507462686567
  ],
  "cosinus": [
    0.013346872046931635
  ]
}