{
  "voc_eval_res": {
    "precision": 21.7172,
    "recall": 0.9568,
    "f-score": 1.8329
  },
  "KL_res": {
    "KL divergence": 3.8405643014353354,
    "Euclidean Dist.": 0.16054812686812533,
    "WER": 0.9943820224719101,
    "CER": 0.9411593554162937,
    "Cosine Dist.": 0.9501789160216975
  },
  "occ_eval_res": {
    "precision": 19.3955,
    "recall": 1.1384,
    "f-score": 2.1505
  },
  "clean_eval": {
    "f-score": 0.02983293556085919,
    "precision": 0.015835312747426764,
    "recall": 0.2570694087403599,
    "tp": 1,
    "fp": 6314,
    "fn": 388
  },
  "jaccard": [
    0.8353870458135861
  ],
  "braycurtis": [
    0.891396157668102
  ],
  "dice": [
    0.7173087357569181
  ],
  "cosinus": [
    0.21790508127004893
  ]
}