{
  "voc_eval_res": {
    "precision": 53.0612,
    "recall": 8.0871,
    "f-score": 14.0351
  },
  "KL_res": {
    "KL divergence": 3.948037714358388,
    "Euclidean Dist.": 0.40972684364013573,
    "WER": 0.8912995350896613,
    "CER": 0.6849623324527933,
    "Cosine Dist.": 0.8813641679314071
  },
  "occ_eval_res": {
    "precision": 56.4684,
    "recall": 13.2389,
    "f-score": 21.4491
  },
  "clean_eval": {
    "f-score": 4.314159292035398,
    "precision": 2.6681870011402506,
    "recall": 11.26082771896054,
    "tp": 117,
    "fp": 4268,
    "fn": 922
  },
  "jaccard": [
    0.7331221057762612
  ],
  "braycurtis": [
    0.4826574172892209
  ],
  "dice": [
    0.5786841092727972
  ],
  "cosinus": [
    0.4655045438739457
  ]
}