{
  "voc_eval_res": {
    "precision": 21.5017,
    "recall": 4.1972,
    "f-score": 7.0234
  },
  "KL_res": {
    "KL divergence": 3.4838550544189966,
    "Euclidean Dist.": 0.10361063718045081,
    "WER": 0.9664160401002506,
    "CER": 0.8493268404468634,
    "Cosine Dist.": 0.5800164857651755
  },
  "occ_eval_res": {
    "precision": 26.4977,
    "recall": 5.7644,
    "f-score": 9.4689
  },
  "clean_eval": {
    "f-score": 1.8424689083371717,
    "precision": 1.1229646266142617,
    "recall": 5.128205128205128,
    "tp": 20,
    "fp": 1761,
    "fn": 370
  },
  "jaccard": [
    0.7745285018012291
  ],
  "braycurtis": [
    0.7366633483632956
  ],
  "dice": [
    0.6320249005706381
  ],
  "cosinus": [
    0.20044477720458043
  ]
}