{
  "voc_eval_res": {
    "precision": 79.3103,
    "recall": 44.373,
    "f-score": 56.9072
  },
  "KL_res": {
    "KL divergence": 1.6138860032387665,
    "Euclidean Dist.": 0.13911690460308576,
    "WER": 0.5607344632768362,
    "CER": 0.394963022186688,
    "Cosine Dist.": 0.1902182366242392
  },
  "occ_eval_res": {
    "precision": 76.9392,
    "recall": 51.8362,
    "f-score": 61.9409
  },
  "clean_eval": {
    "f-score": 41.355343179843615,
    "precision": 34.84626647144949,
    "recall": 50.85470085470085,
    "tp": 238,
    "fp": 445,
    "fn": 230
  },
  "jaccard": [
    0.40308370044052866
  ],
  "braycurtis": [
    0.20213703458911655
  ],
  "dice": [
    0.2524137931034483
  ],
  "cosinus": [
    0.06642439028229019
  ]
}