{
  "voc_eval_res": {
    "precision": 61.9266,
    "recall": 15.9953,
    "f-score": 25.4237
  },
  "KL_res": {
    "KL divergence": 2.3105467469044756,
    "Euclidean Dist.": 0.1685547812296847,
    "WER": 0.7748948106591865,
    "CER": 0.6373033707865169,
    "Cosine Dist.": 0.14357788633384205
  },
  "occ_eval_res": {
    "precision": 58.6835,
    "recall": 29.3829,
    "f-score": 39.1589
  },
  "clean_eval": {
    "f-score": 25.933831376734258,
    "precision": 20.822622107969153,
    "recall": 34.37057991513437,
    "tp": 243,
    "fp": 924,
    "fn": 464
  },
  "jaccard": [
    0.7026634382566586
  ],
  "braycurtis": [
    0.34643954202736665
  ],
  "dice": [
    0.5416200074654722
  ],
  "cosinus": [
    0.07383008680954328
  ]
}