{
  "voc_eval_res": {
    "precision": 0.7238,
    "recall": 9.6774,
    "f-score": 1.3468
  },
  "KL_res": {
    "KL divergence": 6.544426507959668,
    "Euclidean Dist.": 0.22210483978533607,
    "WER": 36.35294117647059,
    "CER": 47.74162679425837,
    "Cosine Dist.": 0.8839731126739082
  },
  "occ_eval_res": {
    "precision": 0.226,
    "recall": 8.2353,
    "f-score": 0.44
  },
  "clean_eval": {
    "f-score": 0.1974983541803819,
    "precision": 4.0,
    "recall": 0.10124873439082012,
    "tp": 3,
    "fp": 72,
    "fn": 2960
  },
  "jaccard": [
    0.8717440543601359
  ],
  "braycurtis": [
    0.9665525077617386
  ],
  "dice": [
    0.7726474278544542
  ],
  "cosinus": [
    0.39178208112472757
  ]
}