{
  "voc_eval_res": {
    "precision": 66.3462,
    "recall": 47.9167,
    "f-score": 55.6452
  },
  "KL_res": {
    "KL divergence": 1.2839730937497724,
    "Euclidean Dist.": 0.12596680308989175,
    "WER": 0.5727272727272728,
    "CER": 0.42757527733755946,
    "Cosine Dist.": 0.15820049567092653
  },
  "occ_eval_res": {
    "precision": 66.7808,
    "recall": 59.0909,
    "f-score": 62.701
  },
  "clean_eval": {
    "f-score": 41.914191419141915,
    "precision": 40.063091482649845,
    "recall": 43.944636678200695,
    "tp": 127,
    "fp": 190,
    "fn": 162
  },
  "jaccard": [
    0.42473118279569894
  ],
  "braycurtis": [
    0.2124133265685777
  ],
  "dice": [
    0.2696245733788396
  ],
  "cosinus": [
    0.058926503985240575
  ]
}