{
  "voc_eval_res": {
    "precision": 71.3115,
    "recall": 40.0922,
    "f-score": 51.3274
  },
  "KL_res": {
    "KL divergence": 1.1012200336918556,
    "Euclidean Dist.": 0.13273620960584626,
    "WER": 0.5404255319148936,
    "CER": 0.41876864659614865,
    "Cosine Dist.": 0.08107153157270075
  },
  "occ_eval_res": {
    "precision": 72.7041,
    "recall": 60.6383,
    "f-score": 66.1253
  },
  "clean_eval": {
    "f-score": 36.954087346024636,
    "precision": 32.73809523809524,
    "recall": 42.41645244215938,
    "tp": 165,
    "fp": 339,
    "fn": 224
  },
  "jaccard": [
    0.49372647427854455
  ],
  "braycurtis": [
    0.18626907073509016
  ],
  "dice": [
    0.32778009162848815
  ],
  "cosinus": [
    0.04322644976240486
  ]
}