{
  "voc_eval_res": {
    "precision": 10.5263,
    "recall": 0.2592,
    "f-score": 0.5059
  },
  "KL_res": {
    "KL divergence": 3.9055762974806583,
    "Euclidean Dist.": 0.27503493925621103,
    "WER": 0.993841416474211,
    "CER": 0.964710547184774,
    "Cosine Dist.": 0.8843539095236694
  },
  "occ_eval_res": {
    "precision": 22.1649,
    "recall": 0.8276,
    "f-score": 1.5955
  },
  "clean_eval": {
    "f-score": 0.7704160246533129,
    "precision": 0.39944078290393453,
    "recall": 10.81081081081081,
    "tp": 20,
    "fp": 4987,
    "fn": 165
  },
  "jaccard": [
    0.8875556415715116
  ],
  "braycurtis": [
    0.9384295740745433
  ],
  "dice": [
    0.7978427279053584
  ],
  "cosinus": [
    0.30020867566689546
  ]
}