{
  "voc_eval_res": {
    "precision": 56.4489,
    "recall": 36.1588,
    "f-score": 44.0811
  },
  "KL_res": {
    "KL divergence": 1.4558659224739365,
    "Euclidean Dist.": 0.0696364212658098,
    "WER": 0.6635822868473232,
    "CER": 0.5027500361846866,
    "Cosine Dist.": 0.14014291395180656
  },
  "occ_eval_res": {
    "precision": 56.5015,
    "recall": 48.2485,
    "f-score": 52.0499
  },
  "clean_eval": {
    "f-score": 40.82551594746717,
    "precision": 38.63636363636363,
    "recall": 43.27764518695306,
    "tp": 544,
    "fp": 864,
    "fn": 713
  },
  "jaccard": [
    0.4582409460458241
  ],
  "braycurtis": [
    0.17910903950485213
  ],
  "dice": [
    0.2972195589645254
  ],
  "cosinus": [
    0.025098623145949905
  ]
}