{
  "voc_eval_res": {
    "precision": 69.8276,
    "recall": 42.4084,
    "f-score": 52.7687
  },
  "KL_res": {
    "KL divergence": 1.529915076712303,
    "Euclidean Dist.": 0.15552215886580445,
    "WER": 0.582716049382716,
    "CER": 0.44331210191082804,
    "Cosine Dist.": 0.24011630152962704
  },
  "occ_eval_res": {
    "precision": 69.9659,
    "recall": 50.6173,
    "f-score": 58.7393
  },
  "clean_eval": {
    "f-score": 29.386590584878746,
    "precision": 24.879227053140095,
    "recall": 35.88850174216028,
    "tp": 103,
    "fp": 311,
    "fn": 184
  },
  "jaccard": [
    0.4482269503546099
  ],
  "braycurtis": [
    0.24373986669068637
  ],
  "dice": [
    0.28884826325411334
  ],
  "cosinus": [
    0.08596226413421826
  ]
}