{
  "voc_eval_res": {
    "precision": 23.1626,
    "recall": 1.5296,
    "f-score": 2.8698
  },
  "KL_res": {
    "KL divergence": 3.4833580848869063,
    "Euclidean Dist.": 0.16669467157034754,
    "WER": 0.980403651285487,
    "CER": 0.8729670329670329,
    "Cosine Dist.": 0.9115132513664873
  },
  "occ_eval_res": {
    "precision": 20.6307,
    "recall": 3.2326,
    "f-score": 5.5893
  },
  "clean_eval": {
    "f-score": 0.2912323727774372,
    "precision": 0.1692047377326565,
    "recall": 1.0445299615173174,
    "tp": 19,
    "fp": 11210,
    "fn": 1800
  },
  "jaccard": [
    0.7994618144541261
  ],
  "braycurtis": [
    0.7542559667499318
  ],
  "dice": [
    0.6659195218273029
  ],
  "cosinus": [
    0.25779303882544224
  ]
}