{
  "voc_eval_res": {
    "precision": 25.0,
    "recall": 0.8534,
    "f-score": 1.6504
  },
  "KL_res": {
    "KL divergence": 3.659768201746509,
    "Euclidean Dist.": 0.2227153955585139,
    "WER": 0.9799381175766044,
    "CER": 0.9033398874870282,
    "Cosine Dist.": 0.8911089828130936
  },
  "occ_eval_res": {
    "precision": 23.8305,
    "recall": 2.6949,
    "f-score": 4.8422
  },
  "clean_eval": {
    "f-score": 0.07578628268283441,
    "precision": 0.042278828876440126,
    "recall": 0.365296803652968,
    "tp": 4,
    "fp": 9457,
    "fn": 1091
  },
  "jaccard": [
    0.8313609467455622
  ],
  "braycurtis": [
    0.8194930227526773
  ],
  "dice": [
    0.7113924050632912
  ],
  "cosinus": [
    0.3551457235949993
  ]
}