{
  "voc_eval_res": {
    "precision": 26.0204,
    "recall": 0.7467,
    "f-score": 1.4518
  },
  "KL_res": {
    "KL divergence": 3.8473326070781693,
    "Euclidean Dist.": 0.23675530989148272,
    "WER": 0.982483660130719,
    "CER": 0.9125925180001007,
    "Cosine Dist.": 0.905661594996579
  },
  "occ_eval_res": {
    "precision": 25.3069,
    "recall": 2.3355,
    "f-score": 4.2764
  },
  "clean_eval": {
    "f-score": 0.06659452260051611,
    "precision": 0.03644979041370512,
    "recall": 0.384985563041386,
    "tp": 4,
    "fp": 10970,
    "fn": 1035
  },
  "jaccard": [
    0.8486125236088915
  ],
  "braycurtis": [
    0.8352954367081511
  ],
  "dice": [
    0.7370347003154574
  ],
  "cosinus": [
    0.37104038040627974
  ]
}