{
  "voc_eval_res": {
    "precision": 63.4146,
    "recall": 22.807,
    "f-score": 33.5484
  },
  "KL_res": {
    "KL divergence": 2.131148189497824,
    "Euclidean Dist.": 0.20946562815827666,
    "WER": 0.6183574879227053,
    "CER": 0.43174799258801727,
    "Cosine Dist.": 0.07101939708888227
  },
  "occ_eval_res": {
    "precision": 71.6535,
    "recall": 43.9614,
    "f-score": 54.491
  },
  "clean_eval": {
    "f-score": 49.09090909090909,
    "precision": 39.90147783251231,
    "recall": 63.77952755905512,
    "tp": 81,
    "fp": 122,
    "fn": 46
  },
  "jaccard": [
    0.5829741379310345
  ],
  "braycurtis": [
    0.28091872791519434
  ],
  "dice": [
    0.4114068441064639
  ],
  "cosinus": [
    0.06492542416843516
  ]
}