{
  "voc_eval_res": {
    "precision": 15.7233,
    "recall": 0.5105,
    "f-score": 0.9889
  },
  "KL_res": {
    "KL divergence": 3.3428597270259406,
    "Euclidean Dist.": 0.28146552547984277,
    "WER": 0.9869314324507807,
    "CER": 0.9032376372786731,
    "Cosine Dist.": 0.657366391269165
  },
  "occ_eval_res": {
    "precision": 11.6368,
    "recall": 1.5445,
    "f-score": 2.727
  },
  "clean_eval": {
    "f-score": 0.0946372239747634,
    "precision": 0.05380200860832138,
    "recall": 0.3926701570680628,
    "tp": 3,
    "fp": 5573,
    "fn": 761
  },
  "jaccard": [
    0.8359237018721299
  ],
  "braycurtis": [
    0.8313945086705202
  ],
  "dice": [
    0.7181004399939311
  ],
  "cosinus": [
    0.40498348474426404
  ]
}