{
  "voc_eval_res": {
    "precision": 48.0769,
    "recall": 24.6305,
    "f-score": 32.5733
  },
  "KL_res": {
    "KL divergence": 3.2532168439213933,
    "Euclidean Dist.": 0.19993367661747943,
    "WER": 0.8140703517587939,
    "CER": 0.6536417630509535,
    "Cosine Dist.": 0.3987613364792655
  },
  "occ_eval_res": {
    "precision": 45.2055,
    "recall": 33.1658,
    "f-score": 38.2609
  },
  "clean_eval": {
    "f-score": 8.383233532934131,
    "precision": 7.387862796833773,
    "recall": 9.688581314878892,
    "tp": 28,
    "fp": 351,
    "fn": 261
  },
  "jaccard": [
    0.6194950088079859
  ],
  "braycurtis": [
    0.3965459423205902
  ],
  "dice": [
    0.4487452148022118
  ],
  "cosinus": [
    0.26275329573624884
  ]
}