{
  "voc_eval_res": {
    "precision": 50.0,
    "recall": 16.9545,
    "f-score": 25.3224
  },
  "KL_res": {
    "KL divergence": 2.7834346170375306,
    "Euclidean Dist.": 0.15621544689560685,
    "WER": 0.8894830659536542,
    "CER": 0.7024578094914486,
    "Cosine Dist.": 0.35380484865300466
  },
  "occ_eval_res": {
    "precision": 45.9834,
    "recall": 29.59,
    "f-score": 36.0087
  },
  "clean_eval": {
    "f-score": 10.998877665544333,
    "precision": 9.176029962546817,
    "recall": 13.725490196078432,
    "tp": 98,
    "fp": 970,
    "fn": 616
  },
  "jaccard": [
    0.6472801915839891
  ],
  "braycurtis": [
    0.34401195659237116
  ],
  "dice": [
    0.47850278199291857
  ],
  "cosinus": [
    0.16514345515035056
  ]
}