{
  "voc_eval_res": {
    "precision": 26.3158,
    "recall": 1.083,
    "f-score": 2.0804
  },
  "KL_res": {
    "KL divergence": 4.966270850304246,
    "Euclidean Dist.": 0.30255204855943896,
    "WER": 0.9864068871771635,
    "CER": 0.9100078186082877,
    "Cosine Dist.": 0.9450634355215928
  },
  "occ_eval_res": {
    "precision": 22.8395,
    "recall": 1.6765,
    "f-score": 3.1237
  },
  "clean_eval": {
    "f-score": 1.4266607222469907,
    "precision": 0.7688611244593946,
    "recall": 9.876543209876543,
    "tp": 16,
    "fp": 2065,
    "fn": 146
  },
  "jaccard": [
    0.8693482090428656
  ],
  "braycurtis": [
    0.8440609560921299
  ],
  "dice": [
    0.7688911970916645
  ],
  "cosinus": [
    0.4532750859378677
  ]
}