{
  "voc_eval_res": {
    "precision": 39.823,
    "recall": 19.5652,
    "f-score": 26.2391
  },
  "KL_res": {
    "KL divergence": 2.767134732187483,
    "Euclidean Dist.": 0.1990836271646759,
    "WER": 0.7918552036199095,
    "CER": 0.6815398075240595,
    "Cosine Dist.": 0.14889727869468228
  },
  "occ_eval_res": {
    "precision": 46.2963,
    "recall": 33.9367,
    "f-score": 39.1645
  },
  "clean_eval": {
    "f-score": 4.607046070460704,
    "precision": 4.0669856459330145,
    "recall": 5.3125,
    "tp": 17,
    "fp": 401,
    "fn": 303
  },
  "jaccard": [
    0.7485002307337333
  ],
  "braycurtis": [
    0.4071414709877741
  ],
  "dice": [
    0.5980825958702065
  ],
  "cosinus": [
    0.1038178988145061
  ]
}