{
  "voc_eval_res": {
    "precision": 37.8125,
    "recall": 27.4376,
    "f-score": 31.8003
  },
  "KL_res": {
    "KL divergence": 1.9669167504507452,
    "Euclidean Dist.": 0.10201069159169082,
    "WER": 0.8053977272727273,
    "CER": 0.6090476190476191,
    "Cosine Dist.": 0.21082945274230325
  },
  "occ_eval_res": {
    "precision": 49.4929,
    "recall": 34.6591,
    "f-score": 40.7686
  },
  "clean_eval": {
    "f-score": 20.86206896551724,
    "precision": 17.76798825256975,
    "recall": 25.260960334029225,
    "tp": 121,
    "fp": 560,
    "fn": 358
  },
  "jaccard": [
    0.6056088036918708
  ],
  "braycurtis": [
    0.29751519957705524
  ],
  "dice": [
    0.43431771894093685
  ],
  "cosinus": [
    0.05724790304731253
  ]
}