{
  "voc_eval_res": {
    "precision": 38.8966,
    "recall": 22.3455,
    "f-score": 28.3845
  },
  "KL_res": {
    "KL divergence": 2.0590459533639502,
    "Euclidean Dist.": 0.12250687384445767,
    "WER": 0.8538525963149078,
    "CER": 0.6266406031834683,
    "Cosine Dist.": 0.6331314256843111
  },
  "occ_eval_res": {
    "precision": 43.3761,
    "recall": 25.5025,
    "f-score": 32.1203
  },
  "clean_eval": {
    "f-score": 17.904761904761905,
    "precision": 14.26712922810061,
    "recall": 24.032140248356466,
    "tp": 329,
    "fp": 1977,
    "fn": 1040
  },
  "jaccard": [
    0.6107207388074684
  ],
  "braycurtis": [
    0.2986262292620674
  ],
  "dice": [
    0.43959537572254337
  ],
  "cosinus": [
    0.11863360658978372
  ]
}