{
  "voc_eval_res": {
    "precision": 42.8571,
    "recall": 48.6486,
    "f-score": 45.5696
  },
  "KL_res": {
    "KL divergence": 2.52880689043849,
    "Euclidean Dist.": 0.1947074670690015,
    "WER": 0.9761904761904762,
    "CER": 0.717201166180758,
    "Cosine Dist.": 0.3623670476861287
  },
  "occ_eval_res": {
    "precision": 39.2857,
    "recall": 52.381,
    "f-score": 44.898
  },
  "clean_eval": {
    "f-score": 40.86021505376344,
    "precision": 47.5,
    "recall": 35.84905660377358,
    "tp": 19,
    "fp": 21,
    "fn": 34
  },
  "jaccard": [
    0.5925349922239502
  ],
  "braycurtis": [
    0.4561891515994437
  ],
  "dice": [
    0.42099447513812155
  ],
  "cosinus": [
    0.3282868161863881
  ]
}