{
  "voc_eval_res": {
    "precision": 46.1538,
    "recall": 41.3793,
    "f-score": 43.6364
  },
  "KL_res": {
    "KL divergence": 3.0204414726906945,
    "Euclidean Dist.": 0.18980218071329158,
    "WER": 0.6451612903225806,
    "CER": 0.5350877192982456,
    "Cosine Dist.": 0.27901590608549975
  },
  "occ_eval_res": {
    "precision": 50.0,
    "recall": 45.1613,
    "f-score": 47.4576
  },
  "clean_eval": {
    "f-score": 49.056603773584904,
    "precision": 50.0,
    "recall": 48.148148148148145,
    "tp": 13,
    "fp": 13,
    "fn": 14
  },
  "jaccard": [
    0.5856832971800434
  ],
  "braycurtis": [
    0.38596491228070173
  ],
  "dice": [
    0.41411042944785276
  ],
  "cosinus": [
    0.23476885763535238
  ]
}