{
  "voc_eval_res": {
    "precision": 34.9103,
    "recall": 4.948,
    "f-score": 8.6675
  },
  "KL_res": {
    "KL divergence": 2.971170208839607,
    "Euclidean Dist.": 0.1135243856097991,
    "WER": 0.9336188436830836,
    "CER": 0.779230004261969,
    "Cosine Dist.": 0.7607082548255768
  },
  "occ_eval_res": {
    "precision": 28.663,
    "recall": 7.7757,
    "f-score": 12.2329
  },
  "clean_eval": {
    "f-score": 7.550238122894645,
    "precision": 4.924242424242424,
    "recall": 16.17720258835241,
    "tp": 325,
    "fp": 6275,
    "fn": 1684
  },
  "jaccard": [
    0.69472649852604
  ],
  "braycurtis": [
    0.6285899987813299
  ],
  "dice": [
    0.532245922208281
  ],
  "cosinus": [
    0.25712429402417036
  ]
}