{
  "voc_eval_res": {
    "precision": 35.2859,
    "recall": 5.3006,
    "f-score": 9.2168
  },
  "KL_res": {
    "KL divergence": 2.752937852588765,
    "Euclidean Dist.": 0.1011505693176701,
    "WER": 0.9360100376411543,
    "CER": 0.7917245591266509,
    "Cosine Dist.": 0.730873138925153
  },
  "occ_eval_res": {
    "precision": 31.8935,
    "recall": 8.3381,
    "f-score": 13.22
  },
  "clean_eval": {
    "f-score": 6.864582305947333,
    "precision": 4.407294832826747,
    "recall": 15.514935354436025,
    "tp": 348,
    "fp": 7548,
    "fn": 1895
  },
  "jaccard": [
    0.6916391968834282
  ],
  "braycurtis": [
    0.6405157188272695
  ],
  "dice": [
    0.5286303252404947
  ],
  "cosinus": [
    0.23817847827680327
  ]
}