{
  "voc_eval_res": {
    "precision": 78.7375,
    "recall": 67.7143,
    "f-score": 72.8111
  },
  "KL_res": {
    "KL divergence": 0.2804023420099311,
    "Euclidean Dist.": 0.020251730168739965,
    "WER": 0.25155725922376615,
    "CER": 0.19229232086782758,
    "Cosine Dist.": 0.008175318315155722
  },
  "occ_eval_res": {
    "precision": 86.4349,
    "recall": 84.5712,
    "f-score": 85.4929
  },
  "clean_eval": {
    "f-score": 79.9412915851272,
    "precision": 78.82296189097926,
    "recall": 81.09181141439205,
    "tp": 1634,
    "fp": 439,
    "fn": 381
  },
  "jaccard": [
    0.2911001236093943
  ],
  "braycurtis": [
    0.0624036099845776
  ],
  "dice": [
    0.17034358047016274
  ],
  "cosinus": [
    0.003825227789871377
  ]
}