{
  "voc_eval_res": {
    "precision": 77.9772,
    "recall": 67.8977,
    "f-score": 72.5892
  },
  "KL_res": {
    "KL divergence": 0.28303440075322595,
    "Euclidean Dist.": 0.020730183468088113,
    "WER": 0.2762966553562773,
    "CER": 0.22247347364759087,
    "Cosine Dist.": 0.009204189425883746
  },
  "occ_eval_res": {
    "precision": 85.3971,
    "recall": 83.9069,
    "f-score": 84.6455
  },
  "clean_eval": {
    "f-score": 79.51569063503831,
    "precision": 78.94995093228655,
    "recall": 80.0895968143355,
    "tp": 1609,
    "fp": 429,
    "fn": 400
  },
  "jaccard": [
    0.28931979070483227
  ],
  "braycurtis": [
    0.06424572903674913
  ],
  "dice": [
    0.16912558474271322
  ],
  "cosinus": [
    0.003272211653604251
  ]
}