{
  "voc_eval_res": {
    "precision": 50.4975,
    "recall": 12.7834,
    "f-score": 20.402
  },
  "KL_res": {
    "KL divergence": 3.7531524480811105,
    "Euclidean Dist.": 0.16862057489715973,
    "WER": 0.919908466819222,
    "CER": 0.7303077725612936,
    "Cosine Dist.": 0.82274205594874
  },
  "occ_eval_res": {
    "precision": 50.2801,
    "recall": 10.2689,
    "f-score": 17.0546
  },
  "clean_eval": {
    "f-score": 13.773536239360329,
    "precision": 8.393586922351462,
    "recall": 38.362068965517246,
    "tp": 267,
    "fp": 2914,
    "fn": 429
  },
  "jaccard": [
    0.7243066884176182
  ],
  "braycurtis": [
    0.5128651835968909
  ],
  "dice": [
    0.5677749360613811
  ],
  "cosinus": [
    0.25812093940426895
  ]
}