{
  "voc_eval_res": {
    "precision": 57.7729,
    "recall": 45.0947,
    "f-score": 50.6525
  },
  "KL_res": {
    "KL divergence": 0.7461770692847882,
    "Euclidean Dist.": 0.04436174920315607,
    "WER": 0.5929758544998432,
    "CER": 0.4543112207867615,
    "Cosine Dist.": 0.030278748917451415
  },
  "occ_eval_res": {
    "precision": 67.3602,
    "recall": 64.9733,
    "f-score": 66.1453
  },
  "clean_eval": {
    "f-score": 42.73811468714262,
    "precision": 41.82922929325232,
    "recall": 43.687374749499,
    "tp": 1308,
    "fp": 1819,
    "fn": 1686
  },
  "jaccard": [
    0.36099919419822724
  ],
  "braycurtis": [
    0.11687512444114613
  ],
  "dice": [
    0.22025565388397247
  ],
  "cosinus": [
    0.012719339674763575
  ]
}