{
  "voc_eval_res": {
    "precision": 54.7481,
    "recall": 44.2097,
    "f-score": 48.9177
  },
  "KL_res": {
    "KL divergence": 0.9200382118159919,
    "Euclidean Dist.": 0.05761958496371708,
    "WER": 0.5936123348017621,
    "CER": 0.43277853041739245,
    "Cosine Dist.": 0.07073883316425478
  },
  "occ_eval_res": {
    "precision": 66.4181,
    "recall": 61.3161,
    "f-score": 63.7652
  },
  "clean_eval": {
    "f-score": 40.149365197908885,
    "precision": 38.279692395328965,
    "recall": 42.211055276381906,
    "tp": 1344,
    "fp": 2167,
    "fn": 1840
  },
  "jaccard": [
    0.3968293287094377
  ],
  "braycurtis": [
    0.127710176090179
  ],
  "dice": [
    0.24752781211372063
  ],
  "cosinus": [
    0.024761812229870617
  ]
}