{
  "voc_eval_res": {
    "precision": 16.0194,
    "recall": 0.8122,
    "f-score": 1.546
  },
  "KL_res": {
    "KL divergence": 3.3598327430164314,
    "Euclidean Dist.": 0.1681590012995933,
    "WER": 0.9881025641025641,
    "CER": 0.8775260410161617,
    "Cosine Dist.": 0.6948986909665061
  },
  "occ_eval_res": {
    "precision": 12.7248,
    "recall": 1.8872,
    "f-score": 3.2869
  },
  "clean_eval": {
    "f-score": 0.5806077027288562,
    "precision": 0.3367759317467445,
    "recall": 2.1037868162692845,
    "tp": 15,
    "fp": 4439,
    "fn": 698
  },
  "jaccard": [
    0.8191126279863481
  ],
  "braycurtis": [
    0.7839326898436833
  ],
  "dice": [
    0.6936416184971098
  ],
  "cosinus": [
    0.28605589396215314
  ]
}