{
  "voc_eval_res": {
    "precision": 15.9236,
    "recall": 1.2723,
    "f-score": 2.3563
  },
  "KL_res": {
    "KL divergence": 3.449944024813432,
    "Euclidean Dist.": 0.14547246646637926,
    "WER": 0.9891646966115051,
    "CER": 0.8468582010854189,
    "Cosine Dist.": 0.8479717807730509
  },
  "occ_eval_res": {
    "precision": 11.2348,
    "recall": 2.1868,
    "f-score": 3.6609
  },
  "clean_eval": {
    "f-score": 0.3636363636363637,
    "precision": 0.2208480565371025,
    "recall": 1.02880658436214,
    "tp": 10,
    "fp": 4518,
    "fn": 962
  },
  "jaccard": [
    0.7808002808002809
  ],
  "braycurtis": [
    0.7287366844207723
  ],
  "dice": [
    0.6404203253202821
  ],
  "cosinus": [
    0.278408973059478
  ]
}