{
  "voc_eval_res": {
    "precision": 11.1111,
    "recall": 0.6341,
    "f-score": 1.1997
  },
  "KL_res": {
    "KL divergence": 3.422663175944425,
    "Euclidean Dist.": 0.1733750782575845,
    "WER": 0.9877166045185347,
    "CER": 0.8706335430679106,
    "Cosine Dist.": 0.7115519431056017
  },
  "occ_eval_res": {
    "precision": 11.3731,
    "recall": 1.7986,
    "f-score": 3.1061
  },
  "clean_eval": {
    "f-score": 0.5786319487497417,
    "precision": 0.3393116820164809,
    "recall": 1.9635343618513323,
    "tp": 14,
    "fp": 4112,
    "fn": 699
  },
  "jaccard": [
    0.8138327461524199
  ],
  "braycurtis": [
    0.774305237090709
  ],
  "dice": [
    0.6861028607159606
  ],
  "cosinus": [
    0.3054194456861561
  ]
}