{
  "voc_eval_res": {
    "precision": 20.6349,
    "recall": 1.3384,
    "f-score": 2.5137
  },
  "KL_res": {
    "KL divergence": 3.7477592452239183,
    "Euclidean Dist.": 0.22952843980840457,
    "WER": 0.9856573705179282,
    "CER": 0.8880939149763823,
    "Cosine Dist.": 0.8845396237165197
  },
  "occ_eval_res": {
    "precision": 14.7425,
    "recall": 2.2045,
    "f-score": 3.8355
  },
  "clean_eval": {
    "f-score": 0.3024955886059995,
    "precision": 0.17513134851138354,
    "recall": 1.1090573012939002,
    "tp": 6,
    "fp": 3420,
    "fn": 535
  },
  "jaccard": [
    0.8216356728654269
  ],
  "braycurtis": [
    0.8025868551661904
  ],
  "dice": [
    0.6972679450195147
  ],
  "cosinus": [
    0.32534750141558944
  ]
}