{
  "voc_eval_res": {
    "precision": 69.697,
    "recall": 48.9362,
    "f-score": 57.5
  },
  "KL_res": {
    "KL divergence": 1.9853833460688075,
    "Euclidean Dist.": 0.1297098252600774,
    "WER": 0.5684931506849316,
    "CER": 0.427022518765638,
    "Cosine Dist.": 0.2006055250446559
  },
  "occ_eval_res": {
    "precision": 72.0,
    "recall": 49.3151,
    "f-score": 58.5366
  },
  "clean_eval": {
    "f-score": 53.61702127659574,
    "precision": 45.65217391304348,
    "recall": 64.94845360824742,
    "tp": 63,
    "fp": 75,
    "fn": 34
  },
  "jaccard": [
    0.43829787234042555
  ],
  "braycurtis": [
    0.22979109900090827
  ],
  "dice": [
    0.28065395095367845
  ],
  "cosinus": [
    0.05601562260084858
  ]
}