{
  "voc_eval_res": {
    "precision": 61.2245,
    "recall": 21.7391,
    "f-score": 32.0856
  },
  "KL_res": {
    "KL divergence": 1.363982719250497,
    "Euclidean Dist.": 0.11023418163630593,
    "WER": 0.6013698630136987,
    "CER": 0.4605374823196605,
    "Cosine Dist.": 0.047649331558094254
  },
  "occ_eval_res": {
    "precision": 71.2937,
    "recall": 51.7123,
    "f-score": 59.9444
  },
  "clean_eval": {
    "f-score": 21.048146570089475,
    "precision": 18.883792048929664,
    "recall": 23.77285851780558,
    "tp": 247,
    "fp": 1061,
    "fn": 792
  },
  "jaccard": [
    0.6421415153412648
  ],
  "braycurtis": [
    0.2161429575343841
  ],
  "dice": [
    0.4729075397740374
  ],
  "cosinus": [
    0.035783562763481824
  ]
}