{
  "voc_eval_res": {
    "precision": 13.2867,
    "recall": 0.4342,
    "f-score": 0.8409
  },
  "KL_res": {
    "KL divergence": 3.76470717229262,
    "Euclidean Dist.": 0.163962192027022,
    "WER": 0.9952644041041832,
    "CER": 0.9510997958668777,
    "Cosine Dist.": 0.9391142680931442
  },
  "occ_eval_res": {
    "precision": 14.2349,
    "recall": 0.6314,
    "f-score": 1.2092
  },
  "clean_eval": {
    "f-score": 0.031615554852987664,
    "precision": 0.016520733520568313,
    "recall": 0.3663003663003663,
    "tp": 1,
    "fp": 6052,
    "fn": 272
  },
  "jaccard": [
    0.8501300954032958
  ],
  "braycurtis": [
    0.910474872415881
  ],
  "dice": [
    0.7393271986724996
  ],
  "cosinus": [
    0.2774139218661029
  ]
}