{
  "voc_eval_res": {
    "precision": 74.4898,
    "recall": 30.4802,
    "f-score": 43.2593
  },
  "KL_res": {
    "KL divergence": 1.1213655314914512,
    "Euclidean Dist.": 0.09990839035795758,
    "WER": 0.49291019581363943,
    "CER": 0.3404590042568943,
    "Cosine Dist.": 0.05772027874873609
  },
  "occ_eval_res": {
    "precision": 82.2474,
    "recall": 58.8116,
    "f-score": 68.5827
  },
  "clean_eval": {
    "f-score": 32.235013894402535,
    "precision": 27.432432432432428,
    "recall": 39.07603464870068,
    "tp": 406,
    "fp": 1074,
    "fn": 633
  },
  "jaccard": [
    0.5273149941882991
  ],
  "braycurtis": [
    0.15867949932678402
  ],
  "dice": [
    0.35806366745593265
  ],
  "cosinus": [
    0.02211447289817925
  ]
}