{
  "voc_eval_res": {
    "precision": 20.2797,
    "recall": 0.802,
    "f-score": 1.543
  },
  "KL_res": {
    "KL divergence": 4.077316513097386,
    "Euclidean Dist.": 0.17627936499086608,
    "WER": 0.9925964187327824,
    "CER": 0.943476724911003,
    "Cosine Dist.": 0.9375227614824658
  },
  "occ_eval_res": {
    "precision": 20.2847,
    "recall": 0.9814,
    "f-score": 1.8722
  },
  "clean_eval": {
    "f-score": 0.06902502157031926,
    "precision": 0.036218761318362915,
    "recall": 0.7326007326007326,
    "tp": 2,
    "fp": 5520,
    "fn": 271
  },
  "jaccard": [
    0.8364549140760764
  ],
  "braycurtis": [
    0.8963977676306444
  ],
  "dice": [
    0.7188848323929639
  ],
  "cosinus": [
    0.26437205731737035
  ]
}