{
  "voc_eval_res": {
    "precision": 54.3624,
    "recall": 26.045,
    "f-score": 35.2174
  },
  "KL_res": {
    "KL divergence": 1.3945096657668277,
    "Euclidean Dist.": 0.15896489859908614,
    "WER": 0.7839586028460543,
    "CER": 0.5646551724137931,
    "Cosine Dist.": 0.1292822689500217
  },
  "occ_eval_res": {
    "precision": 53.2121,
    "recall": 56.7917,
    "f-score": 54.9437
  },
  "clean_eval": {
    "f-score": 17.76271186440678,
    "precision": 19.1800878477306,
    "recall": 16.54040404040404,
    "tp": 131,
    "fp": 552,
    "fn": 661
  },
  "jaccard": [
    0.5453257790368272
  ],
  "braycurtis": [
    0.25687086092715233
  ],
  "dice": [
    0.3748782862706913
  ],
  "cosinus": [
    0.06933599916808009
  ]
}