{
  "voc_eval_res": {
    "precision": 44.0367,
    "recall": 14.0762,
    "f-score": 21.3333
  },
  "KL_res": {
    "KL divergence": 3.0557981683593827,
    "Euclidean Dist.": 0.16903602627974124,
    "WER": 0.9311531841652324,
    "CER": 0.7115667718191377,
    "Cosine Dist.": 0.3191935780324733
  },
  "occ_eval_res": {
    "precision": 38.7955,
    "recall": 23.8382,
    "f-score": 29.5309
  },
  "clean_eval": {
    "f-score": 9.955752212389381,
    "precision": 8.174386920980927,
    "recall": 12.729844413012732,
    "tp": 90,
    "fp": 1011,
    "fn": 617
  },
  "jaccard": [
    0.652105096549541
  ],
  "braycurtis": [
    0.3613476490188819
  ],
  "dice": [
    0.48379520901831846
  ],
  "cosinus": [
    0.1337332421348616
  ]
}