{
  "voc_eval_res": {
    "precision": 66.6667,
    "recall": 48.8889,
    "f-score": 56.4103
  },
  "KL_res": {
    "KL divergence": 1.7677791624975,
    "Euclidean Dist.": 0.1254672926403186,
    "WER": 0.5661764705882353,
    "CER": 0.4412024756852343,
    "Cosine Dist.": 0.1875212398371956
  },
  "occ_eval_res": {
    "precision": 69.0,
    "recall": 50.7353,
    "f-score": 58.4746
  },
  "clean_eval": {
    "f-score": 53.982300884955755,
    "precision": 47.286821705426355,
    "recall": 62.88659793814433,
    "tp": 61,
    "fp": 68,
    "fn": 36
  },
  "jaccard": [
    0.46842105263157896
  ],
  "braycurtis": [
    0.2296538821328344
  ],
  "dice": [
    0.30584192439862545
  ],
  "cosinus": [
    0.054606354252566325
  ]
}