{
  "voc_eval_res": {
    "precision": 64.2202,
    "recall": 15.9817,
    "f-score": 25.5941
  },
  "KL_res": {
    "KL divergence": 2.3116044260598754,
    "Euclidean Dist.": 0.17043047970927094,
    "WER": 0.7759674134419552,
    "CER": 0.6335328302541418,
    "Cosine Dist.": 0.14532099243723806
  },
  "occ_eval_res": {
    "precision": 60.3641,
    "recall": 29.26,
    "f-score": 39.4147
  },
  "clean_eval": {
    "f-score": 26.673640167364017,
    "precision": 21.16182572614108,
    "recall": 36.06789250353607,
    "tp": 255,
    "fp": 950,
    "fn": 452
  },
  "jaccard": [
    0.7032704702793029
  ],
  "braycurtis": [
    0.35240437158469945
  ],
  "dice": [
    0.542341678939617
  ],
  "cosinus": [
    0.07471533168225308
  ]
}