{
  "voc_eval_res": {
    "precision": 56.6164,
    "recall": 35.1717,
    "f-score": 43.389
  },
  "KL_res": {
    "KL divergence": 1.4607075051860081,
    "Euclidean Dist.": 0.06962419412372735,
    "WER": 0.6877470355731226,
    "CER": 0.5165769339756305,
    "Cosine Dist.": 0.1332710264811534
  },
  "occ_eval_res": {
    "precision": 55.5728,
    "recall": 47.2991,
    "f-score": 51.1032
  },
  "clean_eval": {
    "f-score": 39.71684053651267,
    "precision": 37.3510861948143,
    "recall": 42.40254574383452,
    "tp": 533,
    "fp": 894,
    "fn": 724
  },
  "jaccard": [
    0.46772258219342455
  ],
  "braycurtis": [
    0.1863037487258862
  ],
  "dice": [
    0.3052466718872357
  ],
  "cosinus": [
    0.0271612723825162
  ]
}