{
  "voc_eval_res": {
    "precision": 70.21,
    "recall": 52.9179,
    "f-score": 60.3497
  },
  "KL_res": {
    "KL divergence": 0.8006398834660893,
    "Euclidean Dist.": 0.07172343150481271,
    "WER": 0.6369495166487648,
    "CER": 0.47227260948432237,
    "Cosine Dist.": 0.08538332613141075
  },
  "occ_eval_res": {
    "precision": 64.2819,
    "recall": 65.145,
    "f-score": 64.7106
  },
  "clean_eval": {
    "f-score": 44.63390170511534,
    "precision": 41.76442984514313,
    "recall": 47.92676359719978,
    "tp": 890,
    "fp": 1241,
    "fn": 967
  },
  "jaccard": [
    0.38480213644088374
  ],
  "braycurtis": [
    0.16944852042064074
  ],
  "dice": [
    0.2382383886968285
  ],
  "cosinus": [
    0.07466522076396487
  ]
}