{
  "voc_eval_res": {
    "precision": 46.5116,
    "recall": 20.0,
    "f-score": 27.972
  },
  "KL_res": {
    "KL divergence": 1.4034775533547186,
    "Euclidean Dist.": 0.330466570549017,
    "WER": 0.5275310834813499,
    "CER": 0.50462748727441,
    "Cosine Dist.": 0.0050188634454788605
  },
  "occ_eval_res": {
    "precision": 84.1808,
    "recall": 52.9307,
    "f-score": 64.9945
  },
  "clean_eval": {
    "f-score": 29.588431590656285,
    "precision": 24.094202898550723,
    "recall": 38.328530259366,
    "tp": 133,
    "fp": 419,
    "fn": 214
  },
  "jaccard": [
    0.5575432319618366
  ],
  "braycurtis": [
    0.2599528367318629
  ],
  "dice": [
    0.3865233567589913
  ],
  "cosinus": [
    0.015465422989883626
  ]
}