{
  "voc_eval_res": {
    "precision": 71.7742,
    "recall": 33.5849,
    "f-score": 45.7584
  },
  "KL_res": {
    "KL divergence": 1.710465995694981,
    "Euclidean Dist.": 0.13151112296174108,
    "WER": 0.567741935483871,
    "CER": 0.45618556701030927,
    "Cosine Dist.": 0.08150413625411823
  },
  "occ_eval_res": {
    "precision": 70.2381,
    "recall": 50.7527,
    "f-score": 58.9263
  },
  "clean_eval": {
    "f-score": 33.81014304291287,
    "precision": 29.213483146067414,
    "recall": 40.123456790123456,
    "tp": 130,
    "fp": 315,
    "fn": 194
  },
  "jaccard": [
    0.5124653739612188
  ],
  "braycurtis": [
    0.2471590909090909
  ],
  "dice": [
    0.34450651769087526
  ],
  "cosinus": [
    0.05865387628995744
  ]
}