{
  "voc_eval_res": {
    "precision": 62.7451,
    "recall": 18.1818,
    "f-score": 28.1938
  },
  "KL_res": {
    "KL divergence": 3.7991063893854733,
    "Euclidean Dist.": 0.3029960624803143,
    "WER": 0.797945205479452,
    "CER": 0.5451368666278392,
    "Cosine Dist.": 0.37155880047615686
  },
  "occ_eval_res": {
    "precision": 60.3306,
    "recall": 25.0,
    "f-score": 35.3511
  },
  "clean_eval": {
    "f-score": 32.35294117647059,
    "precision": 22.99651567944251,
    "recall": 54.54545454545454,
    "tp": 66,
    "fp": 221,
    "fn": 55
  },
  "jaccard": [
    0.6640625
  ],
  "braycurtis": [
    0.3810174120860362
  ],
  "dice": [
    0.49707602339181284
  ],
  "cosinus": [
    0.19048453869560533
  ]
}