{
  "voc_eval_res": {
    "precision": 46.7557,
    "recall": 30.9735,
    "f-score": 37.2624
  },
  "KL_res": {
    "KL divergence": 1.7674530061559495,
    "Euclidean Dist.": 0.22469006202299224,
    "WER": 0.8276892430278885,
    "CER": 0.6165054803352675,
    "Cosine Dist.": 0.5993395405163582
  },
  "occ_eval_res": {
    "precision": 41.9386,
    "recall": 43.5259,
    "f-score": 42.7175
  },
  "clean_eval": {
    "f-score": 27.096139660683548,
    "precision": 27.25024727992087,
    "recall": 26.943765281173594,
    "tp": 551,
    "fp": 1471,
    "fn": 1494
  },
  "jaccard": [
    0.4795427196149218
  ],
  "braycurtis": [
    0.30192171257595857
  ],
  "dice": [
    0.3153937475267115
  ],
  "cosinus": [
    0.219346854707271
  ]
}