{
  "voc_eval_res": {
    "precision": 37.9562,
    "recall": 24.5283,
    "f-score": 29.7994
  },
  "KL_res": {
    "KL divergence": 3.176767884516838,
    "Euclidean Dist.": 0.1979220502457955,
    "WER": 0.7964912280701755,
    "CER": 0.5943238731218697,
    "Cosine Dist.": 0.18696401181418076
  },
  "occ_eval_res": {
    "precision": 40.0943,
    "recall": 29.8246,
    "f-score": 34.2052
  },
  "clean_eval": {
    "f-score": 23.79958246346555,
    "precision": 20.727272727272727,
    "recall": 27.941176470588236,
    "tp": 57,
    "fp": 218,
    "fn": 147
  },
  "jaccard": [
    0.5617283950617284
  ],
  "braycurtis": [
    0.32441471571906355
  ],
  "dice": [
    0.3905579399141631
  ],
  "cosinus": [
    0.10243082925551905
  ]
}