{
  "voc_eval_res": {
    "precision": 64.4231,
    "recall": 28.5106,
    "f-score": 39.528
  },
  "KL_res": {
    "KL divergence": 2.3228215622984143,
    "Euclidean Dist.": 0.19423629451691282,
    "WER": 0.6942857142857143,
    "CER": 0.6017421602787456,
    "Cosine Dist.": 0.2501786737132903
  },
  "occ_eval_res": {
    "precision": 65.4054,
    "recall": 34.5714,
    "f-score": 45.2336
  },
  "clean_eval": {
    "f-score": 39.453125,
    "precision": 30.42168674698795,
    "recall": 56.111111111111114,
    "tp": 101,
    "fp": 231,
    "fn": 79
  },
  "jaccard": [
    0.6017838405036726
  ],
  "braycurtis": [
    0.3984691580369203
  ],
  "dice": [
    0.4303939962476548
  ],
  "cosinus": [
    0.1320060570271273
  ]
}