{
  "voc_eval_res": {
    "precision": 18.3168,
    "recall": 0.8164,
    "f-score": 1.5632
  },
  "KL_res": {
    "KL divergence": 3.9046726628755843,
    "Euclidean Dist.": 0.21728361394718157,
    "WER": 0.9869559430320778,
    "CER": 0.9010054461667365,
    "Cosine Dist.": 0.8786782291792506
  },
  "occ_eval_res": {
    "precision": 17.7005,
    "recall": 1.5573,
    "f-score": 2.8627
  },
  "clean_eval": {
    "f-score": 0.29146793852676206,
    "precision": 0.15955903684363215,
    "recall": 1.6819571865443423,
    "tp": 11,
    "fp": 6883,
    "fn": 643
  },
  "jaccard": [
    0.8269045323047252
  ],
  "braycurtis": [
    0.8172411885132518
  ],
  "dice": [
    0.7048910809699959
  ],
  "cosinus": [
    0.2702974295945888
  ]
}