{
  "voc_eval_res": {
    "precision": 17.5532,
    "recall": 0.7667,
    "f-score": 1.4693
  },
  "KL_res": {
    "KL divergence": 3.7650971387039185,
    "Euclidean Dist.": 0.20804515247152353,
    "WER": 0.9878102511381994,
    "CER": 0.9020131836807411,
    "Cosine Dist.": 0.8611337808660329
  },
  "occ_eval_res": {
    "precision": 17.1233,
    "recall": 1.4686,
    "f-score": 2.7053
  },
  "clean_eval": {
    "f-score": 0.11945647304763327,
    "precision": 0.06534879921581441,
    "recall": 0.6944444444444444,
    "tp": 4,
    "fp": 6117,
    "fn": 572
  },
  "jaccard": [
    0.8293515358361775
  ],
  "braycurtis": [
    0.8221546907165964
  ],
  "dice": [
    0.7084548104956269
  ],
  "cosinus": [
    0.26349228739581054
  ]
}