{
  "voc_eval_res": {
    "precision": 56.25,
    "recall": 23.6842,
    "f-score": 33.3333
  },
  "KL_res": {
    "KL divergence": 2.442504475240739,
    "Euclidean Dist.": 0.12170084098754451,
    "WER": 0.7339285714285714,
    "CER": 0.5949027498323273,
    "Cosine Dist.": 0.24537811203203597
  },
  "occ_eval_res": {
    "precision": 52.8902,
    "recall": 32.6786,
    "f-score": 40.3974
  },
  "clean_eval": {
    "f-score": 26.989619377162633,
    "precision": 22.07547169811321,
    "recall": 34.718100890207715,
    "tp": 117,
    "fp": 413,
    "fn": 220
  },
  "jaccard": [
    0.5876369327073553
  ],
  "braycurtis": [
    0.3422270623468554
  ],
  "dice": [
    0.41606648199445984
  ],
  "cosinus": [
    0.08383430684529702
  ]
}