{
  "voc_eval_res": {
    "precision": 41.9512,
    "recall": 12.61,
    "f-score": 19.3912
  },
  "KL_res": {
    "KL divergence": 3.0868461597978007,
    "Euclidean Dist.": 0.16226938552024514,
    "WER": 0.9380378657487092,
    "CER": 0.7154574132492113,
    "Cosine Dist.": 0.32973839911151714
  },
  "occ_eval_res": {
    "precision": 35.2789,
    "recall": 23.4079,
    "f-score": 28.1428
  },
  "clean_eval": {
    "f-score": 7.407407407407408,
    "precision": 6.267029972752043,
    "recall": 9.05511811023622,
    "tp": 69,
    "fp": 1032,
    "fn": 693
  },
  "jaccard": [
    0.6664554957237884
  ],
  "braycurtis": [
    0.36773999398134216
  ],
  "dice": [
    0.4997624703087886
  ],
  "cosinus": [
    0.14514642520522614
  ]
}