{
  "voc_eval_res": {
    "precision": 21.7822,
    "recall": 55.6962,
    "f-score": 31.3167
  },
  "KL_res": {
    "KL divergence": 1.2924340114175799,
    "Euclidean Dist.": 0.14902759012445455,
    "WER": 3.44375,
    "CER": 3.2750601443464316,
    "Cosine Dist.": 0.0987983005884896
  },
  "occ_eval_res": {
    "precision": 18.5358,
    "recall": 74.375,
    "f-score": 29.6758
  },
  "clean_eval": {
    "f-score": 15.775401069518717,
    "precision": 38.56209150326798,
    "recall": 9.915966386554622,
    "tp": 59,
    "fp": 94,
    "fn": 536
  },
  "jaccard": [
    0.625075346594334
  ],
  "braycurtis": [
    0.6324324324324324
  ],
  "dice": [
    0.45462516440157824
  ],
  "cosinus": [
    0.08584222378760376
  ]
}