{
  "voc_eval_res": {
    "precision": 50.5568,
    "recall": 38.8699,
    "f-score": 43.9497
  },
  "KL_res": {
    "KL divergence": 0.9653468728785398,
    "Euclidean Dist.": 0.0603713806272938,
    "WER": 0.6723287671232877,
    "CER": 0.5225307933593452,
    "Cosine Dist.": 0.07690823269104652
  },
  "occ_eval_res": {
    "precision": 62.2662,
    "recall": 63.8356,
    "f-score": 63.0411
  },
  "clean_eval": {
    "f-score": 29.497649096758227,
    "precision": 26.82268226822682,
    "recall": 32.76525563496427,
    "tp": 596,
    "fp": 1626,
    "fn": 1223
  },
  "jaccard": [
    0.48892171344165436
  ],
  "braycurtis": [
    0.20423048869438365
  ],
  "dice": [
    0.3235581622678397
  ],
  "cosinus": [
    0.14106555495426265
  ]
}