{
  "voc_eval_res": {
    "precision": 53.4483,
    "recall": 24.8996,
    "f-score": 33.9726
  },
  "KL_res": {
    "KL divergence": 2.3092381988761015,
    "Euclidean Dist.": 0.18095502800629948,
    "WER": 0.7168316831683168,
    "CER": 0.5721445528884199,
    "Cosine Dist.": 0.3502613398263763
  },
  "occ_eval_res": {
    "precision": 57.6792,
    "recall": 33.4653,
    "f-score": 42.3559
  },
  "clean_eval": {
    "f-score": 18.79895561357702,
    "precision": 15.031315240083506,
    "recall": 25.087108013937282,
    "tp": 72,
    "fp": 407,
    "fn": 215
  },
  "jaccard": [
    0.5646341463414634
  ],
  "braycurtis": [
    0.3535093367675467
  ],
  "dice": [
    0.3933729821580289
  ],
  "cosinus": [
    0.13066145535857465
  ]
}