{
  "voc_eval_res": {
    "precision": 35.4839,
    "recall": 13.253,
    "f-score": 19.2982
  },
  "KL_res": {
    "KL divergence": 4.83380713337111,
    "Euclidean Dist.": 0.3334072407605215,
    "WER": 0.8484848484848485,
    "CER": 0.5558823529411765,
    "Cosine Dist.": 0.6917346792731441
  },
  "occ_eval_res": {
    "precision": 27.9661,
    "recall": 20.0,
    "f-score": 23.3216
  },
  "clean_eval": {
    "f-score": 18.772563176895304,
    "precision": 16.352201257861633,
    "recall": 22.033898305084744,
    "tp": 26,
    "fp": 133,
    "fn": 92
  },
  "jaccard": [
    0.6292134831460674
  ],
  "braycurtis": [
    0.39321654863958255
  ],
  "dice": [
    0.45901639344262296
  ],
  "cosinus": [
    0.24257275134071854
  ]
}