{
  "voc_eval_res": {
    "precision": 50.0,
    "recall": 13.8298,
    "f-score": 21.6667
  },
  "KL_res": {
    "KL divergence": 5.101647013491043,
    "Euclidean Dist.": 0.3516175725918315,
    "WER": 0.85,
    "CER": 0.531496062992126,
    "Cosine Dist.": 0.7050346510876175
  },
  "occ_eval_res": {
    "precision": 30.9091,
    "recall": 17.0,
    "f-score": 21.9355
  },
  "clean_eval": {
    "f-score": 16.33986928104575,
    "precision": 12.755102040816327,
    "recall": 22.727272727272727,
    "tp": 25,
    "fp": 171,
    "fn": 85
  },
  "jaccard": [
    0.6746143057503506
  ],
  "braycurtis": [
    0.43495639534883723
  ],
  "dice": [
    0.508994708994709
  ],
  "cosinus": [
    0.25620325223501905
  ]
}