{
  "voc_eval_res": {
    "precision": 56.6667,
    "recall": 20.1316,
    "f-score": 29.7087
  },
  "KL_res": {
    "KL divergence": 2.9009394087569786,
    "Euclidean Dist.": 0.4298978214073446,
    "WER": 0.8491847826086957,
    "CER": 0.6610461426887861,
    "Cosine Dist.": 0.8428727030657889
  },
  "occ_eval_res": {
    "precision": 40.0816,
    "recall": 22.2373,
    "f-score": 28.6047
  },
  "clean_eval": {
    "f-score": 10.989717223650384,
    "precision": 8.108108108108109,
    "recall": 17.048853439680958,
    "tp": 171,
    "fp": 1938,
    "fn": 832
  },
  "jaccard": [
    0.6139727649496743
  ],
  "braycurtis": [
    0.48929748804383155
  ],
  "dice": [
    0.44297308842375055
  ],
  "cosinus": [
    0.6112541424610569
  ]
}