{
  "voc_eval_res": {
    "precision": 56.3063,
    "recall": 40.1929,
    "f-score": 46.9043
  },
  "KL_res": {
    "KL divergence": 1.0186214066643804,
    "Euclidean Dist.": 0.07461027125584806,
    "WER": 0.5433287482806052,
    "CER": 0.4340277777777778,
    "Cosine Dist.": 0.03047440173016691
  },
  "occ_eval_res": {
    "precision": 68.9249,
    "recall": 64.3741,
    "f-score": 66.5718
  },
  "clean_eval": {
    "f-score": 32.70348837209303,
    "precision": 31.914893617021278,
    "recall": 33.53204172876304,
    "tp": 225,
    "fp": 480,
    "fn": 446
  },
  "jaccard": [
    0.467680608365019
  ],
  "braycurtis": [
    0.16806538714150185
  ],
  "dice": [
    0.3052109181141439
  ],
  "cosinus": [
    0.01786597025430603
  ]
}