{
  "voc_eval_res": {
    "precision": 54.8611,
    "recall": 17.0626,
    "f-score": 26.0297
  },
  "KL_res": {
    "KL divergence": 4.022203169209941,
    "Euclidean Dist.": 0.1932004635127988,
    "WER": 0.8564036222509702,
    "CER": 0.6683775942869895,
    "Cosine Dist.": 0.7149599845825894
  },
  "occ_eval_res": {
    "precision": 52.809,
    "recall": 18.2406,
    "f-score": 27.1154
  },
  "clean_eval": {
    "f-score": 16.119402985074625,
    "precision": 10.843373493975903,
    "recall": 31.3953488372093,
    "tp": 81,
    "fp": 666,
    "fn": 177
  },
  "jaccard": [
    0.6355710549258936
  ],
  "braycurtis": [
    0.4508636092912448
  ],
  "dice": [
    0.465814696485623
  ],
  "cosinus": [
    0.2065355548594533
  ]
}