{
  "voc_eval_res": {
    "precision": 34.662,
    "recall": 22.9885,
    "f-score": 27.6434
  },
  "KL_res": {
    "KL divergence": 2.1265021538213933,
    "Euclidean Dist.": 0.10966189727116021,
    "WER": 0.865424430641822,
    "CER": 0.6142362760398996,
    "Cosine Dist.": 0.25245598921540136
  },
  "occ_eval_res": {
    "precision": 37.9221,
    "recall": 37.7847,
    "f-score": 37.8533
  },
  "clean_eval": {
    "f-score": 17.028288931612195,
    "precision": 16.756756756756758,
    "recall": 17.308766052484646,
    "tp": 310,
    "fp": 1540,
    "fn": 1481
  },
  "jaccard": [
    0.5350282485875706
  ],
  "braycurtis": [
    0.25817810833936683
  ],
  "dice": [
    0.3652140377940609
  ],
  "cosinus": [
    0.07442104344431377
  ]
}