{
  "voc_eval_res": {
    "precision": 67.7741,
    "recall": 60.0884,
    "f-score": 63.7002
  },
  "KL_res": {
    "KL divergence": 0.46745150890589415,
    "Euclidean Dist.": 0.030018661585118157,
    "WER": 0.33581718827620466,
    "CER": 0.23165205108586898,
    "Cosine Dist.": 0.020757119006737268
  },
  "occ_eval_res": {
    "precision": 77.9138,
    "recall": 79.0363,
    "f-score": 78.471
  },
  "clean_eval": {
    "f-score": 72.51870324189527,
    "precision": 72.88220551378446,
    "recall": 72.15880893300249,
    "tp": 1454,
    "fp": 541,
    "fn": 561
  },
  "jaccard": [
    0.3367970660146699
  ],
  "braycurtis": [
    0.08871037902734681
  ],
  "dice": [
    0.20249908122013965
  ],
  "cosinus": [
    0.007665309246782992
  ]
}