{
  "voc_eval_res": {
    "precision": 20.6667,
    "recall": 0.889,
    "f-score": 1.7047
  },
  "KL_res": {
    "KL divergence": 4.001786545949468,
    "Euclidean Dist.": 0.21949919698750314,
    "WER": 0.9895510835913313,
    "CER": 0.9482023156611822,
    "Cosine Dist.": 0.8429176246805357
  },
  "occ_eval_res": {
    "precision": 31.2977,
    "recall": 1.5867,
    "f-score": 3.0203
  },
  "clean_eval": {
    "f-score": 0.039070130884938464,
    "precision": 0.020529665366454525,
    "recall": 0.4032258064516129,
    "tp": 1,
    "fp": 4870,
    "fn": 247
  },
  "jaccard": [
    0.8480545823345012
  ],
  "braycurtis": [
    0.9064491064491065
  ],
  "dice": [
    0.7361933728189531
  ],
  "cosinus": [
    0.224468040483767
  ]
}