{
  "voc_eval_res": {
    "precision": 24.4681,
    "recall": 0.8553,
    "f-score": 1.6529
  },
  "KL_res": {
    "KL divergence": 4.16736677647023,
    "Euclidean Dist.": 0.28745560637320766,
    "WER": 0.9863709246392304,
    "CER": 0.950192148293271,
    "Cosine Dist.": 0.8162772785763212
  },
  "occ_eval_res": {
    "precision": 36.2162,
    "recall": 1.7905,
    "f-score": 3.4123
  },
  "clean_eval": {
    "f-score": 0.9137328675087342,
    "precision": 0.4798193621224951,
    "recall": 9.550561797752808,
    "tp": 17,
    "fp": 3526,
    "fn": 161
  },
  "jaccard": [
    0.8634727845254161
  ],
  "braycurtis": [
    0.9101858102106797
  ],
  "dice": [
    0.7597466851375421
  ],
  "cosinus": [
    0.28463138501704865
  ]
}