{
  "voc_eval_res": {
    "precision": 78.4483,
    "recall": 42.723,
    "f-score": 55.3191
  },
  "KL_res": {
    "KL divergence": 1.4449756157882416,
    "Euclidean Dist.": 0.1358192919396478,
    "WER": 0.5735607675906184,
    "CER": 0.45213849287169044,
    "Cosine Dist.": 0.19978774124985488
  },
  "occ_eval_res": {
    "precision": 79.3706,
    "recall": 48.4009,
    "f-score": 60.1325
  },
  "clean_eval": {
    "f-score": 38.80597014925374,
    "precision": 31.154684095860567,
    "recall": 51.438848920863315,
    "tp": 143,
    "fp": 316,
    "fn": 135
  },
  "jaccard": [
    0.44972826086956524
  ],
  "braycurtis": [
    0.2560319388994966
  ],
  "dice": [
    0.2900964066608238
  ],
  "cosinus": [
    0.07359346654277965
  ]
}