{
  "voc_eval_res": {
    "precision": 52.5862,
    "recall": 17.4286,
    "f-score": 26.1803
  },
  "KL_res": {
    "KL divergence": 4.407293680384758,
    "Euclidean Dist.": 0.2720582631461141,
    "WER": 0.8378048780487805,
    "CER": 0.5829722151414733,
    "Cosine Dist.": 0.7726580983820136
  },
  "occ_eval_res": {
    "precision": 51.5254,
    "recall": 18.5366,
    "f-score": 27.2646
  },
  "clean_eval": {
    "f-score": 12.842304060434373,
    "precision": 8.88888888888889,
    "recall": 23.12925170068027,
    "tp": 68,
    "fp": 697,
    "fn": 226
  },
  "jaccard": [
    0.6941747572815534
  ],
  "braycurtis": [
    0.4612592489180511
  ],
  "dice": [
    0.5315985130111525
  ],
  "cosinus": [
    0.4401608500273311
  ]
}