{
  "voc_eval_res": {
    "precision": 67.0886,
    "recall": 53.5354,
    "f-score": 59.5506
  },
  "KL_res": {
    "KL divergence": 1.0812284851839888,
    "Euclidean Dist.": 0.07732022761374356,
    "WER": 0.4539877300613497,
    "CER": 0.3250490516677567,
    "Cosine Dist.": 0.030041996708498275
  },
  "occ_eval_res": {
    "precision": 73.5099,
    "recall": 68.0982,
    "f-score": 70.7006
  },
  "clean_eval": {
    "f-score": 62.41610738255032,
    "precision": 59.23566878980891,
    "recall": 65.95744680851064,
    "tp": 93,
    "fp": 64,
    "fn": 48
  },
  "jaccard": [
    0.39767649687220735
  ],
  "braycurtis": [
    0.1707641196013289
  ],
  "dice": [
    0.24818739542665924
  ],
  "cosinus": [
    0.02795067657107464
  ]
}