{
  "voc_eval_res": {
    "precision": 37.2727,
    "recall": 3.7273,
    "f-score": 6.7769
  },
  "KL_res": {
    "KL divergence": 3.974354569057729,
    "Euclidean Dist.": 0.2659810957328593,
    "WER": 0.9330655957161981,
    "CER": 0.8215317199482123,
    "Cosine Dist.": 0.4288722402575458
  },
  "occ_eval_res": {
    "precision": 44.4444,
    "recall": 7.7644,
    "f-score": 13.2194
  },
  "clean_eval": {
    "f-score": 6.068431245965138,
    "precision": 3.6462373933281613,
    "recall": 18.076923076923077,
    "tp": 47,
    "fp": 1242,
    "fn": 213
  },
  "jaccard": [
    0.7793713762587733
  ],
  "braycurtis": [
    0.6881513548180215
  ],
  "dice": [
    0.6385
  ],
  "cosinus": [
    0.34713439058889717
  ]
}