{
  "voc_eval_res": {
    "precision": 72.8395,
    "recall": 71.9512,
    "f-score": 72.3926
  },
  "KL_res": {
    "KL divergence": 0.2714280648030048,
    "Euclidean Dist.": 0.10269045293852619,
    "WER": 0.3282674772036474,
    "CER": 0.3033210332103321,
    "Cosine Dist.": 0.02901783611826325
  },
  "occ_eval_res": {
    "precision": 88.8158,
    "recall": 82.0669,
    "f-score": 85.3081
  },
  "clean_eval": {
    "f-score": 48.330683624801274,
    "precision": 46.62576687116564,
    "recall": 50.165016501650165,
    "tp": 152,
    "fp": 174,
    "fn": 151
  },
  "jaccard": [
    0.2754285714285714
  ],
  "braycurtis": [
    0.1024427191819731
  ],
  "dice": [
    0.1597084161696488
  ],
  "cosinus": [
    0.02378453027687344
  ]
}