{
  "voc_eval_res": {
    "precision": 90.4255,
    "recall": 50.5952,
    "f-score": 64.8855
  },
  "KL_res": {
    "KL divergence": 1.3935953849724527,
    "Euclidean Dist.": 0.14497034399126804,
    "WER": 0.5181518151815182,
    "CER": 0.4392956441149212,
    "Cosine Dist.": 0.11043173556274022
  },
  "occ_eval_res": {
    "precision": 87.5676,
    "recall": 53.4653,
    "f-score": 66.3934
  },
  "clean_eval": {
    "f-score": 60.46511627906976,
    "precision": 48.47457627118644,
    "recall": 80.33707865168539,
    "tp": 143,
    "fp": 152,
    "fn": 35
  },
  "jaccard": [
    0.40499194847020936
  ],
  "braycurtis": [
    0.25601992803764184
  ],
  "dice": [
    0.25391216557294294
  ],
  "cosinus": [
    0.07472790557300113
  ]
}