{
  "voc_eval_res": {
    "precision": 50.4854,
    "recall": 16.8831,
    "f-score": 25.3041
  },
  "KL_res": {
    "KL divergence": 2.9306068212331624,
    "Euclidean Dist.": 0.15415090809671617,
    "WER": 0.9131914893617021,
    "CER": 0.70429691814868,
    "Cosine Dist.": 0.42208257284775663
  },
  "occ_eval_res": {
    "precision": 43.6464,
    "recall": 26.8936,
    "f-score": 33.2807
  },
  "clean_eval": {
    "f-score": 10.412147505422993,
    "precision": 8.495575221238937,
    "recall": 13.445378151260504,
    "tp": 96,
    "fp": 1034,
    "fn": 618
  },
  "jaccard": [
    0.6336879432624114
  ],
  "braycurtis": [
    0.3569154355578197
  ],
  "dice": [
    0.46379444588632235
  ],
  "cosinus": [
    0.18000292318845124
  ]
}