{
  "voc_eval_res": {
    "precision": 30.7125,
    "recall": 9.7125,
    "f-score": 14.758
  },
  "KL_res": {
    "KL divergence": 3.033718677412828,
    "Euclidean Dist.": 0.11756353928471344,
    "WER": 0.9045576407506702,
    "CER": 0.7267930137495355,
    "Cosine Dist.": 0.4041081872358314
  },
  "occ_eval_res": {
    "precision": 33.8501,
    "recall": 14.0483,
    "f-score": 19.856
  },
  "clean_eval": {
    "f-score": 5.87515299877601,
    "precision": 4.107244723331432,
    "recall": 10.315186246418339,
    "tp": 72,
    "fp": 1681,
    "fn": 626
  },
  "jaccard": [
    0.6582141309059385
  ],
  "braycurtis": [
    0.4733512651922694
  ],
  "dice": [
    0.49055079954773056
  ],
  "cosinus": [
    0.1967528953423675
  ]
}