{
  "voc_eval_res": {
    "precision": 67.2269,
    "recall": 19.8265,
    "f-score": 30.622
  },
  "KL_res": {
    "KL divergence": 1.6494920052863011,
    "Euclidean Dist.": 0.12160288992429114,
    "WER": 0.6838509316770186,
    "CER": 0.5152431548835309,
    "Cosine Dist.": 0.08629120939650836
  },
  "occ_eval_res": {
    "precision": 67.186,
    "recall": 42.8571,
    "f-score": 52.3322
  },
  "clean_eval": {
    "f-score": 22.90862290862291,
    "precision": 19.80712166172107,
    "recall": 27.1617497456765,
    "tp": 267,
    "fp": 1081,
    "fn": 716
  },
  "jaccard": [
    0.6778824585015703
  ],
  "braycurtis": [
    0.24815201124665548
  ],
  "dice": [
    0.5127248048863251
  ],
  "cosinus": [
    0.033407137176684976
  ]
}