{
  "voc_eval_res": {
    "precision": 23.5294,
    "recall": 0.7707,
    "f-score": 1.4925
  },
  "KL_res": {
    "KL divergence": 4.7753706274540235,
    "Euclidean Dist.": 0.2970536970849483,
    "WER": 0.9926818768833405,
    "CER": 0.931058303398729,
    "Cosine Dist.": 0.9617368656127148
  },
  "occ_eval_res": {
    "precision": 19.0083,
    "recall": 0.9901,
    "f-score": 1.8822
  },
  "clean_eval": {
    "f-score": 1.0380622837370244,
    "precision": 0.5476951163852123,
    "recall": 9.917355371900827,
    "tp": 12,
    "fp": 2179,
    "fn": 109
  },
  "jaccard": [
    0.8914525432616676
  ],
  "braycurtis": [
    0.887329286798179
  ],
  "dice": [
    0.804162724692526
  ],
  "cosinus": [
    0.5182388850623372
  ]
}