{
  "voc_eval_res": {
    "precision": 18.9744,
    "recall": 3.6027,
    "f-score": 6.0556
  },
  "KL_res": {
    "KL divergence": 3.942420426134013,
    "Euclidean Dist.": 0.13550736047879036,
    "WER": 0.9612703330751355,
    "CER": 0.8303937881308929,
    "Cosine Dist.": 0.5927063762940875
  },
  "occ_eval_res": {
    "precision": 23.5294,
    "recall": 5.5771,
    "f-score": 9.0169
  },
  "clean_eval": {
    "f-score": 2.4268379728765166,
    "precision": 1.4925373134328357,
    "recall": 6.488549618320611,
    "tp": 17,
    "fp": 1122,
    "fn": 245
  },
  "jaccard": [
    0.7784014969259556
  ],
  "braycurtis": [
    0.7091985508526994
  ],
  "dice": [
    0.637199124726477
  ],
  "cosinus": [
    0.2546025849097102
  ]
}