{
  "voc_eval_res": {
    "precision": 49.2063,
    "recall": 29.3375,
    "f-score": 36.7589
  },
  "KL_res": {
    "KL divergence": 1.6023185282376469,
    "Euclidean Dist.": 0.10889380750274069,
    "WER": 0.6819875776397516,
    "CER": 0.5081380790556251,
    "Cosine Dist.": 0.11821440092553026
  },
  "occ_eval_res": {
    "precision": 61.8117,
    "recall": 43.2298,
    "f-score": 50.8772
  },
  "clean_eval": {
    "f-score": 21.06060606060606,
    "precision": 17.84338896020539,
    "recall": 25.693160813308687,
    "tp": 139,
    "fp": 640,
    "fn": 402
  },
  "jaccard": [
    0.5445544554455446
  ],
  "braycurtis": [
    0.27610279239174423
  ],
  "dice": [
    0.3741496598639456
  ],
  "cosinus": [
    0.05893152978891403
  ]
}