{
  "voc_eval_res": {
    "precision": 78.1915,
    "recall": 54.8507,
    "f-score": 64.4737
  },
  "KL_res": {
    "KL divergence": 0.6341338327849744,
    "Euclidean Dist.": 0.0555437304636011,
    "WER": 0.3823953823953824,
    "CER": 0.3036330757849745,
    "Cosine Dist.": 0.02051645833657134
  },
  "occ_eval_res": {
    "precision": 85.4452,
    "recall": 72.0058,
    "f-score": 78.1519
  },
  "clean_eval": {
    "f-score": 55.96184419713832,
    "precision": 51.61290322580645,
    "recall": 61.111111111111114,
    "tp": 352,
    "fp": 330,
    "fn": 224
  },
  "jaccard": [
    0.3416666666666667
  ],
  "braycurtis": [
    0.1165992599604165
  ],
  "dice": [
    0.20603015075376885
  ],
  "cosinus": [
    0.014547523394206507
  ]
}