{
  "voc_eval_res": {
    "precision": 67.4419,
    "recall": 28.7129,
    "f-score": 40.2778
  },
  "KL_res": {
    "KL divergence": 2.1313574585551676,
    "Euclidean Dist.": 0.24869273374875778,
    "WER": 0.6440677966101694,
    "CER": 0.4884640738299275,
    "Cosine Dist.": 0.22390720137207443
  },
  "occ_eval_res": {
    "precision": 68.5714,
    "recall": 40.678,
    "f-score": 51.0638
  },
  "clean_eval": {
    "f-score": 39.711191335740075,
    "precision": 31.79190751445087,
    "recall": 52.88461538461539,
    "tp": 55,
    "fp": 118,
    "fn": 49
  },
  "jaccard": [
    0.5559246954595792
  ],
  "braycurtis": [
    0.28709428129829984
  ],
  "dice": [
    0.38496932515337423
  ],
  "cosinus": [
    0.12284113571647204
  ]
}