{
  "voc_eval_res": {
    "precision": 0.8511,
    "recall": 10.3896,
    "f-score": 1.5733
  },
  "KL_res": {
    "KL divergence": 6.158219375200407,
    "Euclidean Dist.": 0.29080938475207285,
    "WER": 48.119565217391305,
    "CER": 52.48692403486924,
    "Cosine Dist.": 0.8168729232354383
  },
  "occ_eval_res": {
    "precision": 0.2029,
    "recall": 9.7826,
    "f-score": 0.3975
  },
  "clean_eval": {
    "f-score": 0.13793103448275862,
    "precision": 4.10958904109589,
    "recall": 0.0701426233341127,
    "tp": 3,
    "fp": 70,
    "fn": 4274
  },
  "jaccard": [
    0.8526178010471204
  ],
  "braycurtis": [
    0.9704552719302251
  ],
  "dice": [
    0.7430983344741044
  ],
  "cosinus": [
    0.4634508434537147
  ]
}