{
  "voc_eval_res": {
    "precision": 58.8235,
    "recall": 62.5,
    "f-score": 60.6061
  },
  "KL_res": {
    "KL divergence": 1.8879259036963765,
    "Euclidean Dist.": 0.21303819280295694,
    "WER": 0.9411764705882353,
    "CER": 0.7466666666666667,
    "Cosine Dist.": 0.20740607609878303
  },
  "occ_eval_res": {
    "precision": 57.8947,
    "recall": 64.7059,
    "f-score": 61.1111
  },
  "clean_eval": {
    "f-score": 44.44444444444444,
    "precision": 47.05882352941176,
    "recall": 42.10526315789473,
    "tp": 8,
    "fp": 9,
    "fn": 11
  },
  "jaccard": [
    0.5419847328244275
  ],
  "braycurtis": [
    0.3333333333333333
  ],
  "dice": [
    0.3717277486910995
  ],
  "cosinus": [
    0.17302733418798932
  ]
}