{
  "voc_eval_res": {
    "precision": 50.0,
    "recall": 63.6364,
    "f-score": 56.0
  },
  "KL_res": {
    "KL divergence": 1.7165339075300134,
    "Euclidean Dist.": 0.23753114090453128,
    "WER": 0.9230769230769231,
    "CER": 0.7065217391304348,
    "Cosine Dist.": 0.1736657559871535
  },
  "occ_eval_res": {
    "precision": 56.25,
    "recall": 69.2308,
    "f-score": 62.069
  },
  "clean_eval": {
    "f-score": 53.84615384615385,
    "precision": 53.84615384615385,
    "recall": 53.84615384615385,
    "tp": 7,
    "fp": 6,
    "fn": 6
  },
  "jaccard": [
    0.55
  ],
  "braycurtis": [
    0.28292682926829266
  ],
  "dice": [
    0.3793103448275862
  ],
  "cosinus": [
    0.13002953546514895
  ]
}