{
  "voc_eval_res": {
    "precision": 10.1852,
    "recall": 0.5546,
    "f-score": 1.0519
  },
  "KL_res": {
    "KL divergence": 3.40342025101878,
    "Euclidean Dist.": 0.17303807768781776,
    "WER": 0.9885009408321137,
    "CER": 0.8739859665597204,
    "Cosine Dist.": 0.7370435523819538
  },
  "occ_eval_res": {
    "precision": 10.957,
    "recall": 1.6517,
    "f-score": 2.8706
  },
  "clean_eval": {
    "f-score": 0.5178251344353715,
    "precision": 0.3017641597028784,
    "recall": 1.8232819074333801,
    "tp": 13,
    "fp": 4295,
    "fn": 700
  },
  "jaccard": [
    0.814477923062346
  ],
  "braycurtis": [
    0.7823259117849453
  ],
  "dice": [
    0.6870204603580563
  ],
  "cosinus": [
    0.30935263174348293
  ]
}