{
  "voc_eval_res": {
    "precision": 24.1379,
    "recall": 1.2791,
    "f-score": 2.4295
  },
  "KL_res": {
    "KL divergence": 4.004561496869453,
    "Euclidean Dist.": 0.2209101295102638,
    "WER": 0.9808612440191388,
    "CER": 0.9070901033973412,
    "Cosine Dist.": 0.8357971873641226
  },
  "occ_eval_res": {
    "precision": 21.5017,
    "recall": 2.3187,
    "f-score": 4.186
  },
  "clean_eval": {
    "f-score": 0.5683836589698047,
    "precision": 0.31645569620253167,
    "recall": 2.7874564459930316,
    "tp": 8,
    "fp": 2520,
    "fn": 279
  },
  "jaccard": [
    0.8223502881483338
  ],
  "braycurtis": [
    0.8278933052557691
  ],
  "dice": [
    0.6982978723404255
  ],
  "cosinus": [
    0.35289402433856887
  ]
}