{
  "voc_eval_res": {
    "precision": 79.8387,
    "recall": 43.2314,
    "f-score": 56.0907
  },
  "KL_res": {
    "KL divergence": 1.0001910198167103,
    "Euclidean Dist.": 0.08769568962578907,
    "WER": 0.5301724137931034,
    "CER": 0.42573579739904177,
    "Cosine Dist.": 0.04898990475812215
  },
  "occ_eval_res": {
    "precision": 85.1964,
    "recall": 60.7759,
    "f-score": 70.9434
  },
  "clean_eval": {
    "f-score": 43.90243902439025,
    "precision": 37.91574279379157,
    "recall": 52.13414634146341,
    "tp": 171,
    "fp": 280,
    "fn": 157
  },
  "jaccard": [
    0.44411237298266587
  ],
  "braycurtis": [
    0.18908662653755562
  ],
  "dice": [
    0.2854398770649251
  ],
  "cosinus": [
    0.03844903551192003
  ]
}