{
  "voc_eval_res": {
    "precision": 13.3333,
    "recall": 8.1633,
    "f-score": 10.1266
  },
  "KL_res": {
    "KL divergence": 5.263180207805817,
    "Euclidean Dist.": 0.20138053125431707,
    "WER": 0.8947368421052632,
    "CER": 0.7422096317280453,
    "Cosine Dist.": 0.3775050201005631
  },
  "occ_eval_res": {
    "precision": 21.2121,
    "recall": 12.2807,
    "f-score": 15.5556
  },
  "clean_eval": {
    "f-score": 14.285714285714285,
    "precision": 11.320754716981133,
    "recall": 19.35483870967742,
    "tp": 6,
    "fp": 47,
    "fn": 25
  },
  "jaccard": [
    0.807570977917981
  ],
  "braycurtis": [
    0.6730434782608695
  ],
  "dice": [
    0.6772486772486772
  ],
  "cosinus": [
    0.5106090147768951
  ]
}