{
  "voc_eval_res": {
    "precision": 26.5625,
    "recall": 3.5211,
    "f-score": 6.218
  },
  "KL_res": {
    "KL divergence": 2.860482685116599,
    "Euclidean Dist.": 0.15651889109159078,
    "WER": 0.973336719146775,
    "CER": 0.8905228077483858,
    "Cosine Dist.": 0.6677373059357433
  },
  "occ_eval_res": {
    "precision": 34.2799,
    "recall": 4.2915,
    "f-score": 7.6281
  },
  "clean_eval": {
    "f-score": 1.218917601170161,
    "precision": 0.6900358818658571,
    "recall": 5.219206680584551,
    "tp": 25,
    "fp": 3598,
    "fn": 454
  },
  "jaccard": [
    0.7813715093672676
  ],
  "braycurtis": [
    0.7926150733434497
  ],
  "dice": [
    0.6411892675852067
  ],
  "cosinus": [
    0.2536404196276897
  ]
}