{
  "voc_eval_res": {
    "precision": 35.8752,
    "recall": 24.7312,
    "f-score": 29.2786
  },
  "KL_res": {
    "KL divergence": 1.8335407945800346,
    "Euclidean Dist.": 0.10998337614264699,
    "WER": 0.913232104121475,
    "CER": 0.638859704419696,
    "Cosine Dist.": 0.17743473684449262
  },
  "occ_eval_res": {
    "precision": 38.2927,
    "recall": 42.5705,
    "f-score": 40.3184
  },
  "clean_eval": {
    "f-score": 19.67926066865996,
    "precision": 20.34851039910062,
    "recall": 19.05263157894737,
    "tp": 362,
    "fp": 1417,
    "fn": 1538
  },
  "jaccard": [
    0.5347021399652978
  ],
  "braycurtis": [
    0.24712321540439844
  ],
  "dice": [
    0.36491020327610024
  ],
  "cosinus": [
    0.06418505970872757
  ]
}