{
  "voc_eval_res": {
    "precision": 40.3226,
    "recall": 27.933,
    "f-score": 33.0033
  },
  "KL_res": {
    "KL divergence": 2.2441158653158295,
    "Euclidean Dist.": 0.12197346880050809,
    "WER": 0.9429530201342282,
    "CER": 0.7421475529583638,
    "Cosine Dist.": 0.14862586268035383
  },
  "occ_eval_res": {
    "precision": 39.8792,
    "recall": 44.2953,
    "f-score": 41.9714
  },
  "clean_eval": {
    "f-score": 15.635179153094464,
    "precision": 16.783216783216783,
    "recall": 14.634146341463413,
    "tp": 48,
    "fp": 238,
    "fn": 280
  },
  "jaccard": [
    0.5305343511450382
  ],
  "braycurtis": [
    0.3064354784928309
  ],
  "dice": [
    0.36103896103896105
  ],
  "cosinus": [
    0.08775496446235753
  ]
}