{
  "voc_eval_res": {
    "precision": 24.2424,
    "recall": 1.1603,
    "f-score": 2.2145
  },
  "KL_res": {
    "KL divergence": 3.9838071014918013,
    "Euclidean Dist.": 0.1603821036013214,
    "WER": 0.9929505066823322,
    "CER": 0.9393074230981765,
    "Cosine Dist.": 0.9485984654528568
  },
  "occ_eval_res": {
    "precision": 21.1587,
    "recall": 1.2337,
    "f-score": 2.3314
  },
  "clean_eval": {
    "f-score": 0.05963029218843173,
    "precision": 0.031650577623041624,
    "recall": 0.5141388174807198,
    "tp": 2,
    "fp": 6317,
    "fn": 387
  },
  "jaccard": [
    0.8243885869565217
  ],
  "braycurtis": [
    0.8897726547712724
  ],
  "dice": [
    0.7012424154868535
  ],
  "cosinus": [
    0.21191801024388357
  ]
}