{
  "voc_eval_res": {
    "precision": 23.913,
    "recall": 0.8308,
    "f-score": 1.6058
  },
  "KL_res": {
    "KL divergence": 3.818726924582811,
    "Euclidean Dist.": 0.20950292703417575,
    "WER": 0.9928165219994014,
    "CER": 0.9264918057045615,
    "Cosine Dist.": 0.8937089120967611
  },
  "occ_eval_res": {
    "precision": 15.5477,
    "recall": 1.317,
    "f-score": 2.4283
  },
  "clean_eval": {
    "f-score": 0.4596380350474001,
    "precision": 0.24992189940643547,
    "recall": 2.857142857142857,
    "tp": 8,
    "fp": 3193,
    "fn": 272
  },
  "jaccard": [
    0.8695652173913043
  ],
  "braycurtis": [
    0.873765316859577
  ],
  "dice": [
    0.7692307692307693
  ],
  "cosinus": [
    0.35668957939210366
  ]
}