{
  "voc_eval_res": {
    "precision": 9.3023,
    "recall": 0.1917,
    "f-score": 0.3756
  },
  "KL_res": {
    "KL divergence": 4.075376526130293,
    "Euclidean Dist.": 0.28140960845751745,
    "WER": 0.9972033559728326,
    "CER": 0.9530449774352213,
    "Cosine Dist.": 0.9630876874810101
  },
  "occ_eval_res": {
    "precision": 6.6667,
    "recall": 0.2797,
    "f-score": 0.5368
  },
  "clean_eval": {
    "f-score": 0.3148366784730421,
    "precision": 0.16413623307345096,
    "recall": 3.8461538461538463,
    "tp": 4,
    "fp": 2433,
    "fn": 100
  },
  "jaccard": [
    0.9067818135636271
  ],
  "braycurtis": [
    0.9225750743547922
  ],
  "dice": [
    0.8294609665427509
  ],
  "cosinus": [
    0.5735130665369561
  ]
}