{
  "voc_eval_res": {
    "precision": 27.957,
    "recall": 4.2498,
    "f-score": 7.378
  },
  "KL_res": {
    "KL divergence": 2.4587278858227806,
    "Euclidean Dist.": 0.09730116644061562,
    "WER": 0.9773612915197625,
    "CER": 0.8929645027182603,
    "Cosine Dist.": 0.5363168520865826
  },
  "occ_eval_res": {
    "precision": 36.1765,
    "recall": 4.5649,
    "f-score": 8.1068
  },
  "clean_eval": {
    "f-score": 0.9134024240295099,
    "precision": 0.5176189528170416,
    "recall": 3.880597014925373,
    "tp": 26,
    "fp": 4997,
    "fn": 644
  },
  "jaccard": [
    0.7618534482758621
  ],
  "braycurtis": [
    0.7956345908813917
  ],
  "dice": [
    0.6153176675369887
  ],
  "cosinus": [
    0.1937869878864109
  ]
}