{
  "voc_eval_res": {
    "precision": 24.0741,
    "recall": 59.0909,
    "f-score": 34.2105
  },
  "KL_res": {
    "KL divergence": 1.1461016831180357,
    "Euclidean Dist.": 0.11889862511783356,
    "WER": 2.316666666666667,
    "CER": 2.161654135338346,
    "Cosine Dist.": 0.0757509552690322
  },
  "occ_eval_res": {
    "precision": 25.6267,
    "recall": 76.6667,
    "f-score": 38.4134
  },
  "clean_eval": {
    "f-score": 16.919739696312362,
    "precision": 34.21052631578947,
    "recall": 11.239193083573488,
    "tp": 39,
    "fp": 75,
    "fn": 308
  },
  "jaccard": [
    0.5819250551065394
  ],
  "braycurtis": [
    0.5379953379953379
  ],
  "dice": [
    0.41036269430051814
  ],
  "cosinus": [
    0.052993281029477535
  ]
}