{
  "voc_eval_res": {
    "precision": 62.2449,
    "recall": 22.7612,
    "f-score": 33.3333
  },
  "KL_res": {
    "KL divergence": 1.4047086318249928,
    "Euclidean Dist.": 0.11313618319681153,
    "WER": 0.5875668449197861,
    "CER": 0.43301797540208137,
    "Cosine Dist.": 0.07412171667137113
  },
  "occ_eval_res": {
    "precision": 72.7101,
    "recall": 51.4706,
    "f-score": 60.274
  },
  "clean_eval": {
    "f-score": 22.635135135135133,
    "precision": 20.165537998495108,
    "recall": 25.794032723772858,
    "tp": 268,
    "fp": 1061,
    "fn": 771
  },
  "jaccard": [
    0.6440520446096655
  ],
  "braycurtis": [
    0.2063388417298709
  ],
  "dice": [
    0.47498286497601094
  ],
  "cosinus": [
    0.03640201710490654
  ]
}