{
  "voc_eval_res": {
    "precision": 42.3163,
    "recall": 29.2308,
    "f-score": 34.5769
  },
  "KL_res": {
    "KL divergence": 1.3707576929734648,
    "Euclidean Dist.": 0.07234670472850299,
    "WER": 0.771117166212534,
    "CER": 0.6128659793814433,
    "Cosine Dist.": 0.11355439225042285
  },
  "occ_eval_res": {
    "precision": 53.1801,
    "recall": 54.2234,
    "f-score": 53.6967
  },
  "clean_eval": {
    "f-score": 24.906743185078913,
    "precision": 26.05042016806723,
    "recall": 23.859263331500824,
    "tp": 434,
    "fp": 1232,
    "fn": 1385
  },
  "jaccard": [
    0.6388318503308237
  ],
  "braycurtis": [
    0.2507687802020794
  ],
  "dice": [
    0.46932618169627893
  ],
  "cosinus": [
    0.0298788852117573
  ]
}