{
  "voc_eval_res": {
    "precision": 52.381,
    "recall": 28.4483,
    "f-score": 36.8715
  },
  "KL_res": {
    "KL divergence": 1.4904893101476724,
    "Euclidean Dist.": 0.10128254992060945,
    "WER": 0.6697459584295612,
    "CER": 0.5189387885568164,
    "Cosine Dist.": 0.09065374164260231
  },
  "occ_eval_res": {
    "precision": 66.7851,
    "recall": 43.418,
    "f-score": 52.6242
  },
  "clean_eval": {
    "f-score": 21.304347826086957,
    "precision": 17.520858164481528,
    "recall": 27.171903881700555,
    "tp": 147,
    "fp": 692,
    "fn": 394
  },
  "jaccard": [
    0.559483994266603
  ],
  "braycurtis": [
    0.29363800132739165
  ],
  "dice": [
    0.38839137645107796
  ],
  "cosinus": [
    0.04294701241073107
  ]
}