{
  "voc_eval_res": {
    "precision": 21.4286,
    "recall": 27.907,
    "f-score": 24.2424
  },
  "KL_res": {
    "KL divergence": 2.391556175071342,
    "Euclidean Dist.": 0.18828478235890314,
    "WER": 1.2292490118577075,
    "CER": 0.8932522123893806,
    "Cosine Dist.": 0.2774788484713392
  },
  "occ_eval_res": {
    "precision": 28.8089,
    "recall": 41.1067,
    "f-score": 33.8762
  },
  "clean_eval": {
    "f-score": 5.762711864406779,
    "precision": 6.772908366533864,
    "recall": 5.014749262536873,
    "tp": 17,
    "fp": 234,
    "fn": 322
  },
  "jaccard": [
    0.7225471085120208
  ],
  "braycurtis": [
    0.41596441947565543
  ],
  "dice": [
    0.5656154628687691
  ],
  "cosinus": [
    0.12917713172738543
  ]
}