{
  "voc_eval_res": {
    "precision": 64.5503,
    "recall": 45.5224,
    "f-score": 53.3917
  },
  "KL_res": {
    "KL divergence": 1.0223335259362367,
    "Euclidean Dist.": 0.09178755770431356,
    "WER": 0.6147672552166934,
    "CER": 0.4806678383128295,
    "Cosine Dist.": 0.07804689603195991
  },
  "occ_eval_res": {
    "precision": 67.1403,
    "recall": 60.6742,
    "f-score": 63.7437
  },
  "clean_eval": {
    "f-score": 24.186046511627907,
    "precision": 20.827770360480642,
    "recall": 28.835489833641404,
    "tp": 156,
    "fp": 593,
    "fn": 385
  },
  "jaccard": [
    0.475577026301664
  ],
  "braycurtis": [
    0.2208817723184909
  ],
  "dice": [
    0.31197183098591547
  ],
  "cosinus": [
    0.10804140188300049
  ]
}