{
  "voc_eval_res": {
    "precision": 62.7389,
    "recall": 30.9262,
    "f-score": 41.4301
  },
  "KL_res": {
    "KL divergence": 1.8444792726362689,
    "Euclidean Dist.": 0.11581647637492797,
    "WER": 0.7155443675267463,
    "CER": 0.5907538146208153,
    "Cosine Dist.": 0.19916665858657823
  },
  "occ_eval_res": {
    "precision": 69.8381,
    "recall": 43.4235,
    "f-score": 53.5506
  },
  "clean_eval": {
    "f-score": 31.405591727307545,
    "precision": 25.015253203172666,
    "recall": 42.181069958847736,
    "tp": 410,
    "fp": 1229,
    "fn": 562
  },
  "jaccard": [
    0.4897753938987596
  ],
  "braycurtis": [
    0.2627743792731198
  ],
  "dice": [
    0.32430632630410655
  ],
  "cosinus": [
    0.06553210731062109
  ]
}