{
  "voc_eval_res": {
    "precision": 71.7593,
    "recall": 33.4052,
    "f-score": 45.5882
  },
  "KL_res": {
    "KL divergence": 1.468570230149191,
    "Euclidean Dist.": 0.11917908176792691,
    "WER": 0.6198723792160438,
    "CER": 0.49911719267269916,
    "Cosine Dist.": 0.13808473600105098
  },
  "occ_eval_res": {
    "precision": 73.2316,
    "recall": 48.1313,
    "f-score": 58.0858
  },
  "clean_eval": {
    "f-score": 35.706340378198,
    "precision": 29.5852534562212,
    "recall": 45.02103786816269,
    "tp": 321,
    "fp": 764,
    "fn": 392
  },
  "jaccard": [
    0.4954799827808868
  ],
  "braycurtis": [
    0.22830903602851454
  ],
  "dice": [
    0.32932761087267526
  ],
  "cosinus": [
    0.03634696432116835
  ]
}