{
  "voc_eval_res": {
    "precision": 64.7577,
    "recall": 46.3722,
    "f-score": 54.0441
  },
  "KL_res": {
    "KL divergence": 0.9653366812200908,
    "Euclidean Dist.": 0.10815927201517282,
    "WER": 0.5049226441631505,
    "CER": 0.40444381943467866,
    "Cosine Dist.": 0.033264018780597926
  },
  "occ_eval_res": {
    "precision": 67.9542,
    "recall": 66.8073,
    "f-score": 67.3759
  },
  "clean_eval": {
    "f-score": 44.201312910284464,
    "precision": 44.29824561403509,
    "recall": 44.10480349344978,
    "tp": 303,
    "fp": 381,
    "fn": 384
  },
  "jaccard": [
    0.4471996579734929
  ],
  "braycurtis": [
    0.17728511981632947
  ],
  "dice": [
    0.2879955947136564
  ],
  "cosinus": [
    0.028332400118100787
  ]
}