{
  "voc_eval_res": {
    "precision": 55.4054,
    "recall": 38.8013,
    "f-score": 45.6401
  },
  "KL_res": {
    "KL divergence": 1.2028280828813023,
    "Euclidean Dist.": 0.09428877494921893,
    "WER": 0.5864978902953587,
    "CER": 0.4635072423006609,
    "Cosine Dist.": 0.04370119690338636
  },
  "occ_eval_res": {
    "precision": 63.0339,
    "recall": 60.1969,
    "f-score": 61.5827
  },
  "clean_eval": {
    "f-score": 33.65313653136531,
    "precision": 33.33333333333333,
    "recall": 33.97913561847988,
    "tp": 228,
    "fp": 456,
    "fn": 443
  },
  "jaccard": [
    0.4725969645868465
  ],
  "braycurtis": [
    0.19728440366972477
  ],
  "dice": [
    0.3094120894286503
  ],
  "cosinus": [
    0.03122014638006032
  ]
}