{
  "voc_eval_res": {
    "precision": 56.0976,
    "recall": 26.7442,
    "f-score": 36.2205
  },
  "KL_res": {
    "KL divergence": 2.0371053765367217,
    "Euclidean Dist.": 0.19563778940112161,
    "WER": 0.6470588235294118,
    "CER": 0.4327979712595097,
    "Cosine Dist.": 0.1175641859171388
  },
  "occ_eval_res": {
    "precision": 59.0551,
    "recall": 49.0196,
    "f-score": 53.5714
  },
  "clean_eval": {
    "f-score": 50.0,
    "precision": 46.308724832214764,
    "recall": 54.330708661417326,
    "tp": 69,
    "fp": 80,
    "fn": 58
  },
  "jaccard": [
    0.5519399249061326
  ],
  "braycurtis": [
    0.2722710163111669
  ],
  "dice": [
    0.3811581676750216
  ],
  "cosinus": [
    0.09237067167643875
  ]
}