{
  "voc_eval_res": {
    "precision": 36.9565,
    "recall": 1.892,
    "f-score": 3.5998
  },
  "KL_res": {
    "KL divergence": 3.8449659641198988,
    "Euclidean Dist.": 0.23132765076304304,
    "WER": 0.9775467775467775,
    "CER": 0.890585835033518,
    "Cosine Dist.": 0.737005765739678
  },
  "occ_eval_res": {
    "precision": 30.0353,
    "recall": 3.5343,
    "f-score": 6.3244
  },
  "clean_eval": {
    "f-score": 1.0748560460652592,
    "precision": 0.6021505376344086,
    "recall": 5.0,
    "tp": 14,
    "fp": 2311,
    "fn": 266
  },
  "jaccard": [
    0.8543911946801193
  ],
  "braycurtis": [
    0.8039356359536742
  ],
  "dice": [
    0.7457966373098479
  ],
  "cosinus": [
    0.335924877549433
  ]
}