{
  "voc_eval_res": {
    "precision": 18.6047,
    "recall": 0.6061,
    "f-score": 1.1739
  },
  "KL_res": {
    "KL divergence": 4.680598938132289,
    "Euclidean Dist.": 0.364501430024952,
    "WER": 0.9938157081014224,
    "CER": 0.9231292517006803,
    "Cosine Dist.": 0.9546232453188296
  },
  "occ_eval_res": {
    "precision": 9.5238,
    "recall": 0.6184,
    "f-score": 1.1614
  },
  "clean_eval": {
    "f-score": 0.7202881152460985,
    "precision": 0.3841229193341869,
    "recall": 5.769230769230769,
    "tp": 6,
    "fp": 1556,
    "fn": 98
  },
  "jaccard": [
    0.8969957081545065
  ],
  "braycurtis": [
    0.8694029850746269
  ],
  "dice": [
    0.8132295719844358
  ],
  "cosinus": [
    0.4777792844475479
  ]
}