{
  "voc_eval_res": {
    "precision": 42.6606,
    "recall": 26.1972,
    "f-score": 32.4607
  },
  "KL_res": {
    "KL divergence": 2.744325967561906,
    "Euclidean Dist.": 0.1633996083364396,
    "WER": 0.8410462776659959,
    "CER": 0.6817122888759464,
    "Cosine Dist.": 0.5190783725117758
  },
  "occ_eval_res": {
    "precision": 34.004,
    "recall": 34.004,
    "f-score": 34.004
  },
  "clean_eval": {
    "f-score": 24.324324324324323,
    "precision": 24.68354430379747,
    "recall": 23.975409836065573,
    "tp": 117,
    "fp": 357,
    "fn": 371
  },
  "jaccard": [
    0.5442382391022874
  ],
  "braycurtis": [
    0.3323081037710618
  ],
  "dice": [
    0.3738511710643344
  ],
  "cosinus": [
    0.12462946529676067
  ]
}