{
  "voc_eval_res": {
    "precision": 28.5137,
    "recall": 13.5317,
    "f-score": 18.3534
  },
  "KL_res": {
    "KL divergence": 2.070068008940283,
    "Euclidean Dist.": 0.10543180034896077,
    "WER": 0.9450884685784015,
    "CER": 0.6965075320392715,
    "Cosine Dist.": 0.18930055715605454
  },
  "occ_eval_res": {
    "precision": 27.2648,
    "recall": 28.4625,
    "f-score": 27.8507
  },
  "clean_eval": {
    "f-score": 12.769278801123946,
    "precision": 13.05041480536056,
    "recall": 12.5,
    "tp": 409,
    "fp": 2725,
    "fn": 2863
  },
  "jaccard": [
    0.6069130354844641
  ],
  "braycurtis": [
    0.278516642037858
  ],
  "dice": [
    0.4356605516695262
  ],
  "cosinus": [
    0.06879048998976756
  ]
}