{
  "voc_eval_res": {
    "precision": 37.1287,
    "recall": 3.6127,
    "f-score": 6.5847
  },
  "KL_res": {
    "KL divergence": 4.232841294519173,
    "Euclidean Dist.": 0.2607634231094932,
    "WER": 0.9507138666145121,
    "CER": 0.8141931556289951,
    "Cosine Dist.": 0.845199659806799
  },
  "occ_eval_res": {
    "precision": 44.1755,
    "recall": 5.7109,
    "f-score": 10.1143
  },
  "clean_eval": {
    "f-score": 3.0247141276281817,
    "precision": 1.7197986577181208,
    "recall": 12.538226299694188,
    "tp": 82,
    "fp": 4686,
    "fn": 572
  },
  "jaccard": [
    0.7861861861861862
  ],
  "braycurtis": [
    0.6568824874569098
  ],
  "dice": [
    0.6476991588322613
  ],
  "cosinus": [
    0.3209433635542407
  ]
}