{
  "voc_eval_res": {
    "precision": 40.4762,
    "recall": 33.3333,
    "f-score": 36.5591
  },
  "KL_res": {
    "KL divergence": 3.282233847023226,
    "Euclidean Dist.": 0.18580404694104402,
    "WER": 0.864406779661017,
    "CER": 0.6643356643356644,
    "Cosine Dist.": 0.3667359115924581
  },
  "occ_eval_res": {
    "precision": 39.2857,
    "recall": 37.2881,
    "f-score": 38.2609
  },
  "clean_eval": {
    "f-score": 32.72727272727272,
    "precision": 31.57894736842105,
    "recall": 33.9622641509434,
    "tp": 18,
    "fp": 39,
    "fn": 35
  },
  "jaccard": [
    0.6340782122905028
  ],
  "braycurtis": [
    0.4405506883604506
  ],
  "dice": [
    0.46421267893660534
  ],
  "cosinus": [
    0.23073691010965458
  ]
}