{
  "voc_eval_res": {
    "precision": 54.5455,
    "recall": 28.8462,
    "f-score": 37.7358
  },
  "KL_res": {
    "KL divergence": 2.397993700511959,
    "Euclidean Dist.": 0.22967134591760735,
    "WER": 0.7566137566137566,
    "CER": 0.6713240186294078,
    "Cosine Dist.": 0.2841710921353735
  },
  "occ_eval_res": {
    "precision": 46.8085,
    "recall": 46.5608,
    "f-score": 46.6844
  },
  "clean_eval": {
    "f-score": 36.95652173913043,
    "precision": 37.362637362637365,
    "recall": 36.55913978494624,
    "tp": 68,
    "fp": 114,
    "fn": 118
  },
  "jaccard": [
    0.6293436293436293
  ],
  "braycurtis": [
    0.3372594082160299
  ],
  "dice": [
    0.4591549295774648
  ],
  "cosinus": [
    0.09037384185445152
  ]
}