{
  "voc_eval_res": {
    "precision": 51.5625,
    "recall": 11.8705,
    "f-score": 19.2982
  },
  "KL_res": {
    "KL divergence": 3.7885951060046423,
    "Euclidean Dist.": 0.2809251854860341,
    "WER": 0.8145539906103286,
    "CER": 0.5696017537449762,
    "Cosine Dist.": 0.34135450872847606
  },
  "occ_eval_res": {
    "precision": 51.4124,
    "recall": 21.3615,
    "f-score": 30.1824
  },
  "clean_eval": {
    "f-score": 26.422764227642276,
    "precision": 20.634920634920633,
    "recall": 36.72316384180791,
    "tp": 65,
    "fp": 250,
    "fn": 112
  },
  "jaccard": [
    0.7733615221987316
  ],
  "braycurtis": [
    0.4246048697137975
  ],
  "dice": [
    0.630472250947949
  ],
  "cosinus": [
    0.13053486205078157
  ]
}