{
  "voc_eval_res": {
    "precision": 66.0,
    "recall": 25.0,
    "f-score": 36.2637
  },
  "KL_res": {
    "KL divergence": 1.8424051176272631,
    "Euclidean Dist.": 0.199750959879665,
    "WER": 0.7075812274368231,
    "CER": 0.564589352042922,
    "Cosine Dist.": 0.08998616980291185
  },
  "occ_eval_res": {
    "precision": 82.6087,
    "recall": 41.1552,
    "f-score": 54.9398
  },
  "clean_eval": {
    "f-score": 15.647921760391197,
    "precision": 11.678832116788321,
    "recall": 23.703703703703706,
    "tp": 32,
    "fp": 242,
    "fn": 103
  },
  "jaccard": [
    0.5867026055705301
  ],
  "braycurtis": [
    0.3313077939233818
  ],
  "dice": [
    0.4151303242212333
  ],
  "cosinus": [
    0.06609709331036973
  ]
}