{
  "voc_eval_res": {
    "precision": 45.5414,
    "recall": 17.546,
    "f-score": 25.3322
  },
  "KL_res": {
    "KL divergence": 2.834676534356614,
    "Euclidean Dist.": 0.13348728677796673,
    "WER": 0.9369774919614148,
    "CER": 0.7157851239669422,
    "Cosine Dist.": 0.3449543487013872
  },
  "occ_eval_res": {
    "precision": 42.8716,
    "recall": 27.2669,
    "f-score": 33.3333
  },
  "clean_eval": {
    "f-score": 11.712078080520536,
    "precision": 9.690444145356663,
    "recall": 14.799588900308326,
    "tp": 144,
    "fp": 1342,
    "fn": 829
  },
  "jaccard": [
    0.6292070735881347
  ],
  "braycurtis": [
    0.3384111617312073
  ],
  "dice": [
    0.4590095713691219
  ],
  "cosinus": [
    0.1275291946057573
  ]
}