{
  "voc_eval_res": {
    "precision": 65.2866,
    "recall": 31.5871,
    "f-score": 42.5753
  },
  "KL_res": {
    "KL divergence": 1.7058384336486427,
    "Euclidean Dist.": 0.1125884766547647,
    "WER": 0.7087628865979382,
    "CER": 0.5963545723632965,
    "Cosine Dist.": 0.17880322910743995
  },
  "occ_eval_res": {
    "precision": 71.0526,
    "recall": 45.232,
    "f-score": 55.2756
  },
  "clean_eval": {
    "f-score": 33.0488750969744,
    "precision": 26.525529265255294,
    "recall": 43.82716049382716,
    "tp": 426,
    "fp": 1180,
    "fn": 546
  },
  "jaccard": [
    0.5014797763893456
  ],
  "braycurtis": [
    0.2568271074984017
  ],
  "dice": [
    0.3346499890278692
  ],
  "cosinus": [
    0.06798079953407377
  ]
}