{
  "voc_eval_res": {
    "precision": 41.958,
    "recall": 2.4742,
    "f-score": 4.6729
  },
  "KL_res": {
    "KL divergence": 4.764055521878159,
    "Euclidean Dist.": 0.19457410510035958,
    "WER": 0.9807410508687461,
    "CER": 0.9178950769355034,
    "Cosine Dist.": 0.9365566619284725
  },
  "occ_eval_res": {
    "precision": 40.5694,
    "recall": 2.3864,
    "f-score": 4.5077
  },
  "clean_eval": {
    "f-score": 1.4264736731697087,
    "precision": 0.7565643079661771,
    "recall": 12.454212454212454,
    "tp": 34,
    "fp": 4460,
    "fn": 239
  },
  "jaccard": [
    0.8218436873747496
  ],
  "braycurtis": [
    0.8460920673164677
  ],
  "dice": [
    0.6975676135397176
  ],
  "cosinus": [
    0.2524405707286943
  ]
}