{
  "voc_eval_res": {
    "precision": 22.619,
    "recall": 25.5034,
    "f-score": 23.9748
  },
  "KL_res": {
    "KL divergence": 2.0796020040837355,
    "Euclidean Dist.": 0.17492284644148376,
    "WER": 1.1776061776061777,
    "CER": 0.8573700954400848,
    "Cosine Dist.": 0.2363921589392437
  },
  "occ_eval_res": {
    "precision": 30.1939,
    "recall": 42.0849,
    "f-score": 35.1613
  },
  "clean_eval": {
    "f-score": 7.6923076923076925,
    "precision": 8.880308880308881,
    "recall": 6.784660766961652,
    "tp": 23,
    "fp": 236,
    "fn": 316
  },
  "jaccard": [
    0.7099189020586401
  ],
  "braycurtis": [
    0.3555504481728338
  ],
  "dice": [
    0.5502901353965184
  ],
  "cosinus": [
    0.06559500501443138
  ]
}