{
  "voc_eval_res": {
    "precision": 54.3103,
    "recall": 24.0458,
    "f-score": 33.3333
  },
  "KL_res": {
    "KL divergence": 3.2101072701212274,
    "Euclidean Dist.": 0.20307662853793837,
    "WER": 0.7597535934291582,
    "CER": 0.5349661617789236,
    "Cosine Dist.": 0.44564556102903974
  },
  "occ_eval_res": {
    "precision": 49.1525,
    "recall": 29.7741,
    "f-score": 37.0844
  },
  "clean_eval": {
    "f-score": 16.010498687664043,
    "precision": 13.034188034188036,
    "recall": 20.74829931972789,
    "tp": 61,
    "fp": 407,
    "fn": 233
  },
  "jaccard": [
    0.5922107674684994
  ],
  "braycurtis": [
    0.33738074588031225
  ],
  "dice": [
    0.42066720911310007
  ],
  "cosinus": [
    0.15193199255997425
  ]
}