{
  "voc_eval_res": {
    "precision": 20.0,
    "recall": 15.493,
    "f-score": 17.4603
  },
  "KL_res": {
    "KL divergence": 2.7858010860494553,
    "Euclidean Dist.": 0.284437353206171,
    "WER": 0.9139344262295082,
    "CER": 0.7654600301659125,
    "Cosine Dist.": 0.6934268720307607
  },
  "occ_eval_res": {
    "precision": 24.2647,
    "recall": 20.2869,
    "f-score": 22.0982
  },
  "clean_eval": {
    "f-score": 1.3840830449826989,
    "precision": 1.279317697228145,
    "recall": 1.507537688442211,
    "tp": 6,
    "fp": 463,
    "fn": 392
  },
  "jaccard": [
    0.7376470588235294
  ],
  "braycurtis": [
    0.44490014265335237
  ],
  "dice": [
    0.5843429636533085
  ],
  "cosinus": [
    0.293179377753535
  ]
}