{
  "voc_eval_res": {
    "precision": 68.7664,
    "recall": 51.5748,
    "f-score": 58.9426
  },
  "KL_res": {
    "KL divergence": 0.8546393495189766,
    "Euclidean Dist.": 0.07272302237194915,
    "WER": 0.643312101910828,
    "CER": 0.48126025598949784,
    "Cosine Dist.": 0.0902938968929693
  },
  "occ_eval_res": {
    "precision": 63.487,
    "recall": 63.5881,
    "f-score": 63.5375
  },
  "clean_eval": {
    "f-score": 42.15809284818068,
    "precision": 39.473684210526315,
    "recall": 45.23424878836833,
    "tp": 840,
    "fp": 1288,
    "fn": 1017
  },
  "jaccard": [
    0.37632291410287966
  ],
  "braycurtis": [
    0.16613231395277145
  ],
  "dice": [
    0.23177201758375018
  ],
  "cosinus": [
    0.06094298050291669
  ]
}