{
  "voc_eval_res": {
    "precision": 73.7864,
    "recall": 32.9718,
    "f-score": 45.5772
  },
  "KL_res": {
    "KL divergence": 1.4886130761919953,
    "Euclidean Dist.": 0.10868042137697395,
    "WER": 0.6318181818181818,
    "CER": 0.5360375460945357,
    "Cosine Dist.": 0.11968266692779417
  },
  "occ_eval_res": {
    "precision": 73.8589,
    "recall": 48.5455,
    "f-score": 58.5848
  },
  "clean_eval": {
    "f-score": 37.1523915461624,
    "precision": 30.783410138248847,
    "recall": 46.84431977559607,
    "tp": 334,
    "fp": 751,
    "fn": 379
  },
  "jaccard": [
    0.5042444821731749
  ],
  "braycurtis": [
    0.22461994331357898
  ],
  "dice": [
    0.337116912599319
  ],
  "cosinus": [
    0.04464263089757503
  ]
}