{
  "voc_eval_res": {
    "precision": 47.1698,
    "recall": 20.7039,
    "f-score": 28.777
  },
  "KL_res": {
    "KL divergence": 2.188961905281778,
    "Euclidean Dist.": 0.18001697792536803,
    "WER": 0.7971586424625099,
    "CER": 0.5370309951060359,
    "Cosine Dist.": 0.2578135007778609
  },
  "occ_eval_res": {
    "precision": 43.9024,
    "recall": 38.3583,
    "f-score": 40.9436
  },
  "clean_eval": {
    "f-score": 9.300184162062616,
    "precision": 8.782608695652174,
    "recall": 9.882583170254403,
    "tp": 101,
    "fp": 1049,
    "fn": 921
  },
  "jaccard": [
    0.5985512771635532
  ],
  "braycurtis": [
    0.31738751814223515
  ],
  "dice": [
    0.42709466811751906
  ],
  "cosinus": [
    0.12404643929480341
  ]
}