{
  "voc_eval_res": {
    "precision": 36.9697,
    "recall": 4.9075,
    "f-score": 8.6648
  },
  "KL_res": {
    "KL divergence": 3.646911183042966,
    "Euclidean Dist.": 0.21131230503692494,
    "WER": 0.958756345177665,
    "CER": 0.8171997157071784,
    "Cosine Dist.": 0.8447014420159846
  },
  "occ_eval_res": {
    "precision": 39.7605,
    "recall": 5.2665,
    "f-score": 9.301
  },
  "clean_eval": {
    "f-score": 3.0866999546073535,
    "precision": 1.7622667588113337,
    "recall": 12.423873325213155,
    "tp": 102,
    "fp": 5686,
    "fn": 719
  },
  "jaccard": [
    0.7579310344827587
  ],
  "braycurtis": [
    0.6607127975777105
  ],
  "dice": [
    0.6102165463631316
  ],
  "cosinus": [
    0.27796967484396096
  ]
}