{
  "voc_eval_res": {
    "precision": 76.0181,
    "recall": 56.1873,
    "f-score": 64.6154
  },
  "KL_res": {
    "KL divergence": 0.5103021874626408,
    "Euclidean Dist.": 0.05225381216189957,
    "WER": 0.5377906976744186,
    "CER": 0.4852658913853449,
    "Cosine Dist.": 0.02556829179087927
  },
  "occ_eval_res": {
    "precision": 87.7709,
    "recall": 54.9419,
    "f-score": 67.5805
  },
  "clean_eval": {
    "f-score": 40.390482001220256,
    "precision": 32.83730158730159,
    "recall": 52.45641838351822,
    "tp": 331,
    "fp": 677,
    "fn": 300
  },
  "jaccard": [
    0.32466918714555765
  ],
  "braycurtis": [
    0.25626549160011014
  ],
  "dice": [
    0.19379407616361072
  ],
  "cosinus": [
    0.012880462626993827
  ]
}