{
  "voc_eval_res": {
    "precision": 67.0498,
    "recall": 50.8721,
    "f-score": 57.8512
  },
  "KL_res": {
    "KL divergence": 0.5037547376303373,
    "Euclidean Dist.": 0.05312364760639188,
    "WER": 0.5550181378476421,
    "CER": 0.4993259638716635,
    "Cosine Dist.": 0.008207899038259803
  },
  "occ_eval_res": {
    "precision": 87.2763,
    "recall": 53.0834,
    "f-score": 66.015
  },
  "clean_eval": {
    "f-score": 29.961685823754785,
    "precision": 24.046740467404675,
    "recall": 39.735772357723576,
    "tp": 391,
    "fp": 1235,
    "fn": 593
  },
  "jaccard": [
    0.32045654082528535
  ],
  "braycurtis": [
    0.26367414796342475
  ],
  "dice": [
    0.19079979090433874
  ],
  "cosinus": [
    0.007061343848190571
  ]
}