{
  "voc_eval_res": {
    "precision": 51.0022,
    "recall": 38.6824,
    "f-score": 43.9962
  },
  "KL_res": {
    "KL divergence": 0.8654587407814047,
    "Euclidean Dist.": 0.058203839733985276,
    "WER": 0.7060535506402794,
    "CER": 0.5500549191903342,
    "Cosine Dist.": 0.06989571172961306
  },
  "occ_eval_res": {
    "precision": 60.1817,
    "recall": 65.5413,
    "f-score": 62.7473
  },
  "clean_eval": {
    "f-score": 31.297709923664126,
    "precision": 29.133112269066793,
    "recall": 33.80978559648158,
    "tp": 615,
    "fp": 1496,
    "fn": 1204
  },
  "jaccard": [
    0.47782503037667073
  ],
  "braycurtis": [
    0.20205924728537794
  ],
  "dice": [
    0.3139093993214927
  ],
  "cosinus": [
    0.13885841540442612
  ]
}