{
  "voc_eval_res": {
    "precision": 65.9664,
    "recall": 20.4427,
    "f-score": 31.2127
  },
  "KL_res": {
    "KL divergence": 1.4620644005917345,
    "Euclidean Dist.": 0.10904456604598893,
    "WER": 0.6351851851851852,
    "CER": 0.4815268922674514,
    "Cosine Dist.": 0.04914550562902231
  },
  "occ_eval_res": {
    "precision": 73.4177,
    "recall": 46.5432,
    "f-score": 56.9702
  },
  "clean_eval": {
    "f-score": 26.429809358752166,
    "precision": 23.0188679245283,
    "recall": 31.027466937945064,
    "tp": 305,
    "fp": 1020,
    "fn": 678
  },
  "jaccard": [
    0.6851402075513359
  ],
  "braycurtis": [
    0.22424132291477375
  ],
  "dice": [
    0.5210747271200672
  ],
  "cosinus": [
    0.02233379807407343
  ]
}