{
  "voc_eval_res": {
    "precision": 85.92,
    "recall": 76.7143,
    "f-score": 81.0566
  },
  "KL_res": {
    "KL divergence": 0.19530055067664465,
    "Euclidean Dist.": 0.021454044112551442,
    "WER": 0.20808678500986194,
    "CER": 0.17219692040772067,
    "Cosine Dist.": 0.008470263609060669
  },
  "occ_eval_res": {
    "precision": 89.8529,
    "recall": 87.3274,
    "f-score": 88.5721
  },
  "clean_eval": {
    "f-score": 84.74755485064765,
    "precision": 83.53309015112038,
    "recall": 85.99785407725322,
    "tp": 1603,
    "fp": 316,
    "fn": 261
  },
  "jaccard": [
    0.1792876384316073
  ],
  "braycurtis": [
    0.052133737937067715
  ],
  "dice": [
    0.09847114910406049
  ],
  "cosinus": [
    0.0027004462730506607
  ]
}