{
  "voc_eval_res": {
    "precision": 85.42,
    "recall": 76.6714,
    "f-score": 80.8096
  },
  "KL_res": {
    "KL divergence": 0.196378888226426,
    "Euclidean Dist.": 0.0214657993947008,
    "WER": 0.22450933460986117,
    "CER": 0.1897960287832062,
    "Cosine Dist.": 0.008255647788439346
  },
  "occ_eval_res": {
    "precision": 89.9355,
    "recall": 86.8358,
    "f-score": 88.3585
  },
  "clean_eval": {
    "f-score": 83.2020330368488,
    "precision": 81.56452416542102,
    "recall": 84.90663900414937,
    "tp": 1637,
    "fp": 370,
    "fn": 291
  },
  "jaccard": [
    0.20470798569725865
  ],
  "braycurtis": [
    0.05517787424577497
  ],
  "dice": [
    0.11402489626556017
  ],
  "cosinus": [
    0.0025875981293723704
  ]
}