{
  "voc_eval_res": {
    "precision": 82.1212,
    "recall": 76.662,
    "f-score": 79.2977
  },
  "KL_res": {
    "KL divergence": 0.15032523094762293,
    "Euclidean Dist.": 0.01572550289290067,
    "WER": 0.20141342756183744,
    "CER": 0.18138858596873864,
    "Cosine Dist.": 0.0008368054772813771
  },
  "occ_eval_res": {
    "precision": 90.5808,
    "recall": 90.6164,
    "f-score": 90.5986
  },
  "clean_eval": {
    "f-score": 82.23165554881746,
    "precision": 82.14862681744751,
    "recall": 82.31485228652367,
    "tp": 2034,
    "fp": 442,
    "fn": 437
  },
  "jaccard": [
    0.2081644470179502
  ],
  "braycurtis": [
    0.044517836541724164
  ],
  "dice": [
    0.11617385684278558
  ],
  "cosinus": [
    0.0008186789235149483
  ]
}