{
  "voc_eval_res": {
    "precision": 21.4286,
    "recall": 5.8824,
    "f-score": 9.2308
  },
  "KL_res": {
    "KL divergence": 7.020442621409091,
    "Euclidean Dist.": 0.38051405399913774,
    "WER": 0.9605263157894737,
    "CER": 0.7989276139410187,
    "Cosine Dist.": 0.8220958195238572
  },
  "occ_eval_res": {
    "precision": 25.0,
    "recall": 5.2632,
    "f-score": 8.6957
  },
  "clean_eval": {
    "f-score": 9.876543209876543,
    "precision": 5.88235294117647,
    "recall": 30.76923076923077,
    "tp": 4,
    "fp": 64,
    "fn": 9
  },
  "jaccard": [
    0.8676207513416816
  ],
  "braycurtis": [
    0.763671875
  ],
  "dice": [
    0.7661927330173776
  ],
  "cosinus": [
    0.5753459456716508
  ]
}