{
  "voc_eval_res": {
    "precision": 1.2702,
    "recall": 15.942,
    "f-score": 2.3529
  },
  "KL_res": {
    "KL divergence": 5.600832851163914,
    "Euclidean Dist.": 0.19334156564921856,
    "WER": 52.45454545454545,
    "CER": 76.93482688391039,
    "Cosine Dist.": 0.8353920756389767
  },
  "occ_eval_res": {
    "precision": 0.2962,
    "recall": 15.5844,
    "f-score": 0.5814
  },
  "clean_eval": {
    "f-score": 0.2573340195573855,
    "precision": 7.575757575757576,
    "recall": 0.13089005235602094,
    "tp": 5,
    "fp": 61,
    "fn": 3815
  },
  "jaccard": [
    0.8750347125798389
  ],
  "braycurtis": [
    0.9793030839945561
  ],
  "dice": [
    0.7778326339175512
  ],
  "cosinus": [
    0.30032255024243926
  ]
}