{
  "voc_eval_res": {
    "precision": 62.4242,
    "recall": 54.6419,
    "f-score": 58.2744
  },
  "KL_res": {
    "KL divergence": 1.0737121033478423,
    "Euclidean Dist.": 0.07447528890612194,
    "WER": 0.6241299303944315,
    "CER": 0.4732856541859487,
    "Cosine Dist.": 0.09581556253370482
  },
  "occ_eval_res": {
    "precision": 63.9521,
    "recall": 61.949,
    "f-score": 62.9346
  },
  "clean_eval": {
    "f-score": 40.67796610169491,
    "precision": 39.10112359550561,
    "recall": 42.38733252131547,
    "tp": 348,
    "fp": 542,
    "fn": 473
  },
  "jaccard": [
    0.3852092645266152
  ],
  "braycurtis": [
    0.17192958421809712
  ],
  "dice": [
    0.23855057876195268
  ],
  "cosinus": [
    0.03270377256762158
  ]
}