{
  "voc_eval_res": {
    "precision": 52.381,
    "recall": 21.7822,
    "f-score": 30.7692
  },
  "KL_res": {
    "KL divergence": 2.1347442774572802,
    "Euclidean Dist.": 0.3006982043503586,
    "WER": 0.7013698630136986,
    "CER": 0.561822125813449,
    "Cosine Dist.": 0.11790798426011795
  },
  "occ_eval_res": {
    "precision": 50.9677,
    "recall": 43.2877,
    "f-score": 46.8148
  },
  "clean_eval": {
    "f-score": 17.325227963525837,
    "precision": 16.193181818181817,
    "recall": 18.627450980392158,
    "tp": 57,
    "fp": 295,
    "fn": 249
  },
  "jaccard": [
    0.5969756738987508
  ],
  "braycurtis": [
    0.3215686274509804
  ],
  "dice": [
    0.42549203373945643
  ],
  "cosinus": [
    0.11808606181294778
  ]
}