{
  "voc_eval_res": {
    "precision": 46.5517,
    "recall": 3.7868,
    "f-score": 7.0039
  },
  "KL_res": {
    "KL divergence": 3.83662154023042,
    "Euclidean Dist.": 0.21061129154122707,
    "WER": 0.951081359423275,
    "CER": 0.874154443774697,
    "Cosine Dist.": 0.5815178477967338
  },
  "occ_eval_res": {
    "precision": 45.1049,
    "recall": 6.6426,
    "f-score": 11.5799
  },
  "clean_eval": {
    "f-score": 2.7884615384615383,
    "precision": 1.609322974472808,
    "recall": 10.431654676258994,
    "tp": 29,
    "fp": 1773,
    "fn": 249
  },
  "jaccard": [
    0.8066137566137566
  ],
  "braycurtis": [
    0.767363920027736
  ],
  "dice": [
    0.675903347373088
  ],
  "cosinus": [
    0.28791443236670733
  ]
}