{
  "voc_eval_res": {
    "precision": 41.3793,
    "recall": 3.1352,
    "f-score": 5.8288
  },
  "KL_res": {
    "KL divergence": 3.8871019434676746,
    "Euclidean Dist.": 0.23117576417917762,
    "WER": 0.9548104956268222,
    "CER": 0.8761802167163044,
    "Cosine Dist.": 0.6191066379922096
  },
  "occ_eval_res": {
    "precision": 40.9556,
    "recall": 5.8309,
    "f-score": 10.2084
  },
  "clean_eval": {
    "f-score": 2.4117909781152305,
    "precision": 1.3831967213114753,
    "recall": 9.40766550522648,
    "tp": 27,
    "fp": 1925,
    "fn": 260
  },
  "jaccard": [
    0.8015584415584416
  ],
  "braycurtis": [
    0.7698173240441055
  ],
  "dice": [
    0.6688339835283919
  ],
  "cosinus": [
    0.2892763195541107
  ]
}