{
  "voc_eval_res": {
    "precision": 26.1905,
    "recall": 30.5556,
    "f-score": 28.2051
  },
  "KL_res": {
    "KL divergence": 4.00018670676353,
    "Euclidean Dist.": 0.19323520763364035,
    "WER": 1.0,
    "CER": 0.8085808580858086,
    "Cosine Dist.": 0.4809009059304096
  },
  "occ_eval_res": {
    "precision": 27.2727,
    "recall": 30.7692,
    "f-score": 28.9157
  },
  "clean_eval": {
    "f-score": 22.222222222222225,
    "precision": 24.390243902439025,
    "recall": 20.408163265306122,
    "tp": 10,
    "fp": 31,
    "fn": 39
  },
  "jaccard": [
    0.712241653418124
  ],
  "braycurtis": [
    0.5712025316455697
  ],
  "dice": [
    0.5530864197530864
  ],
  "cosinus": [
    0.4260696148231957
  ]
}