{
  "voc_eval_res": {
    "precision": 14.6552,
    "recall": 0.5732,
    "f-score": 1.1032
  },
  "KL_res": {
    "KL divergence": 3.8918766477936204,
    "Euclidean Dist.": 0.23680235901186764,
    "WER": 0.9887176664832141,
    "CER": 0.9286195524981383,
    "Cosine Dist.": 0.8477623111178032
  },
  "occ_eval_res": {
    "precision": 15.3584,
    "recall": 1.2383,
    "f-score": 2.2918
  },
  "clean_eval": {
    "f-score": 0.2697599136768276,
    "precision": 0.14619883040935672,
    "recall": 1.7421602787456445,
    "tp": 5,
    "fp": 3415,
    "fn": 282
  },
  "jaccard": [
    0.8527463133148109
  ],
  "braycurtis": [
    0.8743446973397154
  ],
  "dice": [
    0.7432935916542474
  ],
  "cosinus": [
    0.36926085543636533
  ]
}