{
  "voc_eval_res": {
    "precision": 16.3636,
    "recall": 0.4604,
    "f-score": 0.8955
  },
  "KL_res": {
    "KL divergence": 4.1313108596351835,
    "Euclidean Dist.": 0.23993307515006435,
    "WER": 0.9959233591520587,
    "CER": 0.9199852312885701,
    "Cosine Dist.": 0.9663772880185834
  },
  "occ_eval_res": {
    "precision": 7.9787,
    "recall": 0.6115,
    "f-score": 1.1359
  },
  "clean_eval": {
    "f-score": 0.6535947712418301,
    "precision": 0.3536693191865605,
    "recall": 4.301075268817205,
    "tp": 8,
    "fp": 2254,
    "fn": 178
  },
  "jaccard": [
    0.8851027879470572
  ],
  "braycurtis": [
    0.8796543822799313
  ],
  "dice": [
    0.7938873452892145
  ],
  "cosinus": [
    0.4547906685879921
  ]
}