{
  "voc_eval_res": {
    "precision": 58.124,
    "recall": 35.336,
    "f-score": 43.9519
  },
  "KL_res": {
    "KL divergence": 1.4390184317772365,
    "Euclidean Dist.": 0.070038715989562,
    "WER": 0.6763942931258107,
    "CER": 0.5054837582954942,
    "Cosine Dist.": 0.13530067802603263
  },
  "occ_eval_res": {
    "precision": 56.8885,
    "recall": 47.6654,
    "f-score": 51.8701
  },
  "clean_eval": {
    "f-score": 40.875370919881306,
    "precision": 38.290479499652534,
    "recall": 43.83452665075577,
    "tp": 551,
    "fp": 888,
    "fn": 706
  },
  "jaccard": [
    0.4673187022900763
  ],
  "braycurtis": [
    0.18577964449111228
  ],
  "dice": [
    0.30490272373540855
  ],
  "cosinus": [
    0.02683228097533319
  ]
}