{
  "voc_eval_res": {
    "precision": 45.4545,
    "recall": 7.7519,
    "f-score": 13.245
  },
  "KL_res": {
    "KL divergence": 4.875555148022187,
    "Euclidean Dist.": 0.3355630141023421,
    "WER": 0.8962765957446809,
    "CER": 0.7027484143763214,
    "Cosine Dist.": 0.46440520873967406
  },
  "occ_eval_res": {
    "precision": 40.566,
    "recall": 11.4362,
    "f-score": 17.8423
  },
  "clean_eval": {
    "f-score": 14.76510067114094,
    "precision": 9.649122807017543,
    "recall": 31.428571428571427,
    "tp": 33,
    "fp": 309,
    "fn": 72
  },
  "jaccard": [
    0.7662337662337663
  ],
  "braycurtis": [
    0.5364084711343197
  ],
  "dice": [
    0.6210526315789474
  ],
  "cosinus": [
    0.272488469587442
  ]
}