{
  "voc_eval_res": {
    "precision": 79.5918,
    "recall": 29.2135,
    "f-score": 42.7397
  },
  "KL_res": {
    "KL divergence": 1.0521926708152047,
    "Euclidean Dist.": 0.09468114108284817,
    "WER": 0.48556430446194226,
    "CER": 0.3591317498443199,
    "Cosine Dist.": 0.0291717011351581
  },
  "occ_eval_res": {
    "precision": 85.9301,
    "recall": 59.7113,
    "f-score": 70.4607
  },
  "clean_eval": {
    "f-score": 36.61971830985916,
    "precision": 30.850362557679627,
    "recall": 45.04331087584216,
    "tp": 468,
    "fp": 1049,
    "fn": 571
  },
  "jaccard": [
    0.5393340651298939
  ],
  "braycurtis": [
    0.1645186487014255
  ],
  "dice": [
    0.3692384769539078
  ],
  "cosinus": [
    0.02085173956691977
  ]
}