{
  "voc_eval_res": {
    "precision": 60.3803,
    "recall": 27.0597,
    "f-score": 37.3713
  },
  "KL_res": {
    "KL divergence": 1.2135401931407734,
    "Euclidean Dist.": 0.07888691262332362,
    "WER": 0.6355034065102195,
    "CER": 0.48436023223367386,
    "Cosine Dist.": 0.08922360114645578
  },
  "occ_eval_res": {
    "precision": 62.9648,
    "recall": 48.0696,
    "f-score": 54.5181
  },
  "clean_eval": {
    "f-score": 34.84476211748939,
    "precision": 30.60023538642605,
    "recall": 40.45643153526971,
    "tp": 780,
    "fp": 1769,
    "fn": 1148
  },
  "jaccard": [
    0.49703557312252966
  ],
  "braycurtis": [
    0.1987125526120327
  ],
  "dice": [
    0.3307034845496384
  ],
  "cosinus": [
    0.03572305941509424
  ]
}