{
  "voc_eval_res": {
    "precision": 27.2085,
    "recall": 31.4286,
    "f-score": 29.1667
  },
  "KL_res": {
    "KL divergence": 2.1282219216850713,
    "Euclidean Dist.": 0.12161045385132942,
    "WER": 1.0574712643678161,
    "CER": 0.7170184696569921,
    "Cosine Dist.": 0.22174133030951637
  },
  "occ_eval_res": {
    "precision": 35.9615,
    "recall": 42.9885,
    "f-score": 39.1623
  },
  "clean_eval": {
    "f-score": 6.978879706152433,
    "precision": 6.484641638225256,
    "recall": 7.5546719681908545,
    "tp": 38,
    "fp": 548,
    "fn": 465
  },
  "jaccard": [
    0.6846153846153846
  ],
  "braycurtis": [
    0.37002591858515016
  ],
  "dice": [
    0.52046783625731
  ],
  "cosinus": [
    0.2584549187685967
  ]
}