{
  "voc_eval_res": {
    "precision": 24.5614,
    "recall": 0.8173,
    "f-score": 1.5819
  },
  "KL_res": {
    "KL divergence": 4.706047330355096,
    "Euclidean Dist.": 0.2930938563024856,
    "WER": 0.990057361376673,
    "CER": 0.9249303189842056,
    "Cosine Dist.": 0.9299387712702265
  },
  "occ_eval_res": {
    "precision": 21.6049,
    "recall": 1.3384,
    "f-score": 2.5207
  },
  "clean_eval": {
    "f-score": 0.5285013212533031,
    "precision": 0.2814636107760354,
    "recall": 4.320987654320987,
    "tp": 7,
    "fp": 2480,
    "fn": 155
  },
  "jaccard": [
    0.8877018633540372
  ],
  "braycurtis": [
    0.8716345612256393
  ],
  "dice": [
    0.7980790708063435
  ],
  "cosinus": [
    0.44407238104217495
  ]
}