{
  "voc_eval_res": {
    "precision": 35.4839,
    "recall": 11.4583,
    "f-score": 17.3228
  },
  "KL_res": {
    "KL divergence": 4.4424880542969145,
    "Euclidean Dist.": 0.2575368306002188,
    "WER": 0.864,
    "CER": 0.6598173515981736,
    "Cosine Dist.": 0.6620288875581781
  },
  "occ_eval_res": {
    "precision": 32.5203,
    "recall": 16.0,
    "f-score": 21.4477
  },
  "clean_eval": {
    "f-score": 19.701492537313435,
    "precision": 14.864864864864865,
    "recall": 29.20353982300885,
    "tp": 33,
    "fp": 189,
    "fn": 80
  },
  "jaccard": [
    0.6801393728222996
  ],
  "braycurtis": [
    0.4880027036160865
  ],
  "dice": [
    0.515311510031679
  ],
  "cosinus": [
    0.32121642815313134
  ]
}