{
  "voc_eval_res": {
    "precision": 38.6364,
    "recall": 5.1672,
    "f-score": 9.1153
  },
  "KL_res": {
    "KL divergence": 5.365381801784807,
    "Euclidean Dist.": 0.29984126243808606,
    "WER": 0.9535962877030162,
    "CER": 0.7460197119029568,
    "Cosine Dist.": 0.8469859376844437
  },
  "occ_eval_res": {
    "precision": 24.5283,
    "recall": 6.0325,
    "f-score": 9.6834
  },
  "clean_eval": {
    "f-score": 6.324110671936759,
    "precision": 3.99002493765586,
    "recall": 15.238095238095239,
    "tp": 16,
    "fp": 385,
    "fn": 89
  },
  "jaccard": [
    0.7850627137970353
  ],
  "braycurtis": [
    0.5940434665951168
  ],
  "dice": [
    0.646175504458001
  ],
  "cosinus": [
    0.34380102731902895
  ]
}