{
  "voc_eval_res": {
    "precision": 51.5556,
    "recall": 37.1795,
    "f-score": 43.203
  },
  "KL_res": {
    "KL divergence": 1.5356159957330768,
    "Euclidean Dist.": 0.11532392969452578,
    "WER": 0.7671145233525272,
    "CER": 0.5660229389275562,
    "Cosine Dist.": 0.33572605710917547
  },
  "occ_eval_res": {
    "precision": 52.1807,
    "recall": 42.8663,
    "f-score": 47.0671
  },
  "clean_eval": {
    "f-score": 34.30021754894852,
    "precision": 31.554369579719815,
    "recall": 37.569499602859416,
    "tp": 473,
    "fp": 1026,
    "fn": 786
  },
  "jaccard": [
    0.5274144869215291
  ],
  "braycurtis": [
    0.286160029615527
  ],
  "dice": [
    0.35815542271562767
  ],
  "cosinus": [
    0.10314140088760182
  ]
}