{
  "voc_eval_res": {
    "precision": 50.0,
    "recall": 18.638,
    "f-score": 27.154
  },
  "KL_res": {
    "KL divergence": 4.030188006973921,
    "Euclidean Dist.": 0.2459608324235426,
    "WER": 0.8450704225352113,
    "CER": 0.7179147922730881,
    "Cosine Dist.": 0.5015803522766363
  },
  "occ_eval_res": {
    "precision": 47.027,
    "recall": 17.505,
    "f-score": 25.5132
  },
  "clean_eval": {
    "f-score": 25.4180602006689,
    "precision": 18.181818181818183,
    "recall": 42.22222222222222,
    "tp": 76,
    "fp": 342,
    "fn": 104
  },
  "jaccard": [
    0.6670045615813482
  ],
  "braycurtis": [
    0.549436090225564
  ],
  "dice": [
    0.5003802281368821
  ],
  "cosinus": [
    0.276653881951211
  ]
}