{
  "voc_eval_res": {
    "precision": 45.3125,
    "recall": 10.8209,
    "f-score": 17.4699
  },
  "KL_res": {
    "KL divergence": 4.225512823545676,
    "Euclidean Dist.": 0.3069321098473904,
    "WER": 0.8526570048309179,
    "CER": 0.5880539499036609,
    "Cosine Dist.": 0.5228688684616306
  },
  "occ_eval_res": {
    "precision": 41.2429,
    "recall": 17.6329,
    "f-score": 24.7039
  },
  "clean_eval": {
    "f-score": 24.1014799154334,
    "precision": 19.256756756756758,
    "recall": 32.20338983050847,
    "tp": 57,
    "fp": 239,
    "fn": 120
  },
  "jaccard": [
    0.7755536626916525
  ],
  "braycurtis": [
    0.45500438981562774
  ],
  "dice": [
    0.6333913043478261
  ],
  "cosinus": [
    0.1771712595369791
  ]
}