{
  "voc_eval_res": {
    "precision": 41.0377,
    "recall": 26.6055,
    "f-score": 32.282
  },
  "KL_res": {
    "KL divergence": 1.260787163082898,
    "Euclidean Dist.": 0.15042279040587822,
    "WER": 0.8640883977900552,
    "CER": 0.6301035953686777,
    "Cosine Dist.": 0.14073340697611114
  },
  "occ_eval_res": {
    "precision": 48.7805,
    "recall": 59.6685,
    "f-score": 53.6779
  },
  "clean_eval": {
    "f-score": 16.68449197860962,
    "precision": 18.39622641509434,
    "recall": 15.264187866927593,
    "tp": 156,
    "fp": 692,
    "fn": 866
  },
  "jaccard": [
    0.5714285714285714
  ],
  "braycurtis": [
    0.25868883739948206
  ],
  "dice": [
    0.4
  ],
  "cosinus": [
    0.04945186282918379
  ]
}