{
  "voc_eval_res": {
    "precision": 33.945,
    "recall": 11.9355,
    "f-score": 17.6611
  },
  "KL_res": {
    "KL divergence": 3.4780010093351317,
    "Euclidean Dist.": 0.2153518930873709,
    "WER": 0.8785942492012779,
    "CER": 0.6694320357370772,
    "Cosine Dist.": 0.7683047768877388
  },
  "occ_eval_res": {
    "precision": 29.1751,
    "recall": 15.442,
    "f-score": 20.195
  },
  "clean_eval": {
    "f-score": 10.458452722063036,
    "precision": 8.039647577092511,
    "recall": 14.959016393442623,
    "tp": 73,
    "fp": 835,
    "fn": 415
  },
  "jaccard": [
    0.6381737040851356
  ],
  "braycurtis": [
    0.4221964647928137
  ],
  "dice": [
    0.46861608268212757
  ],
  "cosinus": [
    0.19910818258670404
  ]
}