{
  "voc_eval_res": {
    "precision": 62.2951,
    "recall": 65.0078,
    "f-score": 63.6225
  },
  "KL_res": {
    "KL divergence": 0.7839932705617083,
    "Euclidean Dist.": 0.08810224472528388,
    "WER": 0.5019354838709678,
    "CER": 0.39082881798113583,
    "Cosine Dist.": 0.08508301452934397
  },
  "occ_eval_res": {
    "precision": 68.1604,
    "recall": 74.5806,
    "f-score": 71.2261
  },
  "clean_eval": {
    "f-score": 53.824726805228195,
    "precision": 56.272401433691755,
    "recall": 51.58110882956879,
    "tp": 1256,
    "fp": 976,
    "fn": 1179
  },
  "jaccard": [
    0.2942334739803094
  ],
  "braycurtis": [
    0.1487758945386064
  ],
  "dice": [
    0.1724934036939314
  ],
  "cosinus": [
    0.050164326423631
  ]
}