{
  "voc_eval_res": {
    "precision": 44.8276,
    "recall": 13.4483,
    "f-score": 20.6897
  },
  "KL_res": {
    "KL divergence": 3.3800972900338246,
    "Euclidean Dist.": 0.14246445069859515,
    "WER": 0.8500651890482399,
    "CER": 0.699443413729128,
    "Cosine Dist.": 0.429455669265452
  },
  "occ_eval_res": {
    "precision": 42.8986,
    "recall": 19.296,
    "f-score": 26.6187
  },
  "clean_eval": {
    "f-score": 15.547024952015354,
    "precision": 11.48936170212766,
    "recall": 24.03560830860534,
    "tp": 81,
    "fp": 624,
    "fn": 256
  },
  "jaccard": [
    0.680720843250595
  ],
  "braycurtis": [
    0.47731860193349623
  ],
  "dice": [
    0.515979381443299
  ],
  "cosinus": [
    0.12925715658239267
  ]
}