{
  "voc_eval_res": {
    "precision": 24.3902,
    "recall": 0.8764,
    "f-score": 1.692
  },
  "KL_res": {
    "KL divergence": 4.838036235939796,
    "Euclidean Dist.": 0.381424911268774,
    "WER": 0.9928617780661908,
    "CER": 0.9052880075542965,
    "Cosine Dist.": 0.9255798137589406
  },
  "occ_eval_res": {
    "precision": 12.5984,
    "recall": 1.0383,
    "f-score": 1.9185
  },
  "clean_eval": {
    "f-score": 0.6146281499692685,
    "precision": 0.33333333333333337,
    "recall": 3.937007874015748,
    "tp": 5,
    "fp": 1495,
    "fn": 122
  },
  "jaccard": [
    0.8787972721636702
  ],
  "braycurtis": [
    0.8362607667623713
  ],
  "dice": [
    0.7837987282278132
  ],
  "cosinus": [
    0.4537903943118895
  ]
}