{
  "voc_eval_res": {
    "precision": 8.6614,
    "recall": 25.5814,
    "f-score": 12.9412
  },
  "KL_res": {
    "KL divergence": 4.208106173717284,
    "Euclidean Dist.": 0.2702797769811692,
    "WER": 7.08,
    "CER": 8.138743455497382,
    "Cosine Dist.": 0.36549379154361894
  },
  "occ_eval_res": {
    "precision": 4.3478,
    "recall": 32.0,
    "f-score": 7.6555
  },
  "clean_eval": {
    "f-score": 3.9119804400977993,
    "precision": 16.3265306122449,
    "recall": 2.2222222222222223,
    "tp": 8,
    "fp": 41,
    "fn": 352
  },
  "jaccard": [
    0.7591178965224766
  ],
  "braycurtis": [
    0.842503259452412
  ],
  "dice": [
    0.6117566643882434
  ],
  "cosinus": [
    0.18117650200188562
  ]
}