{
  "voc_eval_res": {
    "precision": 0.8511,
    "recall": 7.3394,
    "f-score": 1.5253
  },
  "KL_res": {
    "KL divergence": 5.769618127110074,
    "Euclidean Dist.": 0.2666979752643318,
    "WER": 38.48695652173913,
    "CER": 46.5514950166113,
    "Cosine Dist.": 0.7430367948812312
  },
  "occ_eval_res": {
    "precision": 0.248,
    "recall": 9.5652,
    "f-score": 0.4834
  },
  "clean_eval": {
    "f-score": 0.1370801919122687,
    "precision": 3.0,
    "recall": 0.0701426233341127,
    "tp": 3,
    "fp": 97,
    "fn": 4274
  },
  "jaccard": [
    0.842564870259481
  ],
  "braycurtis": [
    0.969529969028967
  ],
  "dice": [
    0.7279586117697779
  ],
  "cosinus": [
    0.44124292480091887
  ]
}