{
  "voc_eval_res": {
    "precision": 0.8395,
    "recall": 7.8431,
    "f-score": 1.5166
  },
  "KL_res": {
    "KL divergence": 6.213021434328803,
    "Euclidean Dist.": 0.18992813532002617,
    "WER": 33.1171875,
    "CER": 38.46414728682171,
    "Cosine Dist.": 0.9521347655280274
  },
  "occ_eval_res": {
    "precision": 0.2119,
    "recall": 7.0312,
    "f-score": 0.4114
  },
  "clean_eval": {
    "f-score": 0.14381591562799617,
    "precision": 2.7522935779816518,
    "recall": 0.07383706620723603,
    "tp": 3,
    "fp": 106,
    "fn": 4060
  },
  "jaccard": [
    0.8498378648041905
  ],
  "braycurtis": [
    0.9641347692160749
  ],
  "dice": [
    0.7388852743439601
  ],
  "cosinus": [
    0.5358711192918022
  ]
}