{
  "voc_eval_res": {
    "precision": 0.8342,
    "recall": 4.6512,
    "f-score": 1.4147
  },
  "KL_res": {
    "KL divergence": 5.571348390438604,
    "Euclidean Dist.": 0.19904479072544623,
    "WER": 22.34170854271357,
    "CER": 22.395616438356164,
    "Cosine Dist.": 0.8446614016284565
  },
  "occ_eval_res": {
    "precision": 0.314,
    "recall": 7.0352,
    "f-score": 0.6012
  },
  "clean_eval": {
    "f-score": 0.13507429085997297,
    "precision": 1.7751479289940828,
    "recall": 0.07020828457758016,
    "tp": 3,
    "fp": 166,
    "fn": 4270
  },
  "jaccard": [
    0.7584715212689257
  ],
  "braycurtis": [
    0.9357606522764538
  ],
  "dice": [
    0.610917537746806
  ],
  "cosinus": [
    0.40839110983540416
  ]
}