{
  "voc_eval_res": {
    "precision": 51.9824,
    "recall": 27.3148,
    "f-score": 35.8118
  },
  "KL_res": {
    "KL divergence": 1.757733922473197,
    "Euclidean Dist.": 0.1404132124432907,
    "WER": 0.6450867052023121,
    "CER": 0.49865788189360666,
    "Cosine Dist.": 0.04991582765197744
  },
  "occ_eval_res": {
    "precision": 59.9428,
    "recall": 48.4393,
    "f-score": 53.5806
  },
  "clean_eval": {
    "f-score": 29.516876240900064,
    "precision": 27.063106796116504,
    "recall": 32.45997088791849,
    "tp": 223,
    "fp": 601,
    "fn": 464
  },
  "jaccard": [
    0.536118703631394
  ],
  "braycurtis": [
    0.2359520639147803
  ],
  "dice": [
    0.36623099493198186
  ],
  "cosinus": [
    0.05069628677338234
  ]
}