{
  "voc_eval_res": {
    "precision": 1.2513,
    "recall": 12.0,
    "f-score": 2.2663
  },
  "KL_res": {
    "KL divergence": 5.458698680780191,
    "Euclidean Dist.": 0.23450557511461625,
    "WER": 35.83870967741935,
    "CER": 38.65642458100559,
    "Cosine Dist.": 0.6508280840050902
  },
  "occ_eval_res": {
    "precision": 0.4038,
    "recall": 14.5161,
    "f-score": 0.7857
  },
  "clean_eval": {
    "f-score": 0.2285714285714286,
    "precision": 4.901960784313726,
    "recall": 0.11701380762930025,
    "tp": 5,
    "fp": 97,
    "fn": 4268
  },
  "jaccard": [
    0.8208269525267994
  ],
  "braycurtis": [
    0.9604926423544465
  ],
  "dice": [
    0.6961038961038961
  ],
  "cosinus": [
    0.4062244334448234
  ]
}