{
  "voc_eval_res": {
    "precision": 17.6471,
    "recall": 7.5,
    "f-score": 10.5263
  },
  "KL_res": {
    "KL divergence": 7.026084715955825,
    "Euclidean Dist.": 0.36047795338080657,
    "WER": 0.96875,
    "CER": 0.7682926829268293,
    "Cosine Dist.": 0.8315229346006295
  },
  "occ_eval_res": {
    "precision": 21.0526,
    "recall": 6.25,
    "f-score": 9.6386
  },
  "clean_eval": {
    "f-score": 7.894736842105263,
    "precision": 5.263157894736842,
    "recall": 15.789473684210526,
    "tp": 3,
    "fp": 54,
    "fn": 16
  },
  "jaccard": [
    0.8035714285714286
  ],
  "braycurtis": [
    0.6611909650924025
  ],
  "dice": [
    0.6716417910447762
  ],
  "cosinus": [
    0.4751637531948516
  ]
}