{
  "voc_eval_res": {
    "precision": 57.7396,
    "recall": 45.6311,
    "f-score": 50.9761
  },
  "KL_res": {
    "KL divergence": 1.1571245384912137,
    "Euclidean Dist.": 0.06568859938937069,
    "WER": 0.6427771556550952,
    "CER": 0.5307520476545048,
    "Cosine Dist.": 0.0955865626639757
  },
  "occ_eval_res": {
    "precision": 65.1163,
    "recall": 56.439,
    "f-score": 60.4679
  },
  "clean_eval": {
    "f-score": 44.358974358974365,
    "precision": 40.13921113689095,
    "recall": 49.570200573065904,
    "tp": 346,
    "fp": 516,
    "fn": 352
  },
  "jaccard": [
    0.417128987517337
  ],
  "braycurtis": [
    0.18833471666792426
  ],
  "dice": [
    0.26352683461117193
  ],
  "cosinus": [
    0.03539969802274345
  ]
}