{
  "voc_eval_res": {
    "precision": 73.9703,
    "recall": 48.176,
    "f-score": 58.3496
  },
  "KL_res": {
    "KL divergence": 1.0285135650072486,
    "Euclidean Dist.": 0.0514718841188885,
    "WER": 0.5161929940515532,
    "CER": 0.39976841800550006,
    "Cosine Dist.": 0.061947872073321975
  },
  "occ_eval_res": {
    "precision": 71.1584,
    "recall": 59.6827,
    "f-score": 64.9173
  },
  "clean_eval": {
    "f-score": 57.57575757575759,
    "precision": 53.97727272727273,
    "recall": 61.68831168831169,
    "tp": 760,
    "fp": 648,
    "fn": 472
  },
  "jaccard": [
    0.4152628892291986
  ],
  "braycurtis": [
    0.13318421351935397
  ],
  "dice": [
    0.26203897568046386
  ],
  "cosinus": [
    0.013321868833572004
  ]
}