{
  "voc_eval_res": {
    "precision": 30.9091,
    "recall": 2.2271,
    "f-score": 4.1548
  },
  "KL_res": {
    "KL divergence": 3.8500216426435516,
    "Euclidean Dist.": 0.17629940979544637,
    "WER": 0.9817172706496898,
    "CER": 0.891617209275868,
    "Cosine Dist.": 0.8722415397830231
  },
  "occ_eval_res": {
    "precision": 29.4611,
    "recall": 2.6771,
    "f-score": 4.9082
  },
  "clean_eval": {
    "f-score": 0.4447903925275214,
    "precision": 0.24473813020068524,
    "recall": 2.4360535931790497,
    "tp": 20,
    "fp": 8152,
    "fn": 801
  },
  "jaccard": [
    0.7938406338765137
  ],
  "braycurtis": [
    0.799462259820316
  ],
  "dice": [
    0.658155676747645
  ],
  "cosinus": [
    0.20595725361280692
  ]
}