{
  "voc_eval_res": {
    "precision": 27.7228,
    "recall": 1.5695,
    "f-score": 2.9708
  },
  "KL_res": {
    "KL divergence": 4.392220949220663,
    "Euclidean Dist.": 0.22800831762521692,
    "WER": 0.980625275209159,
    "CER": 0.885290114432626,
    "Cosine Dist.": 0.903101731801575
  },
  "occ_eval_res": {
    "precision": 24.2057,
    "recall": 2.3485,
    "f-score": 4.2815
  },
  "clean_eval": {
    "f-score": 1.1415190984926094,
    "precision": 0.6311700922479365,
    "recall": 5.963302752293578,
    "tp": 39,
    "fp": 6140,
    "fn": 615
  },
  "jaccard": [
    0.8131366350544432
  ],
  "braycurtis": [
    0.7851564194906061
  ],
  "dice": [
    0.6851139390352176
  ],
  "cosinus": [
    0.27170453682810913
  ]
}