{
  "voc_eval_res": {
    "precision": 34.5133,
    "recall": 3.339,
    "f-score": 6.089
  },
  "KL_res": {
    "KL divergence": 4.518180730349841,
    "Euclidean Dist.": 0.2989531729678922,
    "WER": 0.9614661654135338,
    "CER": 0.8288077683869808,
    "Cosine Dist.": 0.709230468694821
  },
  "occ_eval_res": {
    "precision": 34.8765,
    "recall": 5.3102,
    "f-score": 9.217
  },
  "clean_eval": {
    "f-score": 0.3426124197002141,
    "precision": 0.19851116625310172,
    "recall": 1.25,
    "tp": 4,
    "fp": 2011,
    "fn": 316
  },
  "jaccard": [
    0.7949471210340776
  ],
  "braycurtis": [
    0.7048106006049258
  ],
  "dice": [
    0.6596782057532911
  ],
  "cosinus": [
    0.33399674847192695
  ]
}