{
  "voc_eval_res": {
    "precision": 33.3333,
    "recall": 2.2697,
    "f-score": 4.25
  },
  "KL_res": {
    "KL divergence": 5.382829136780799,
    "Euclidean Dist.": 0.3351005045477698,
    "WER": 0.9797033567525371,
    "CER": 0.8616457038945294,
    "Cosine Dist.": 0.9159347538409516
  },
  "occ_eval_res": {
    "precision": 28.0992,
    "recall": 2.6542,
    "f-score": 4.8502
  },
  "clean_eval": {
    "f-score": 4.15065334358186,
    "precision": 2.288135593220339,
    "recall": 22.31404958677686,
    "tp": 27,
    "fp": 1153,
    "fn": 94
  },
  "jaccard": [
    0.8496853017400963
  ],
  "braycurtis": [
    0.7721679563617911
  ],
  "dice": [
    0.738654650788542
  ],
  "cosinus": [
    0.475968338970727
  ]
}