{
  "voc_eval_res": {
    "precision": 51.2605,
    "recall": 12.5128,
    "f-score": 20.1154
  },
  "KL_res": {
    "KL divergence": 2.4521753465921843,
    "Euclidean Dist.": 0.14185372108297697,
    "WER": 0.7685131195335277,
    "CER": 0.5839666420068599,
    "Cosine Dist.": 0.19971591045376502
  },
  "occ_eval_res": {
    "precision": 51.1198,
    "recall": 30.6122,
    "f-score": 38.2932
  },
  "clean_eval": {
    "f-score": 10.448343079922026,
    "precision": 8.470290771175728,
    "recall": 13.631739572736521,
    "tp": 134,
    "fp": 1448,
    "fn": 849
  },
  "jaccard": [
    0.6830798937967656
  ],
  "braycurtis": [
    0.3508392208110426
  ],
  "dice": [
    0.5186950146627566
  ],
  "cosinus": [
    0.09980671945832309
  ]
}