{
  "voc_eval_res": {
    "precision": 39.1534,
    "recall": 3.7186,
    "f-score": 6.7921
  },
  "KL_res": {
    "KL divergence": 3.360573626758929,
    "Euclidean Dist.": 0.21425702379836675,
    "WER": 0.9443139885944314,
    "CER": 0.851269595937293,
    "Cosine Dist.": 0.5099876329644781
  },
  "occ_eval_res": {
    "precision": 41.2078,
    "recall": 7.7826,
    "f-score": 13.0926
  },
  "clean_eval": {
    "f-score": 1.8441403926234385,
    "precision": 1.098901098901099,
    "recall": 5.730129390018484,
    "tp": 31,
    "fp": 2790,
    "fn": 510
  },
  "jaccard": [
    0.7719714964370546
  ],
  "braycurtis": [
    0.7254327760685028
  ],
  "dice": [
    0.6286266924564797
  ],
  "cosinus": [
    0.24234014072063226
  ]
}