{
  "voc_eval_res": {
    "precision": 20.8333,
    "recall": 19.4444,
    "f-score": 20.1149
  },
  "KL_res": {
    "KL divergence": 2.414387377316836,
    "Euclidean Dist.": 0.28940084550393325,
    "WER": 0.8896247240618101,
    "CER": 0.7694636678200693,
    "Cosine Dist.": 0.5687141406688684
  },
  "occ_eval_res": {
    "precision": 29.9169,
    "recall": 23.8411,
    "f-score": 26.5356
  },
  "clean_eval": {
    "f-score": 4.102564102564103,
    "precision": 3.6281179138321997,
    "recall": 4.71976401179941,
    "tp": 16,
    "fp": 425,
    "fn": 323
  },
  "jaccard": [
    0.7165259348612787
  ],
  "braycurtis": [
    0.44539391413088786
  ],
  "dice": [
    0.5582706766917294
  ],
  "cosinus": [
    0.3215820984097877
  ]
}