{
  "voc_eval_res": {
    "precision": 26.1484,
    "recall": 24.5847,
    "f-score": 25.3425
  },
  "KL_res": {
    "KL divergence": 1.8559314843134183,
    "Euclidean Dist.": 0.1645702326707875,
    "WER": 0.8813813813813813,
    "CER": 0.6959927689062971,
    "Cosine Dist.": 0.43163944880349536
  },
  "occ_eval_res": {
    "precision": 36.3462,
    "recall": 28.3784,
    "f-score": 31.8718
  },
  "clean_eval": {
    "f-score": 3.5273368606701947,
    "precision": 3.1695721077654517,
    "recall": 3.9761431411530817,
    "tp": 20,
    "fp": 611,
    "fn": 483
  },
  "jaccard": [
    0.702557200538358
  ],
  "braycurtis": [
    0.3697156033820138
  ],
  "dice": [
    0.5414937759336099
  ],
  "cosinus": [
    0.12648342210983365
  ]
}