{
  "voc_eval_res": {
    "precision": 49.2063,
    "recall": 29.3375,
    "f-score": 36.7589
  },
  "KL_res": {
    "KL divergence": 1.6338815091428773,
    "Euclidean Dist.": 0.10873096924717943,
    "WER": 0.6807453416149069,
    "CER": 0.5076015024145949,
    "Cosine Dist.": 0.11777617947523655
  },
  "occ_eval_res": {
    "precision": 61.8117,
    "recall": 43.2298,
    "f-score": 50.8772
  },
  "clean_eval": {
    "f-score": 21.06060606060606,
    "precision": 17.84338896020539,
    "recall": 25.693160813308687,
    "tp": 139,
    "fp": 640,
    "fn": 402
  },
  "jaccard": [
    0.5443288756810302
  ],
  "braycurtis": [
    0.2758341759352882
  ],
  "dice": [
    0.37393671316774413
  ],
  "cosinus": [
    0.059464712205035464
  ]
}