{
  "voc_eval_res": {
    "precision": 37.6147,
    "recall": 12.3494,
    "f-score": 18.5941
  },
  "KL_res": {
    "KL divergence": 3.020203694333894,
    "Euclidean Dist.": 0.3573374930001206,
    "WER": 0.7885615251299827,
    "CER": 0.6909090909090909,
    "Cosine Dist.": 0.051809044850263164
  },
  "occ_eval_res": {
    "precision": 60.4743,
    "recall": 26.5165,
    "f-score": 36.8675
  },
  "clean_eval": {
    "f-score": 8.040201005025125,
    "precision": 5.7657657657657655,
    "recall": 13.278008298755188,
    "tp": 32,
    "fp": 523,
    "fn": 209
  },
  "jaccard": [
    0.658980044345898
  ],
  "braycurtis": [
    0.4081063340991139
  ],
  "dice": [
    0.4914021164021164
  ],
  "cosinus": [
    0.08893018571485556
  ]
}