{
  "voc_eval_res": {
    "precision": 36.9565,
    "recall": 15.3846,
    "f-score": 21.7252
  },
  "KL_res": {
    "KL divergence": 3.8385257414112104,
    "Euclidean Dist.": 0.19984119846907972,
    "WER": 0.879746835443038,
    "CER": 0.7247557003257329,
    "Cosine Dist.": 0.3167995082936026
  },
  "occ_eval_res": {
    "precision": 41.958,
    "recall": 18.9873,
    "f-score": 26.1438
  },
  "clean_eval": {
    "f-score": 19.90740740740741,
    "precision": 14.47811447811448,
    "recall": 31.851851851851855,
    "tp": 43,
    "fp": 254,
    "fn": 92
  },
  "jaccard": [
    0.6145658263305322
  ],
  "braycurtis": [
    0.4329491880565741
  ],
  "dice": [
    0.4435907804286292
  ],
  "cosinus": [
    0.12764458800573797
  ]
}