{
  "voc_eval_res": {
    "precision": 64.4231,
    "recall": 24.8148,
    "f-score": 35.8289
  },
  "KL_res": {
    "KL divergence": 2.4417680651593923,
    "Euclidean Dist.": 0.19696336724462252,
    "WER": 0.7217847769028871,
    "CER": 0.6343165239454488,
    "Cosine Dist.": 0.2465877699251079
  },
  "occ_eval_res": {
    "precision": 65.9459,
    "recall": 32.021,
    "f-score": 43.1095
  },
  "clean_eval": {
    "f-score": 37.638376383763834,
    "precision": 28.176795580110497,
    "recall": 56.666666666666664,
    "tp": 102,
    "fp": 260,
    "fn": 78
  },
  "jaccard": [
    0.629951690821256
  ],
  "braycurtis": [
    0.43294614572333684
  ],
  "dice": [
    0.459802538787024
  ],
  "cosinus": [
    0.1328254946481876
  ]
}