{
  "voc_eval_res": {
    "precision": 36.246,
    "recall": 31.1111,
    "f-score": 33.4828
  },
  "KL_res": {
    "KL divergence": 1.516145684589449,
    "Euclidean Dist.": 0.05550944761898453,
    "WER": 0.6693037974683544,
    "CER": 0.4967728922952804,
    "Cosine Dist.": 0.0833787669083581
  },
  "occ_eval_res": {
    "precision": 56.6434,
    "recall": 51.2658,
    "f-score": 53.8206
  },
  "clean_eval": {
    "f-score": 31.924072476272652,
    "precision": 30.327868852459016,
    "recall": 33.697632058287795,
    "tp": 185,
    "fp": 425,
    "fn": 364
  },
  "jaccard": [
    0.5931232091690545
  ],
  "braycurtis": [
    0.24245903350380962
  ],
  "dice": [
    0.4215885947046843
  ],
  "cosinus": [
    0.04846194415488747
  ]
}