{
  "voc_eval_res": {
    "precision": 68.6667,
    "recall": 43.4599,
    "f-score": 53.23
  },
  "KL_res": {
    "KL divergence": 1.7298735581652718,
    "Euclidean Dist.": 0.11570664340670565,
    "WER": 0.6363636363636364,
    "CER": 0.49070501578393544,
    "Cosine Dist.": 0.13903383030465433
  },
  "occ_eval_res": {
    "precision": 74.0458,
    "recall": 44.0909,
    "f-score": 55.2707
  },
  "clean_eval": {
    "f-score": 25.874867444326615,
    "precision": 17.553956834532375,
    "recall": 49.193548387096776,
    "tp": 122,
    "fp": 573,
    "fn": 126
  },
  "jaccard": [
    0.4692537313432836
  ],
  "braycurtis": [
    0.35719489981785063
  ],
  "dice": [
    0.30655226209048364
  ],
  "cosinus": [
    0.4561274793626945
  ]
}