{
  "voc_eval_res": {
    "precision": 55.4745,
    "recall": 36.715,
    "f-score": 44.186
  },
  "KL_res": {
    "KL divergence": 2.2481965613002934,
    "Euclidean Dist.": 0.15056520724719036,
    "WER": 0.6262626262626263,
    "CER": 0.480203414456956,
    "Cosine Dist.": 0.10164385900209738
  },
  "occ_eval_res": {
    "precision": 60.8491,
    "recall": 43.4343,
    "f-score": 50.6876
  },
  "clean_eval": {
    "f-score": 36.0,
    "precision": 30.405405405405407,
    "recall": 44.11764705882353,
    "tp": 90,
    "fp": 206,
    "fn": 114
  },
  "jaccard": [
    0.5135787567893784
  ],
  "braycurtis": [
    0.26644600744724867
  ],
  "dice": [
    0.3455136012992286
  ],
  "cosinus": [
    0.056297175949705625
  ]
}