{
  "voc_eval_res": {
    "precision": 53.4884,
    "recall": 31.0811,
    "f-score": 39.3162
  },
  "KL_res": {
    "KL divergence": 2.24650727722023,
    "Euclidean Dist.": 0.11907224015411946,
    "WER": 0.7147766323024055,
    "CER": 0.5531107738998483,
    "Cosine Dist.": 0.09516238509226693
  },
  "occ_eval_res": {
    "precision": 59.4737,
    "recall": 38.8316,
    "f-score": 46.9854
  },
  "clean_eval": {
    "f-score": 38.297872340425535,
    "precision": 31.03448275862069,
    "recall": 50.0,
    "tp": 90,
    "fp": 200,
    "fn": 90
  },
  "jaccard": [
    0.5646376811594203
  ],
  "braycurtis": [
    0.3056612217498322
  ],
  "dice": [
    0.39337641357027464
  ],
  "cosinus": [
    0.0471037488962065
  ]
}