{
  "voc_eval_res": {
    "precision": 36.8421,
    "recall": 2.6889,
    "f-score": 5.0119
  },
  "KL_res": {
    "KL divergence": 5.173961724448971,
    "Euclidean Dist.": 0.3081190659557206,
    "WER": 0.9695712309820194,
    "CER": 0.8432166618455308,
    "Cosine Dist.": 0.8484580206955119
  },
  "occ_eval_res": {
    "precision": 36.4198,
    "recall": 4.0802,
    "f-score": 7.3383
  },
  "clean_eval": {
    "f-score": 3.0383091149273445,
    "precision": 1.7011834319526626,
    "recall": 14.19753086419753,
    "tp": 23,
    "fp": 1329,
    "fn": 139
  },
  "jaccard": [
    0.8404255319148937
  ],
  "braycurtis": [
    0.7338308457711443
  ],
  "dice": [
    0.7247706422018348
  ],
  "cosinus": [
    0.40642763918140157
  ]
}