{
  "voc_eval_res": {
    "precision": 71.4286,
    "recall": 58.1395,
    "f-score": 64.1026
  },
  "KL_res": {
    "KL divergence": 1.3636008926462801,
    "Euclidean Dist.": 0.10322950819913844,
    "WER": 0.4789915966386555,
    "CER": 0.40828924162257496,
    "Cosine Dist.": 0.13648002430393613
  },
  "occ_eval_res": {
    "precision": 71.1538,
    "recall": 62.1849,
    "f-score": 66.3677
  },
  "clean_eval": {
    "f-score": 64.51612903225808,
    "precision": 60.86956521739131,
    "recall": 68.62745098039215,
    "tp": 70,
    "fp": 45,
    "fn": 32
  },
  "jaccard": [
    0.3680851063829787
  ],
  "braycurtis": [
    0.19194205522861024
  ],
  "dice": [
    0.2255541069100391
  ],
  "cosinus": [
    0.04394057224387937
  ]
}