{
  "voc_eval_res": {
    "precision": 72.973,
    "recall": 11.8943,
    "f-score": 20.4545
  },
  "KL_res": {
    "KL divergence": 1.4656223037846838,
    "Euclidean Dist.": 0.2812008606839637,
    "WER": 0.6429725363489499,
    "CER": 0.5516081564010932,
    "Cosine Dist.": 0.0167136524497713
  },
  "occ_eval_res": {
    "precision": 86.1111,
    "recall": 40.0646,
    "f-score": 54.6858
  },
  "clean_eval": {
    "f-score": 2.2346368715083798,
    "precision": 1.6474464579901154,
    "recall": 3.4722222222222223,
    "tp": 10,
    "fp": 597,
    "fn": 278
  },
  "jaccard": [
    0.7293233082706767
  ],
  "braycurtis": [
    0.3583012644310061
  ],
  "dice": [
    0.5739644970414202
  ],
  "cosinus": [
    0.027505862284311622
  ]
}