{
  "voc_eval_res": {
    "precision": 52.5612,
    "recall": 38.6252,
    "f-score": 44.5283
  },
  "KL_res": {
    "KL divergence": 0.862184528705934,
    "Euclidean Dist.": 0.05225173312409043,
    "WER": 0.6703910614525139,
    "CER": 0.5279312461632903,
    "Cosine Dist.": 0.056018681723328134
  },
  "occ_eval_res": {
    "precision": 63.1213,
    "recall": 65.9777,
    "f-score": 64.5179
  },
  "clean_eval": {
    "f-score": 31.639549436796,
    "precision": 29.044117647058826,
    "recall": 34.74436503573392,
    "tp": 632,
    "fp": 1544,
    "fn": 1187
  },
  "jaccard": [
    0.499278082587352
  ],
  "braycurtis": [
    0.1990811638591118
  ],
  "dice": [
    0.3326919376563402
  ],
  "cosinus": [
    0.13326593538887266
  ]
}