{
  "voc_eval_res": {
    "precision": 64.3357,
    "recall": 36.3636,
    "f-score": 46.4646
  },
  "KL_res": {
    "KL divergence": 3.3198095963225183,
    "Euclidean Dist.": 0.25666467552018063,
    "WER": 0.7065637065637066,
    "CER": 0.48520710059171596,
    "Cosine Dist.": 0.6987460858352366
  },
  "occ_eval_res": {
    "precision": 60.4982,
    "recall": 32.8185,
    "f-score": 42.5532
  },
  "clean_eval": {
    "f-score": 28.426395939086298,
    "precision": 21.74757281553398,
    "recall": 41.02564102564102,
    "tp": 112,
    "fp": 403,
    "fn": 161
  },
  "jaccard": [
    0.4317073170731707
  ],
  "braycurtis": [
    0.291748351452504
  ],
  "dice": [
    0.27527216174183516
  ],
  "cosinus": [
    0.24508671503643875
  ]
}