{
  "voc_eval_res": {
    "precision": 56.0345,
    "recall": 16.8831,
    "f-score": 25.9481
  },
  "KL_res": {
    "KL divergence": 4.6226519395515515,
    "Euclidean Dist.": 0.2741792746860068,
    "WER": 0.8593200468933178,
    "CER": 0.6006113092205807,
    "Cosine Dist.": 0.8159964901807101
  },
  "occ_eval_res": {
    "precision": 46.4407,
    "recall": 16.061,
    "f-score": 23.8676
  },
  "clean_eval": {
    "f-score": 10.95636025998143,
    "precision": 7.535121328224776,
    "recall": 20.068027210884352,
    "tp": 59,
    "fp": 724,
    "fn": 235
  },
  "jaccard": [
    0.7220788794692222
  ],
  "braycurtis": [
    0.48161047645583727
  ],
  "dice": [
    0.5650418229016441
  ],
  "cosinus": [
    0.4794079439185216
  ]
}