{
  "voc_eval_res": {
    "precision": 30.6452,
    "recall": 7.4803,
    "f-score": 12.0253
  },
  "KL_res": {
    "KL divergence": 4.909138856864329,
    "Euclidean Dist.": 0.26405748116857924,
    "WER": 0.906060606060606,
    "CER": 0.6510520047637952,
    "Cosine Dist.": 0.7410870244476985
  },
  "occ_eval_res": {
    "precision": 26.0163,
    "recall": 9.697,
    "f-score": 14.128
  },
  "clean_eval": {
    "f-score": 13.202933985330073,
    "precision": 9.121621621621621,
    "recall": 23.893805309734514,
    "tp": 27,
    "fp": 269,
    "fn": 86
  },
  "jaccard": [
    0.7212918660287081
  ],
  "braycurtis": [
    0.5232744783306581
  ],
  "dice": [
    0.5640785781103835
  ],
  "cosinus": [
    0.24993138421733274
  ]
}