{
  "voc_eval_res": {
    "precision": 21.6931,
    "recall": 2.7872,
    "f-score": 4.9398
  },
  "KL_res": {
    "KL divergence": 3.922508849146351,
    "Euclidean Dist.": 0.20118898604275676,
    "WER": 0.9724254361283061,
    "CER": 0.8537301894085814,
    "Cosine Dist.": 0.6748590135684638
  },
  "occ_eval_res": {
    "precision": 21.6524,
    "recall": 4.2769,
    "f-score": 7.1429
  },
  "clean_eval": {
    "f-score": 0.8188331627430911,
    "precision": 0.4878048780487805,
    "recall": 2.547770700636943,
    "tp": 8,
    "fp": 1632,
    "fn": 306
  },
  "jaccard": [
    0.8069861173309449
  ],
  "braycurtis": [
    0.7349753062664358
  ],
  "dice": [
    0.6764264264264265
  ],
  "cosinus": [
    0.3410066950146239
  ]
}