{
  "voc_eval_res": {
    "precision": 73.6475,
    "recall": 52.3573,
    "f-score": 61.2038
  },
  "KL_res": {
    "KL divergence": 0.989112624356858,
    "Euclidean Dist.": 0.044876438620044506,
    "WER": 0.4992526158445441,
    "CER": 0.37732125235489367,
    "Cosine Dist.": 0.06840408556069466
  },
  "occ_eval_res": {
    "precision": 71.9785,
    "recall": 60.0897,
    "f-score": 65.499
  },
  "clean_eval": {
    "f-score": 60.0335852225021,
    "precision": 54.87336914811972,
    "recall": 66.26506024096386,
    "tp": 715,
    "fp": 588,
    "fn": 364
  },
  "jaccard": [
    0.33374574698422516
  ],
  "braycurtis": [
    0.12482853223593965
  ],
  "dice": [
    0.2002970113235567
  ],
  "cosinus": [
    0.015899097090468883
  ]
}