{
  "voc_eval_res": {
    "precision": 37.8619,
    "recall": 4.4248,
    "f-score": 7.9236
  },
  "KL_res": {
    "KL divergence": 3.8185095548149928,
    "Euclidean Dist.": 0.1955406732746755,
    "WER": 0.9481085363438304,
    "CER": 0.8025272265017266,
    "Cosine Dist.": 0.8819241628150043
  },
  "occ_eval_res": {
    "precision": 40.6734,
    "recall": 7.5361,
    "f-score": 12.7162
  },
  "clean_eval": {
    "f-score": 2.297842483774776,
    "precision": 1.3670040697067725,
    "recall": 7.20175920835624,
    "tp": 131,
    "fp": 9452,
    "fn": 1688
  },
  "jaccard": [
    0.7388769561215097
  ],
  "braycurtis": [
    0.6308090386509652
  ],
  "dice": [
    0.5858880778588808
  ],
  "cosinus": [
    0.24607599988383155
  ]
}