{
  "voc_eval_res": {
    "precision": 60.7843,
    "recall": 21.0884,
    "f-score": 31.3131
  },
  "KL_res": {
    "KL divergence": 3.5722466968978157,
    "Euclidean Dist.": 0.2875352237051643,
    "WER": 0.7888888888888889,
    "CER": 0.5591147350029121,
    "Cosine Dist.": 0.3251456052503441
  },
  "occ_eval_res": {
    "precision": 59.5041,
    "recall": 26.6667,
    "f-score": 36.8286
  },
  "clean_eval": {
    "f-score": 26.76767676767676,
    "precision": 19.272727272727273,
    "recall": 43.80165289256198,
    "tp": 53,
    "fp": 222,
    "fn": 68
  },
  "jaccard": [
    0.6447249774571686
  ],
  "braycurtis": [
    0.36385377519644685
  ],
  "dice": [
    0.47571523619427813
  ],
  "cosinus": [
    0.14758630219832125
  ]
}