{
  "voc_eval_res": {
    "precision": 3.2904,
    "recall": 9.9567,
    "f-score": 4.9462
  },
  "KL_res": {
    "KL divergence": 2.6837472151473647,
    "Euclidean Dist.": 0.22755969665800935,
    "WER": 1.8125585754451734,
    "CER": 2.3578623391158366,
    "Cosine Dist.": 0.464982917955475
  },
  "occ_eval_res": {
    "precision": 14.4035,
    "recall": 27.8351,
    "f-score": 18.9837
  },
  "clean_eval": {
    "f-score": 0.22813688212927757,
    "precision": 0.2843601895734597,
    "recall": 0.19047619047619047,
    "tp": 3,
    "fp": 1052,
    "fn": 1572
  },
  "jaccard": [
    0.8734843845682793
  ],
  "braycurtis": [
    0.7187729733342244
  ],
  "dice": [
    0.7753859534681452
  ],
  "cosinus": [
    0.42218099631127315
  ]
}