{
  "voc_eval_res": {
    "precision": 41.2621,
    "recall": 4.7144,
    "f-score": 8.4619
  },
  "KL_res": {
    "KL divergence": 3.491924489382839,
    "Euclidean Dist.": 0.1700094542682005,
    "WER": 0.9528152260111022,
    "CER": 0.7884805323075323,
    "Cosine Dist.": 0.49192659430526775
  },
  "occ_eval_res": {
    "precision": 32.6418,
    "recall": 9.3577,
    "f-score": 14.5455
  },
  "clean_eval": {
    "f-score": 2.34192037470726,
    "precision": 1.5377855887521967,
    "recall": 4.908835904628331,
    "tp": 35,
    "fp": 2241,
    "fn": 678
  },
  "jaccard": [
    0.751811170834307
  ],
  "braycurtis": [
    0.5837549727704607
  ],
  "dice": [
    0.6023216626099981
  ],
  "cosinus": [
    0.2155117644617469
  ]
}