{
  "voc_eval_res": {
    "precision": 29.9363,
    "recall": 3.4207,
    "f-score": 6.1398
  },
  "KL_res": {
    "KL divergence": 3.4081952178183244,
    "Euclidean Dist.": 0.16212852022451518,
    "WER": 0.9653045489591364,
    "CER": 0.8073763506834373,
    "Cosine Dist.": 0.5894903400349574
  },
  "occ_eval_res": {
    "precision": 25.8097,
    "recall": 6.5536,
    "f-score": 10.453
  },
  "clean_eval": {
    "f-score": 1.0247271107150813,
    "precision": 0.6539664486778505,
    "recall": 2.366255144032922,
    "tp": 23,
    "fp": 3494,
    "fn": 949
  },
  "jaccard": [
    0.7414267375756465
  ],
  "braycurtis": [
    0.6167092835151072
  ],
  "dice": [
    0.5891009762494536
  ],
  "cosinus": [
    0.23884797800654156
  ]
}