{
  "voc_eval_res": {
    "precision": 18.4783,
    "recall": 0.6275,
    "f-score": 1.2139
  },
  "KL_res": {
    "KL divergence": 3.768619196007199,
    "Euclidean Dist.": 0.1997361628555338,
    "WER": 0.9948123283490998,
    "CER": 0.9262073115691289,
    "Cosine Dist.": 0.9155395994561168
  },
  "occ_eval_res": {
    "precision": 11.6608,
    "recall": 1.007,
    "f-score": 1.8539
  },
  "clean_eval": {
    "f-score": 0.17431725740848347,
    "precision": 0.09487666034155598,
    "recall": 1.0714285714285714,
    "tp": 3,
    "fp": 3159,
    "fn": 277
  },
  "jaccard": [
    0.8808085017712023
  ],
  "braycurtis": [
    0.8770158511371468
  ],
  "dice": [
    0.787004282256563
  ],
  "cosinus": [
    0.3666684090678234
  ]
}