{
  "voc_eval_res": {
    "precision": 12.1951,
    "recall": 0.1732,
    "f-score": 0.3415
  },
  "KL_res": {
    "KL divergence": 3.9526149457314124,
    "Euclidean Dist.": 0.3521819477264706,
    "WER": 0.997907949790795,
    "CER": 0.9597463064119954,
    "Cosine Dist.": 0.9680539096309256
  },
  "occ_eval_res": {
    "precision": 6.2992,
    "recall": 0.2391,
    "f-score": 0.4607
  },
  "clean_eval": {
    "f-score": 0.4081632653061224,
    "precision": 0.2119285498032092,
    "recall": 5.511811023622047,
    "tp": 7,
    "fp": 3296,
    "fn": 120
  },
  "jaccard": [
    0.9168312486284836
  ],
  "braycurtis": [
    0.9319177266197134
  ],
  "dice": [
    0.8464343598055105
  ],
  "cosinus": [
    0.516628227987673
  ]
}