{
  "voc_eval_res": {
    "precision": 72.106,
    "recall": 65.1134,
    "f-score": 68.4315
  },
  "KL_res": {
    "KL divergence": 0.36762427321904256,
    "Euclidean Dist.": 0.03668511902848272,
    "WER": 0.41620879120879123,
    "CER": 0.3125034169810289,
    "Cosine Dist.": 0.03923882761627928
  },
  "occ_eval_res": {
    "precision": 77.356,
    "recall": 81.1813,
    "f-score": 79.2225
  },
  "clean_eval": {
    "f-score": 66.37478108581438,
    "precision": 65.20430107526882,
    "recall": 67.58805171645118,
    "tp": 1516,
    "fp": 809,
    "fn": 727
  },
  "jaccard": [
    0.34653215636822193
  ],
  "braycurtis": [
    0.10257828342682573
  ],
  "dice": [
    0.20957901159243442
  ],
  "cosinus": [
    0.024092551975363974
  ]
}