{
  "voc_eval_res": {
    "precision": 52.0548,
    "recall": 32.5714,
    "f-score": 40.0703
  },
  "KL_res": {
    "KL divergence": 1.3943208486132357,
    "Euclidean Dist.": 0.097508990524093,
    "WER": 0.7041847041847041,
    "CER": 0.5130518234165067,
    "Cosine Dist.": 0.08950349064925434
  },
  "occ_eval_res": {
    "precision": 60.4235,
    "recall": 53.5354,
    "f-score": 56.7712
  },
  "clean_eval": {
    "f-score": 20.51282051282051,
    "precision": 16.51560926485398,
    "recall": 27.062706270627064,
    "tp": 164,
    "fp": 829,
    "fn": 442
  },
  "jaccard": [
    0.5358831113021058
  ],
  "braycurtis": [
    0.27254380332079625
  ],
  "dice": [
    0.3660111535074846
  ],
  "cosinus": [
    0.32077907433598785
  ]
}