{
  "voc_eval_res": {
    "precision": 53.4121,
    "recall": 31.9969,
    "f-score": 40.0197
  },
  "KL_res": {
    "KL divergence": 1.519877013979668,
    "Euclidean Dist.": 0.07235487024569617,
    "WER": 0.7158958414302371,
    "CER": 0.5364954156635763,
    "Cosine Dist.": 0.0985646559677853
  },
  "occ_eval_res": {
    "precision": 59.491,
    "recall": 43.6067,
    "f-score": 50.3252
  },
  "clean_eval": {
    "f-score": 30.93793747083528,
    "precision": 27.283950617283953,
    "recall": 35.72198275862069,
    "tp": 663,
    "fp": 1767,
    "fn": 1193
  },
  "jaccard": [
    0.515
  ],
  "braycurtis": [
    0.22122083379409488
  ],
  "dice": [
    0.3468013468013468
  ],
  "cosinus": [
    0.04949643390863501
  ]
}