{
  "voc_eval_res": {
    "precision": 36.6667,
    "recall": 22.449,
    "f-score": 27.8481
  },
  "KL_res": {
    "KL divergence": 4.839931344059104,
    "Euclidean Dist.": 0.23760899581959966,
    "WER": 0.9,
    "CER": 0.7414965986394558,
    "Cosine Dist.": 0.5813427829181605
  },
  "occ_eval_res": {
    "precision": 33.3333,
    "recall": 22.0,
    "f-score": 26.506
  },
  "clean_eval": {
    "f-score": 15.584415584415586,
    "precision": 13.043478260869565,
    "recall": 19.35483870967742,
    "tp": 6,
    "fp": 40,
    "fn": 25
  },
  "jaccard": [
    0.7474892395982783
  ],
  "braycurtis": [
    0.6322869955156951
  ],
  "dice": [
    0.5967926689576174
  ],
  "cosinus": [
    0.4100486036899377
  ]
}