{
  "voc_eval_res": {
    "precision": 35.0,
    "recall": 10.7692,
    "f-score": 16.4706
  },
  "KL_res": {
    "KL divergence": 5.23729550718932,
    "Euclidean Dist.": 0.32900563222958373,
    "WER": 0.8709677419354839,
    "CER": 0.6839002267573696,
    "Cosine Dist.": 0.7379638817066938
  },
  "occ_eval_res": {
    "precision": 31.7757,
    "recall": 13.7097,
    "f-score": 19.1549
  },
  "clean_eval": {
    "f-score": 18.404907975460123,
    "precision": 13.392857142857142,
    "recall": 29.411764705882355,
    "tp": 30,
    "fp": 194,
    "fn": 72
  },
  "jaccard": [
    0.7100538599640933
  ],
  "braycurtis": [
    0.5404292855042635
  ],
  "dice": [
    0.5504523312456506
  ],
  "cosinus": [
    0.39777346720965023
  ]
}