{
  "voc_eval_res": {
    "precision": 73.0769,
    "recall": 25.3333,
    "f-score": 37.6238
  },
  "KL_res": {
    "KL divergence": 1.8459972101209372,
    "Euclidean Dist.": 0.20977927969455032,
    "WER": 0.54,
    "CER": 0.4097881665449233,
    "Cosine Dist.": 0.055745171268677396
  },
  "occ_eval_res": {
    "precision": 72.7273,
    "recall": 53.3333,
    "f-score": 61.5385
  },
  "clean_eval": {
    "f-score": 54.6875,
    "precision": 47.94520547945205,
    "recall": 63.63636363636363,
    "tp": 70,
    "fp": 76,
    "fn": 40
  },
  "jaccard": [
    0.5627906976744186
  ],
  "braycurtis": [
    0.22458446076536528
  ],
  "dice": [
    0.39158576051779936
  ],
  "cosinus": [
    0.040972435663739204
  ]
}