{
  "voc_eval_res": {
    "precision": 46.832,
    "recall": 27.3752,
    "f-score": 34.5528
  },
  "KL_res": {
    "KL divergence": 2.3836191963830804,
    "Euclidean Dist.": 0.10486538454415271,
    "WER": 0.7658643326039387,
    "CER": 0.5759607522485691,
    "Cosine Dist.": 0.5312834446587695
  },
  "occ_eval_res": {
    "precision": 49.3671,
    "recall": 29.8687,
    "f-score": 37.2188
  },
  "clean_eval": {
    "f-score": 29.835831548893648,
    "precision": 24.106113033448672,
    "recall": 39.13857677902622,
    "tp": 209,
    "fp": 658,
    "fn": 325
  },
  "jaccard": [
    0.5345454545454545
  ],
  "braycurtis": [
    0.3216743119266055
  ],
  "dice": [
    0.36476426799007444
  ],
  "cosinus": [
    0.07761016679172628
  ]
}