{
  "voc_eval_res": {
    "precision": 50.2907,
    "recall": 27.9935,
    "f-score": 35.9667
  },
  "KL_res": {
    "KL divergence": 2.6723528676270014,
    "Euclidean Dist.": 0.09927486848908212,
    "WER": 0.7833698030634574,
    "CER": 0.5943643512450852,
    "Cosine Dist.": 0.515339285498927
  },
  "occ_eval_res": {
    "precision": 50.4931,
    "recall": 28.0088,
    "f-score": 36.031
  },
  "clean_eval": {
    "f-score": 28.34067547723935,
    "precision": 22.18390804597701,
    "recall": 39.22764227642276,
    "tp": 193,
    "fp": 677,
    "fn": 299
  },
  "jaccard": [
    0.5463609172482552
  ],
  "braycurtis": [
    0.34804305283757336
  ],
  "dice": [
    0.37585733882030176
  ],
  "cosinus": [
    0.10031129954581752
  ]
}