{
  "voc_eval_res": {
    "precision": 58.209,
    "recall": 36.4486,
    "f-score": 44.8276
  },
  "KL_res": {
    "KL divergence": 2.3139796680763136,
    "Euclidean Dist.": 0.1350471087431701,
    "WER": 0.6909090909090909,
    "CER": 0.48564593301435405,
    "Cosine Dist.": 0.23526658179645754
  },
  "occ_eval_res": {
    "precision": 65.3061,
    "recall": 38.7879,
    "f-score": 48.6692
  },
  "clean_eval": {
    "f-score": 43.82470119521912,
    "precision": 35.256410256410255,
    "recall": 57.89473684210527,
    "tp": 55,
    "fp": 101,
    "fn": 40
  },
  "jaccard": [
    0.4974974974974975
  ],
  "braycurtis": [
    0.29982440737489024
  ],
  "dice": [
    0.33111259160559625
  ],
  "cosinus": [
    0.08813700228559673
  ]
}