{
  "voc_eval_res": {
    "precision": 34.0176,
    "recall": 16.4074,
    "f-score": 22.1374
  },
  "KL_res": {
    "KL divergence": 1.7045724514995917,
    "Euclidean Dist.": 0.21936690430619532,
    "WER": 0.7242647058823529,
    "CER": 0.5455819073351346,
    "Cosine Dist.": 0.013744457674798705
  },
  "occ_eval_res": {
    "precision": 48.7575,
    "recall": 41.8382,
    "f-score": 45.0336
  },
  "clean_eval": {
    "f-score": 5.856039040260268,
    "precision": 5.438066465256798,
    "recall": 6.343612334801763,
    "tp": 72,
    "fp": 1252,
    "fn": 1063
  },
  "jaccard": [
    0.6048034934497817
  ],
  "braycurtis": [
    0.2891231679094883
  ],
  "dice": [
    0.433489827856025
  ],
  "cosinus": [
    0.0350079773492884
  ]
}