{
  "voc_eval_res": {
    "precision": 24.2718,
    "recall": 1.6426,
    "f-score": 3.0769
  },
  "KL_res": {
    "KL divergence": 3.609404039169347,
    "Euclidean Dist.": 0.1763921058631247,
    "WER": 0.979313824419778,
    "CER": 0.8508088283450128,
    "Cosine Dist.": 0.6522681135296817
  },
  "occ_eval_res": {
    "precision": 18.3956,
    "recall": 3.3552,
    "f-score": 5.6753
  },
  "clean_eval": {
    "f-score": 0.4195804195804196,
    "precision": 0.2516074923119933,
    "recall": 1.262272089761571,
    "tp": 9,
    "fp": 3568,
    "fn": 704
  },
  "jaccard": [
    0.7959641255605381
  ],
  "braycurtis": [
    0.7255963548646476
  ],
  "dice": [
    0.6610800744878957
  ],
  "cosinus": [
    0.2606694873743819
  ]
}