{
  "voc_eval_res": {
    "precision": 49.0446,
    "recall": 20.7827,
    "f-score": 29.1943
  },
  "KL_res": {
    "KL divergence": 2.7744383486102326,
    "Euclidean Dist.": 0.13646004434766656,
    "WER": 0.9283322170127261,
    "CER": 0.7076711622712826,
    "Cosine Dist.": 0.3687316989563314
  },
  "occ_eval_res": {
    "precision": 43.9271,
    "recall": 29.069,
    "f-score": 34.9859
  },
  "clean_eval": {
    "f-score": 12.0381901203819,
    "precision": 10.090466249130133,
    "recall": 14.917695473251028,
    "tp": 145,
    "fp": 1292,
    "fn": 827
  },
  "jaccard": [
    0.5903954802259888
  ],
  "braycurtis": [
    0.31862102452051466
  ],
  "dice": [
    0.4188376753507014
  ],
  "cosinus": [
    0.11976485523755487
  ]
}