{
  "voc_eval_res": {
    "precision": 50.4854,
    "recall": 16.8831,
    "f-score": 25.3041
  },
  "KL_res": {
    "KL divergence": 2.930488923172584,
    "Euclidean Dist.": 0.15399981064562285,
    "WER": 0.9123404255319149,
    "CER": 0.7044073787694687,
    "Cosine Dist.": 0.42119606470800186
  },
  "occ_eval_res": {
    "precision": 43.7068,
    "recall": 26.8936,
    "f-score": 33.2982
  },
  "clean_eval": {
    "f-score": 10.417797069994576,
    "precision": 8.495575221238937,
    "recall": 13.464235624123422,
    "tp": 96,
    "fp": 1034,
    "fn": 617
  },
  "jaccard": [
    0.6336879432624114
  ],
  "braycurtis": [
    0.3565283884534506
  ],
  "dice": [
    0.46379444588632235
  ],
  "cosinus": [
    0.1787208123745967
  ]
}