{
  "voc_eval_res": {
    "precision": 59.5745,
    "recall": 22.7642,
    "f-score": 32.9412
  },
  "KL_res": {
    "KL divergence": 4.045041710552769,
    "Euclidean Dist.": 0.2634538586768341,
    "WER": 0.8118279569892473,
    "CER": 0.6882778581765557,
    "Cosine Dist.": 0.5045910479494187
  },
  "occ_eval_res": {
    "precision": 62.1622,
    "recall": 20.6093,
    "f-score": 30.9556
  },
  "clean_eval": {
    "f-score": 22.468354430379748,
    "precision": 15.638766519823788,
    "recall": 39.8876404494382,
    "tp": 71,
    "fp": 383,
    "fn": 107
  },
  "jaccard": [
    0.6125080593165699
  ],
  "braycurtis": [
    0.5192190359975595
  ],
  "dice": [
    0.44144981412639406
  ],
  "cosinus": [
    0.35460927091548977
  ]
}