{
  "voc_eval_res": {
    "precision": 39.1892,
    "recall": 10.8209,
    "f-score": 16.9591
  },
  "KL_res": {
    "KL divergence": 4.260920699175104,
    "Euclidean Dist.": 0.30054703320437753,
    "WER": 0.8671497584541062,
    "CER": 0.6019267822736031,
    "Cosine Dist.": 0.5166764901053764
  },
  "occ_eval_res": {
    "precision": 30.7359,
    "recall": 17.1498,
    "f-score": 22.0155
  },
  "clean_eval": {
    "f-score": 8.349146110056926,
    "precision": 7.4324324324324325,
    "recall": 9.523809523809524,
    "tp": 22,
    "fp": 274,
    "fn": 209
  },
  "jaccard": [
    0.7706925675675675
  ],
  "braycurtis": [
    0.45921325051759837
  ],
  "dice": [
    0.6269323256612848
  ],
  "cosinus": [
    0.19480034544919334
  ]
}