{
  "voc_eval_res": {
    "precision": 49.5575,
    "recall": 22.4,
    "f-score": 30.854
  },
  "KL_res": {
    "KL divergence": 2.414178771117224,
    "Euclidean Dist.": 0.18252241619765086,
    "WER": 0.7257731958762886,
    "CER": 0.5162232316677482,
    "Cosine Dist.": 0.10451220597626854
  },
  "occ_eval_res": {
    "precision": 57.716,
    "recall": 38.5567,
    "f-score": 46.2299
  },
  "clean_eval": {
    "f-score": 9.554831704668839,
    "precision": 7.321131447587355,
    "recall": 13.750000000000002,
    "tp": 44,
    "fp": 557,
    "fn": 276
  },
  "jaccard": [
    0.6253569388920617
  ],
  "braycurtis": [
    0.3082605775688381
  ],
  "dice": [
    0.4549231408392189
  ],
  "cosinus": [
    0.18110708434731282
  ]
}