{
  "voc_eval_res": {
    "precision": 46.7391,
    "recall": 41.3462,
    "f-score": 43.8776
  },
  "KL_res": {
    "KL divergence": 1.3872473803685041,
    "Euclidean Dist.": 0.12694559493641724,
    "WER": 0.8980582524271845,
    "CER": 0.6530366806975346,
    "Cosine Dist.": 0.132346846574795
  },
  "occ_eval_res": {
    "precision": 45.9364,
    "recall": 63.1068,
    "f-score": 53.1697
  },
  "clean_eval": {
    "f-score": 17.27447216890595,
    "precision": 18.672199170124482,
    "recall": 16.071428571428573,
    "tp": 45,
    "fp": 196,
    "fn": 235
  },
  "jaccard": [
    0.5586080586080586
  ],
  "braycurtis": [
    0.2985038018150601
  ],
  "dice": [
    0.3875476493011436
  ],
  "cosinus": [
    0.07703030643597619
  ]
}