{
  "voc_eval_res": {
    "precision": 63.6364,
    "recall": 32.9412,
    "f-score": 43.4109
  },
  "KL_res": {
    "KL divergence": 1.832830462485643,
    "Euclidean Dist.": 0.20337751859689673,
    "WER": 0.6064516129032258,
    "CER": 0.4406779661016949,
    "Cosine Dist.": 0.13564253626051415
  },
  "occ_eval_res": {
    "precision": 68.8679,
    "recall": 47.0968,
    "f-score": 55.9387
  },
  "clean_eval": {
    "f-score": 46.33204633204633,
    "precision": 38.961038961038966,
    "recall": 57.14285714285714,
    "tp": 60,
    "fp": 94,
    "fn": 45
  },
  "jaccard": [
    0.4948186528497409
  ],
  "braycurtis": [
    0.2372112211221122
  ],
  "dice": [
    0.3287435456110155
  ],
  "cosinus": [
    0.09425139645864966
  ]
}