{
  "voc_eval_res": {
    "precision": 25.2475,
    "recall": 60.0,
    "f-score": 35.5401
  },
  "KL_res": {
    "KL divergence": 0.9913543391375867,
    "Euclidean Dist.": 0.15652602469826357,
    "WER": 2.8210526315789473,
    "CER": 2.672972972972973,
    "Cosine Dist.": 0.10716491023272978
  },
  "occ_eval_res": {
    "precision": 23.676,
    "recall": 80.0,
    "f-score": 36.5385
  },
  "clean_eval": {
    "f-score": 21.593830334190233,
    "precision": 45.90163934426229,
    "recall": 14.117647058823529,
    "tp": 84,
    "fp": 99,
    "fn": 511
  },
  "jaccard": [
    0.5897590361445784
  ],
  "braycurtis": [
    0.5735091215698298
  ],
  "dice": [
    0.41819735155916277
  ],
  "cosinus": [
    0.08384358815893733
  ]
}