{
  "voc_eval_res": {
    "precision": 31.1765,
    "recall": 51.4563,
    "f-score": 38.8278
  },
  "KL_res": {
    "KL divergence": 1.2386209714285086,
    "Euclidean Dist.": 0.13699961526584525,
    "WER": 2.3446601941747574,
    "CER": 2.083284457478006,
    "Cosine Dist.": 0.15306853436298895
  },
  "occ_eval_res": {
    "precision": 26.5082,
    "recall": 70.3883,
    "f-score": 38.5126
  },
  "clean_eval": {
    "f-score": 22.63083451202263,
    "precision": 39.800995024875625,
    "recall": 15.810276679841898,
    "tp": 80,
    "fp": 121,
    "fn": 426
  },
  "jaccard": [
    0.5372766481823783
  ],
  "braycurtis": [
    0.5066478961363992
  ],
  "dice": [
    0.36731255265374896
  ],
  "cosinus": [
    0.09516910821146318
  ]
}