{
  "voc_eval_res": {
    "precision": 2.8058,
    "recall": 5.9242,
    "f-score": 3.8081
  },
  "KL_res": {
    "KL divergence": 4.787058018727097,
    "Euclidean Dist.": 0.08993085214123657,
    "WER": 2.3025540275049114,
    "CER": 1.4779220779220779,
    "Cosine Dist.": 0.8143507025726939
  },
  "occ_eval_res": {
    "precision": 2.7801,
    "recall": 6.4833,
    "f-score": 3.8915
  },
  "clean_eval": {
    "f-score": 1.0122921185827911,
    "precision": 1.4084507042253522,
    "recall": 0.7900677200902935,
    "tp": 7,
    "fp": 490,
    "fn": 879
  },
  "jaccard": [
    0.8484702867211277
  ],
  "braycurtis": [
    0.7221891731112433
  ],
  "dice": [
    0.736820141883433
  ],
  "cosinus": [
    0.5428263359061718
  ]
}