{
  "voc_eval_res": {
    "precision": 37.3418,
    "recall": 3.2489,
    "f-score": 5.9777
  },
  "KL_res": {
    "KL divergence": 3.0337641524579624,
    "Euclidean Dist.": 0.2406498045827719,
    "WER": 0.9445026178010472,
    "CER": 0.830775492613786,
    "Cosine Dist.": 0.4792600928416104
  },
  "occ_eval_res": {
    "precision": 34.5572,
    "recall": 8.377,
    "f-score": 13.485
  },
  "clean_eval": {
    "f-score": 0.5763688760806917,
    "precision": 0.36314984709480125,
    "recall": 1.396032329169728,
    "tp": 19,
    "fp": 5213,
    "fn": 1342
  },
  "jaccard": [
    0.78235100428054
  ],
  "braycurtis": [
    0.7002621104747112
  ],
  "dice": [
    0.6425094645754462
  ],
  "cosinus": [
    0.333952063781236
  ]
}