{
  "voc_eval_res": {
    "precision": 69.9029,
    "recall": 24.2424,
    "f-score": 36.0
  },
  "KL_res": {
    "KL divergence": 1.6995637146403033,
    "Euclidean Dist.": 0.12047914463889806,
    "WER": 0.7070008643042351,
    "CER": 0.5583342763381238,
    "Cosine Dist.": 0.11502391126808142
  },
  "occ_eval_res": {
    "precision": 66.989,
    "recall": 41.9188,
    "f-score": 51.5683
  },
  "clean_eval": {
    "f-score": 29.295774647887324,
    "precision": 24.50518378887842,
    "recall": 36.41456582633053,
    "tp": 260,
    "fp": 801,
    "fn": 454
  },
  "jaccard": [
    0.618782722513089
  ],
  "braycurtis": [
    0.2489187270027758
  ],
  "dice": [
    0.4479981047145226
  ],
  "cosinus": [
    0.04590427469870084
  ]
}