{
  "voc_eval_res": {
    "precision": 45.6897,
    "recall": 4.5611,
    "f-score": 8.2942
  },
  "KL_res": {
    "KL divergence": 3.740211115378519,
    "Euclidean Dist.": 0.2079776800743625,
    "WER": 0.9372280919825979,
    "CER": 0.8466422466422466,
    "Cosine Dist.": 0.5789198832694217
  },
  "occ_eval_res": {
    "precision": 43.686,
    "recall": 7.9553,
    "f-score": 13.4595
  },
  "clean_eval": {
    "f-score": 2.665186007773459,
    "precision": 1.5852047556142668,
    "recall": 8.362369337979095,
    "tp": 24,
    "fp": 1490,
    "fn": 263
  },
  "jaccard": [
    0.7665021591610117
  ],
  "braycurtis": [
    0.7211355609888617
  ],
  "dice": [
    0.6214053513378345
  ],
  "cosinus": [
    0.26319195935860795
  ]
}