{
  "voc_eval_res": {
    "precision": 34.6154,
    "recall": 29.0323,
    "f-score": 31.5789
  },
  "KL_res": {
    "KL divergence": 3.8640906646946345,
    "Euclidean Dist.": 0.21992264096455633,
    "WER": 0.8378378378378378,
    "CER": 0.7284768211920529,
    "Cosine Dist.": 0.4234803315414044
  },
  "occ_eval_res": {
    "precision": 35.7143,
    "recall": 27.027,
    "f-score": 30.7692
  },
  "clean_eval": {
    "f-score": 30.0,
    "precision": 25.71428571428571,
    "recall": 36.0,
    "tp": 9,
    "fp": 26,
    "fn": 16
  },
  "jaccard": [
    0.7007874015748031
  ],
  "braycurtis": [
    0.5335968379446641
  ],
  "dice": [
    0.5393939393939394
  ],
  "cosinus": [
    0.31577790238451275
  ]
}