{
  "voc_eval_res": {
    "precision": 35.3982,
    "recall": 3.2362,
    "f-score": 5.9303
  },
  "KL_res": {
    "KL divergence": 4.291498981120107,
    "Euclidean Dist.": 0.30017941017830774,
    "WER": 0.9647985178323297,
    "CER": 0.835450748346676,
    "Cosine Dist.": 0.7183769971425862
  },
  "occ_eval_res": {
    "precision": 32.4074,
    "recall": 4.8634,
    "f-score": 8.4575
  },
  "clean_eval": {
    "f-score": 0.2548853016142736,
    "precision": 0.14749262536873156,
    "recall": 0.9375,
    "tp": 3,
    "fp": 2031,
    "fn": 317
  },
  "jaccard": [
    0.801673640167364
  ],
  "braycurtis": [
    0.7085818539049892
  ],
  "dice": [
    0.6689944134078212
  ],
  "cosinus": [
    0.3478153206206025
  ]
}