{
  "voc_eval_res": {
    "precision": 8.4615,
    "recall": 18.0328,
    "f-score": 11.5183
  },
  "KL_res": {
    "KL divergence": 4.401738386959169,
    "Euclidean Dist.": 0.2868489469421988,
    "WER": 5.042253521126761,
    "CER": 6.517894736842106,
    "Cosine Dist.": 0.43635324706967515
  },
  "occ_eval_res": {
    "precision": 5.0802,
    "recall": 26.7606,
    "f-score": 8.5393
  },
  "clean_eval": {
    "f-score": 3.225806451612903,
    "precision": 10.294117647058822,
    "recall": 1.912568306010929,
    "tp": 7,
    "fp": 61,
    "fn": 359
  },
  "jaccard": [
    0.7272727272727273
  ],
  "braycurtis": [
    0.8130817610062893
  ],
  "dice": [
    0.5714285714285714
  ],
  "cosinus": [
    0.22573254676455845
  ]
}