{
  "voc_eval_res": {
    "precision": 50.0,
    "recall": 20.8754,
    "f-score": 29.4537
  },
  "KL_res": {
    "KL divergence": 2.377513918252562,
    "Euclidean Dist.": 0.1551032063336869,
    "WER": 0.7067510548523207,
    "CER": 0.5692269450658712,
    "Cosine Dist.": 0.14076974640134
  },
  "occ_eval_res": {
    "precision": 52.9762,
    "recall": 37.5527,
    "f-score": 43.9506
  },
  "clean_eval": {
    "f-score": 15.084525357607284,
    "precision": 13.03370786516854,
    "recall": 17.901234567901234,
    "tp": 58,
    "fp": 387,
    "fn": 266
  },
  "jaccard": [
    0.5862250262881178
  ],
  "braycurtis": [
    0.3214076246334311
  ],
  "dice": [
    0.41465228709557456
  ],
  "cosinus": [
    0.11718894759783405
  ]
}