{
  "voc_eval_res": {
    "precision": 44.5652,
    "recall": 31.0606,
    "f-score": 36.6071
  },
  "KL_res": {
    "KL divergence": 2.257624655678419,
    "Euclidean Dist.": 0.1796385517693282,
    "WER": 0.8650793650793651,
    "CER": 0.6248085758039816,
    "Cosine Dist.": 0.28024582198854997
  },
  "occ_eval_res": {
    "precision": 40.9894,
    "recall": 46.0317,
    "f-score": 43.3645
  },
  "clean_eval": {
    "f-score": 12.035398230088495,
    "precision": 11.929824561403509,
    "recall": 12.142857142857142,
    "tp": 34,
    "fp": 251,
    "fn": 246
  },
  "jaccard": [
    0.6125984251968504
  ],
  "braycurtis": [
    0.3114455084359325
  ],
  "dice": [
    0.44154370034052215
  ],
  "cosinus": [
    0.09577899941412493
  ]
}