{
  "voc_eval_res": {
    "precision": 33.945,
    "recall": 10.7091,
    "f-score": 16.2816
  },
  "KL_res": {
    "KL divergence": 3.4816064194511647,
    "Euclidean Dist.": 0.20385240124716142,
    "WER": 0.8796477495107632,
    "CER": 0.6673538506847297,
    "Cosine Dist.": 0.7433015556930247
  },
  "occ_eval_res": {
    "precision": 30.1811,
    "recall": 14.6771,
    "f-score": 19.7498
  },
  "clean_eval": {
    "f-score": 9.387755102040817,
    "precision": 7.026476578411406,
    "recall": 14.139344262295081,
    "tp": 69,
    "fp": 913,
    "fn": 419
  },
  "jaccard": [
    0.6551838357071879
  ],
  "braycurtis": [
    0.4436159440301942
  ],
  "dice": [
    0.48719211822660097
  ],
  "cosinus": [
    0.1921948054798206
  ]
}