{
  "voc_eval_res": {
    "precision": 42.3077,
    "recall": 45.8333,
    "f-score": 44.0
  },
  "KL_res": {
    "KL divergence": 4.084692767228514,
    "Euclidean Dist.": 0.29514847590138177,
    "WER": 0.7222222222222222,
    "CER": 0.6480938416422287,
    "Cosine Dist.": 0.5293553718493579
  },
  "occ_eval_res": {
    "precision": 46.4286,
    "recall": 36.1111,
    "f-score": 40.625
  },
  "clean_eval": {
    "f-score": 35.08771929824561,
    "precision": 31.25,
    "recall": 40.0,
    "tp": 10,
    "fp": 22,
    "fn": 15
  },
  "jaccard": [
    0.6298568507157464
  ],
  "braycurtis": [
    0.5255731922398589
  ],
  "dice": [
    0.4597014925373134
  ],
  "cosinus": [
    0.4265742237108877
  ]
}