{
  "voc_eval_res": {
    "precision": 17.3267,
    "recall": 0.7208,
    "f-score": 1.3839
  },
  "KL_res": {
    "KL divergence": 4.05549943499492,
    "Euclidean Dist.": 0.22416753776726794,
    "WER": 0.9884183858125226,
    "CER": 0.9062192868655895,
    "Cosine Dist.": 0.9196975322147891
  },
  "occ_eval_res": {
    "precision": 16.4902,
    "recall": 1.315,
    "f-score": 2.4358
  },
  "clean_eval": {
    "f-score": 0.2650602409638554,
    "precision": 0.14386607376405963,
    "recall": 1.6819571865443423,
    "tp": 11,
    "fp": 7635,
    "fn": 643
  },
  "jaccard": [
    0.8306557377049181
  ],
  "braycurtis": [
    0.8284667073915699
  ],
  "dice": [
    0.71036029721015
  ],
  "cosinus": [
    0.2809617159271506
  ]
}