{
  "voc_eval_res": {
    "precision": 58.5586,
    "recall": 41.9355,
    "f-score": 48.8722
  },
  "KL_res": {
    "KL divergence": 0.9661752302222048,
    "Euclidean Dist.": 0.07463723743317581,
    "WER": 0.5295735900962861,
    "CER": 0.42592592592592593,
    "Cosine Dist.": 0.030618710415990402
  },
  "occ_eval_res": {
    "precision": 70.1031,
    "recall": 65.4746,
    "f-score": 67.7098
  },
  "clean_eval": {
    "f-score": 37.845705967976706,
    "precision": 36.98435277382646,
    "recall": 38.74813710879285,
    "tp": 260,
    "fp": 443,
    "fn": 411
  },
  "jaccard": [
    0.45836873406966866
  ],
  "braycurtis": [
    0.1651335961454227
  ],
  "dice": [
    0.29732708735188756
  ],
  "cosinus": [
    0.01740431631051842
  ]
}