{
  "voc_eval_res": {
    "precision": 32.5,
    "recall": 20.6349,
    "f-score": 25.2427
  },
  "KL_res": {
    "KL divergence": 3.5720124313980905,
    "Euclidean Dist.": 0.13847546129471894,
    "WER": 0.8333333333333334,
    "CER": 0.6241787122207622,
    "Cosine Dist.": 0.3055430742280454
  },
  "occ_eval_res": {
    "precision": 37.8882,
    "recall": 25.4167,
    "f-score": 30.4239
  },
  "clean_eval": {
    "f-score": 14.009661835748794,
    "precision": 11.153846153846155,
    "recall": 18.83116883116883,
    "tp": 29,
    "fp": 231,
    "fn": 125
  },
  "jaccard": [
    0.6656384947563233
  ],
  "braycurtis": [
    0.3962541314726405
  ],
  "dice": [
    0.49884419787332407
  ],
  "cosinus": [
    0.11650848540856806
  ]
}