{
  "voc_eval_res": {
    "precision": 27.3038,
    "recall": 23.0548,
    "f-score": 25.0
  },
  "KL_res": {
    "KL divergence": 2.379078655738514,
    "Euclidean Dist.": 0.07174130068396437,
    "WER": 0.8699186991869918,
    "CER": 0.6483180428134556,
    "Cosine Dist.": 0.20170001491610146
  },
  "occ_eval_res": {
    "precision": 37.788,
    "recall": 33.3333,
    "f-score": 35.4212
  },
  "clean_eval": {
    "f-score": 8.829568788501026,
    "precision": 7.363013698630137,
    "recall": 11.025641025641026,
    "tp": 43,
    "fp": 541,
    "fn": 347
  },
  "jaccard": [
    0.6990957280947926
  ],
  "braycurtis": [
    0.37524528301886795
  ],
  "dice": [
    0.537392138063279
  ],
  "cosinus": [
    0.21466484336116565
  ]
}