{
  "voc_eval_res": {
    "precision": 36.4865,
    "recall": 12.3853,
    "f-score": 18.4932
  },
  "KL_res": {
    "KL divergence": 3.7008216303107435,
    "Euclidean Dist.": 0.2565516811538379,
    "WER": 0.8385964912280702,
    "CER": 0.6146053186998733,
    "Cosine Dist.": 0.22758959788290034
  },
  "occ_eval_res": {
    "precision": 29.0043,
    "recall": 23.5088,
    "f-score": 25.969
  },
  "clean_eval": {
    "f-score": 7.377049180327869,
    "precision": 7.003891050583658,
    "recall": 7.792207792207792,
    "tp": 18,
    "fp": 239,
    "fn": 213
  },
  "jaccard": [
    0.6985074626865672
  ],
  "braycurtis": [
    0.41446769790718835
  ],
  "dice": [
    0.536697247706422
  ],
  "cosinus": [
    0.17472558410219097
  ]
}