{
  "voc_eval_res": {
    "precision": 49.2386,
    "recall": 14.6084,
    "f-score": 22.5319
  },
  "KL_res": {
    "KL divergence": 4.511940285210907,
    "Euclidean Dist.": 0.16685299157878086,
    "WER": 0.9133247089262613,
    "CER": 0.7183740566390197,
    "Cosine Dist.": 0.8156454567647519
  },
  "occ_eval_res": {
    "precision": 50.3704,
    "recall": 10.9961,
    "f-score": 18.0515
  },
  "clean_eval": {
    "f-score": 15.450890292935096,
    "precision": 9.54239091876552,
    "recall": 40.57315233785822,
    "tp": 269,
    "fp": 2550,
    "fn": 394
  },
  "jaccard": [
    0.7114880223815352
  ],
  "braycurtis": [
    0.49454945494549457
  ],
  "dice": [
    0.5521780431537522
  ],
  "cosinus": [
    0.2870261722676547
  ]
}