{
  "voc_eval_res": {
    "precision": 25.2205,
    "recall": 4.3033,
    "f-score": 7.3522
  },
  "KL_res": {
    "KL divergence": 2.942021763164403,
    "Euclidean Dist.": 0.09103561669279625,
    "WER": 0.9680707828428544,
    "CER": 0.8540968875091904,
    "Cosine Dist.": 0.7043216894815905
  },
  "occ_eval_res": {
    "precision": 30.793,
    "recall": 5.7511,
    "f-score": 9.6921
  },
  "clean_eval": {
    "f-score": 2.9417040358744395,
    "precision": 1.7604121940747102,
    "recall": 8.942202835332607,
    "tp": 82,
    "fp": 4576,
    "fn": 835
  },
  "jaccard": [
    0.7338052008001231
  ],
  "braycurtis": [
    0.7256192037365549
  ],
  "dice": [
    0.5795357880665938
  ],
  "cosinus": [
    0.18153800554449373
  ]
}