{
  "voc_eval_res": {
    "precision": 12.7273,
    "recall": 0.3774,
    "f-score": 0.733
  },
  "KL_res": {
    "KL divergence": 3.4510237650389017,
    "Euclidean Dist.": 0.21061414876030832,
    "WER": 0.9913702176622878,
    "CER": 0.9109235117602381,
    "Cosine Dist.": 0.9404450538445893
  },
  "occ_eval_res": {
    "precision": 10.5914,
    "recall": 1.1506,
    "f-score": 2.0758
  },
  "clean_eval": {
    "f-score": 0.09094216078574026,
    "precision": 0.0504999495000505,
    "recall": 0.45662100456621,
    "tp": 5,
    "fp": 9896,
    "fn": 1090
  },
  "jaccard": [
    0.8451945235190457
  ],
  "braycurtis": [
    0.841937984496124
  ],
  "dice": [
    0.7318934147200375
  ],
  "cosinus": [
    0.38420114061850585
  ]
}