{
  "voc_eval_res": {
    "precision": 33.4862,
    "recall": 11.1792,
    "f-score": 16.7623
  },
  "KL_res": {
    "KL divergence": 3.490188994698643,
    "Euclidean Dist.": 0.2125542553404586,
    "WER": 0.8913502109704642,
    "CER": 0.6596293311845286,
    "Cosine Dist.": 0.8211390735230794
  },
  "occ_eval_res": {
    "precision": 27.5654,
    "recall": 14.4515,
    "f-score": 18.9619
  },
  "clean_eval": {
    "f-score": 6.392045454545454,
    "precision": 4.891304347826087,
    "recall": 9.221311475409836,
    "tp": 45,
    "fp": 875,
    "fn": 443
  },
  "jaccard": [
    0.6502196688070294
  ],
  "braycurtis": [
    0.4285159662234301
  ],
  "dice": [
    0.48172258387581374
  ],
  "cosinus": [
    0.1961078352507427
  ]
}